id,account,owner,stage,amount_usd
D18427,Canyon Ridge Distribution,Lucas Reed,Proposal,74489.20
D18428,Sequoia Springs Construction,Maya Chen,Negotiation,39696.58
D18429,Canyon Crest Manufacturing,Marcus Bell,Qualified,120928.28
D18430,Maple Valley Distribution,Elena Cruz,New,103314.24
D18431,Redwood Hill Consulting,Lucas Reed,Proposal,54337.58
D18432,Mesa Grove Software,Elena Cruz,Closed Lost,155800.47
D18433,Redwood Crest Retail,Nora Patel,Qualified,17422.29
D18434,Canyon Point Consulting,Maya Chen,Proposal,36321.34
D18435,Orchard Valley Construction,Lucas Reed,Proposal,142216.59
D18436,Summit Valley Packaging,Jordan Ellis,Qualified,21200.89
D18437,Summit Creek Software,Elena Cruz,Proposal,94028.79
D18438,Sequoia Lake Logistics,Marcus Bell,Negotiation,75494.62
D18439,Silver Valley Manufacturing,Nora Patel,Negotiation,57430.32
D18440,Cedar Point Agriculture,Maya Chen,New,58066.76
D18441,Juniper Valley Consulting,Maya Chen,Qualified,58117.24
D18442,Harbor Crest Hospitality,Jordan Ellis,Qualified,72829.73
D18443,Granite Springs Distribution,Maya Chen,Closed Won,23568.40
D18444,Harbor Heights Manufacturing,Nora Patel,Closed Won,229939.20
D18445,Alder Grove Logistics,Elena Cruz,New,126711.83
D18446,Juniper Bend Dental,Nora Patel,Qualified,50291.84
D18447,Mesa Valley Medical,Priya Shah,Negotiation,72545.14
D18448,Alder Creek Medical,Jordan Ellis,Closed Won,52637.48
D18449,Cypress Park Hospitality,Jordan Ellis,Closed Won,46951.01
D18450,Birch Bend Manufacturing,Marcus Bell,Proposal,111667.66
D18451,Prairie Springs Hospitality,Elena Cruz,Qualified,96456.14
D18452,Orchard Park Hospitality,Lucas Reed,Qualified,75193.49
D18453,Orchard Point Energy,Owen Brooks,New,184313.11
D18454,Maple Heights Dental,Lucas Reed,Proposal,70063.69
D18455,Silver Point Hospitality,Jordan Ellis,Proposal,108994.05
D18456,Sequoia Grove Hospitality,Elena Cruz,Proposal,64462.70
D18457,Orchard Creek Engineering,Maya Chen,Qualified,114609.13
D18458,Granite Ridge Telecom,Nora Patel,Negotiation,86583.84
D18459,Orchard Valley Engineering,Lucas Reed,Qualified,67916.73
D18460,Aspen Valley Hospitality,Nora Patel,New,82031.79
D18461,Harbor Valley Agriculture,Priya Shah,New,83403.44
D18462,Harbor Bend Distribution,Owen Brooks,Qualified,78712.07
D18463,Redwood Heights Foods,Lucas Reed,Negotiation,73221.58
D18464,Prairie Lake Consulting,Owen Brooks,Qualified,72371.69
D18465,Copper Grove Engineering,Owen Brooks,Proposal,146993.33
D18466,Willow Point Distribution,Maya Chen,Proposal,34070.54
D18467,Harbor Hill Foods,Priya Shah,Closed Won,49045.76
D18468,Willow Crest Manufacturing,Lucas Reed,Qualified,274076.52
D18469,Redwood Springs Construction,Marcus Bell,Qualified,138852.24
D18470,Canyon Crest Construction,Elena Cruz,Qualified,189564.74
D18471,Maple Park Packaging,Priya Shah,Closed Won,51868.36
D18472,Aspen Crest Manufacturing,Elena Cruz,Qualified,50832.65
D18473,Birch Valley Manufacturing,Jordan Ellis,New,269481.13
D18474,Prairie Park Consulting,Maya Chen,New,25699.29
D18475,Summit Lake Medical,Lucas Reed,Qualified,119166.98
D18476,Cypress Heights Hospitality,Owen Brooks,Qualified,40638.98
D18477,Alder Hill Agriculture,Maya Chen,Qualified,38024.38
D18478,Harbor Hill Foods,Priya Shah,New,13829.25
D18479,Summit Grove Medical,Jordan Ellis,Qualified,203799.00
D18480,Pine Ridge Hospitality,Jordan Ellis,New,39352.97
D18481,Cypress Heights Logistics,Nora Patel,Negotiation,70469.96
D18482,Summit Bend Software,Lucas Reed,Negotiation,139958.91
D18483,Mesa Bend Medical,Nora Patel,Closed Won,97664.57
D18484,Canyon Heights Agriculture,Lucas Reed,Closed Won,73606.25
D18485,Alder Hill Packaging,Nora Patel,Negotiation,98427.35
D18486,Prairie Valley Construction,Elena Cruz,New,28655.23
D18487,Coral Point Distribution,Lucas Reed,Closed Won,96488.87
D18488,Sterling Springs Engineering,Jordan Ellis,Proposal,90076.88
D18489,Aspen Ridge Dental,Priya Shah,Closed Won,40017.32
D18490,Silver Creek Foods,Priya Shah,Closed Won,24510.63
D18491,Prairie Grove Software,Priya Shah,Closed Won,71645.08
D18492,Sterling Creek Retail,Lucas Reed,New,22728.66
D18493,Coral Ridge Consulting,Priya Shah,New,34076.20
D18494,Cypress Point Distribution,Lucas Reed,Qualified,22940.01
D18495,Summit Grove Packaging,Owen Brooks,Qualified,59229.90
D18496,Sierra Bend Consulting,Marcus Bell,New,31974.86
D18497,Harbor Grove Construction,Elena Cruz,Negotiation,35318.55
D18498,Maple Valley Packaging,Jordan Ellis,Closed Lost,129844.56
D18499,Mesa Valley Consulting,Jordan Ellis,Proposal,11103.93
D18500,Sterling Valley Consulting,Lucas Reed,Proposal,44994.42
D18501,Pine Creek Energy,Maya Chen,Proposal,212948.75
D18502,Birch Valley Logistics,Nora Patel,Closed Lost,97047.01
D18503,Laurel Springs Retail,Elena Cruz,Closed Won,62774.93
D18504,Laurel Bend Foods,Jordan Ellis,Closed Lost,45824.94
D18505,Granite Ridge Agriculture,Elena Cruz,Closed Won,101196.10
D18506,Alder Crest Distribution,Jordan Ellis,Negotiation,54861.56
D18507,Willow Crest Retail,Maya Chen,Qualified,33040.32
D18508,Sequoia Park Energy,Owen Brooks,Closed Won,283858.16
D18509,Sterling Valley Foods,Maya Chen,Qualified,21437.40
D18510,Aspen Springs Foods,Maya Chen,Negotiation,78997.32
D18511,Maple Grove Logistics,Lucas Reed,Proposal,43668.90
D18512,Redwood Heights Engineering,Lucas Reed,Qualified,56622.44
D18513,Redwood Ridge Logistics,Maya Chen,Proposal,76294.64
D18514,Aspen Hill Manufacturing,Elena Cruz,Qualified,271924.01
D18515,Birch Crest Dental,Jordan Ellis,Closed Lost,7908.67
D18516,Cedar Valley Construction,Owen Brooks,New,98168.00
D18517,Mesa Ridge Packaging,Nora Patel,Negotiation,43347.50
D18518,Mesa Springs Construction,Owen Brooks,Closed Lost,44018.79
D18519,Birch Valley Construction,Maya Chen,Negotiation,146307.22
D18520,Granite Bend Consulting,Jordan Ellis,Proposal,60356.33
D18521,Orchard Ridge Retail,Owen Brooks,Closed Won,35908.16
D18522,Cypress Bend Packaging,Owen Brooks,Closed Won,76197.74
D18523,Coral Hill Telecom,Lucas Reed,Closed Won,65460.78
D18524,Sierra Park Retail,Marcus Bell,Negotiation,87441.06
D18525,Harbor Grove Hospitality,Lucas Reed,New,87876.25
D18526,Cedar Bend Medical,Owen Brooks,Negotiation,206969.01
D18527,Sierra Hill Construction,Priya Shah,Closed Won,34982.16
D18528,Orchard Valley Telecom,Jordan Ellis,Closed Lost,44279.13
D18529,Sierra Park Hospitality,Nora Patel,New,35902.38
D18530,Granite Heights Construction,Jordan Ellis,Closed Won,78537.76
D18531,Silver Hill Engineering,Jordan Ellis,Qualified,129114.23
D18532,Juniper Heights Software,Elena Cruz,Proposal,116739.50
D18533,Copper Grove Energy,Nora Patel,Closed Won,98250.07
D18534,Laurel Point Foods,Priya Shah,Qualified,23124.90
D18535,Willow Lake Retail,Elena Cruz,New,80074.51
D18536,Laurel Grove Construction,Lucas Reed,Closed Won,188918.00
D18537,Harbor Ridge Consulting,Owen Brooks,Closed Won,29766.24
D18538,Maple Springs Telecom,Nora Patel,Qualified,58757.53
D18539,Cypress Point Hospitality,Marcus Bell,Closed Won,19860.88
D18540,Alder Park Software,Jordan Ellis,Negotiation,47333.90
D18541,Birch Crest Manufacturing,Marcus Bell,Proposal,127636.94
D18542,Laurel Hill Logistics,Owen Brooks,Closed Lost,60646.36
D18543,Mesa Grove Telecom,Priya Shah,New,123065.23
D18544,Sterling Crest Telecom,Priya Shah,Proposal,59503.29
D18545,Cypress Springs Construction,Priya Shah,New,85840.75
D18546,Mesa Lake Dental,Lucas Reed,Proposal,34320.75
D18547,Willow Heights Software,Marcus Bell,Closed Won,51542.47
D18548,Alder Grove Construction,Nora Patel,Closed Lost,42531.68
D18549,Granite Ridge Hospitality,Owen Brooks,Closed Lost,61894.08
D18550,Sequoia Heights Telecom,Elena Cruz,Qualified,196251.16
D18551,Orchard Hill Agriculture,Lucas Reed,Closed Lost,94621.87
D18552,Orchard Hill Dental,Elena Cruz,New,49460.41
D18553,Canyon Valley Hospitality,Owen Brooks,Proposal,134196.29
D18554,Birch Lake Medical,Elena Cruz,New,130350.83
D18555,Pine Lake Agriculture,Maya Chen,New,19738.14
D18556,Orchard Crest Packaging,Jordan Ellis,Qualified,56866.27
D18557,Copper Creek Consulting,Jordan Ellis,Negotiation,40085.87
D18558,Sierra Point Telecom,Jordan Ellis,Proposal,209547.15
D18559,Silver Valley Manufacturing,Nora Patel,Closed Won,104574.43
D18560,Laurel Springs Medical,Priya Shah,Closed Won,142208.44
D18561,Cedar Bend Energy,Priya Shah,Closed Lost,183692.72
D18562,Prairie Bend Medical,Elena Cruz,Proposal,69548.90
D18563,Alder Creek Foods,Marcus Bell,Qualified,38581.29
D18564,Mesa Lake Distribution,Lucas Reed,Negotiation,107861.51
D18565,Cypress Springs Distribution,Owen Brooks,New,91111.03
D18566,Pine Heights Dental,Maya Chen,Qualified,36615.23
D18567,Prairie Springs Agriculture,Jordan Ellis,Proposal,39887.61
D18568,Granite Ridge Construction,Maya Chen,Proposal,134390.58
D18569,Canyon Valley Logistics,Nora Patel,Proposal,132050.77
D18570,Laurel Lake Packaging,Owen Brooks,New,125905.86
D18571,Cypress Creek Hospitality,Marcus Bell,Qualified,94998.44
D18572,Canyon Grove Hospitality,Marcus Bell,Qualified,74834.36
D18573,Coral Heights Construction,Maya Chen,Closed Lost,73839.12
D18574,Birch Ridge Consulting,Jordan Ellis,Proposal,13369.85
D18575,Cypress Valley Foods,Jordan Ellis,Proposal,73487.63
D18576,Mesa Crest Manufacturing,Lucas Reed,Proposal,201592.45
D18577,Willow Valley Energy,Marcus Bell,Proposal,76762.53
D18578,Maple Grove Telecom,Lucas Reed,Proposal,218846.09
D18579,Redwood Crest Telecom,Nora Patel,Proposal,260066.26
D18580,Redwood Springs Energy,Elena Cruz,Negotiation,203110.74
D18581,Cypress Crest Foods,Marcus Bell,Proposal,64360.64
D18582,Maple Crest Software,Lucas Reed,Closed Lost,24332.49
D18583,Cypress Lake Foods,Jordan Ellis,Proposal,110454.68
D18584,Harbor Crest Manufacturing,Lucas Reed,New,299164.20
D18585,Sterling Point Software,Marcus Bell,Closed Won,126455.76
D18586,Juniper Hill Retail,Owen Brooks,Proposal,44487.78
D18587,Summit Grove Software,Marcus Bell,Negotiation,34641.70
D18588,Juniper Ridge Medical,Owen Brooks,Negotiation,195257.16
D18589,Summit Heights Medical,Priya Shah,Closed Won,91428.73
D18590,Canyon Lake Foods,Maya Chen,Closed Won,43200.42
D18591,Coral Springs Construction,Priya Shah,Negotiation,72499.16
D18592,Willow Grove Medical,Maya Chen,Qualified,171914.96
D18593,Sterling Ridge Manufacturing,Owen Brooks,Closed Won,350612.95
D18594,Coral Crest Logistics,Lucas Reed,Negotiation,83675.77
D18595,Juniper Bend Energy,Maya Chen,Proposal,207115.27
D18596,Sterling Springs Consulting,Elena Cruz,New,28409.22
D18597,Sterling Hill Logistics,Priya Shah,Closed Lost,58529.14
D18598,Alder Springs Engineering,Jordan Ellis,Closed Won,69067.83
D18599,Sequoia Ridge Retail,Lucas Reed,Proposal,24187.39
D18600,Silver Crest Medical,Marcus Bell,Qualified,227087.52
D18601,Willow Springs Agriculture,Lucas Reed,Closed Won,82160.44
D18602,Orchard Ridge Manufacturing,Priya Shah,Qualified,217901.39
D18603,Summit Crest Hospitality,Priya Shah,Closed Won,65292.98
D18604,Sierra Heights Medical,Jordan Ellis,New,175714.93
D18605,Sterling Park Construction,Jordan Ellis,Closed Won,117298.07
D18606,Pine Park Engineering,Marcus Bell,Negotiation,126182.39
D18607,Sterling Creek Construction,Marcus Bell,Proposal,72927.33
D18608,Sterling Lake Energy,Owen Brooks,Negotiation,193947.04
D18609,Canyon Valley Logistics,Nora Patel,Qualified,29831.30
D18610,Redwood Crest Medical,Elena Cruz,Proposal,105060.96
D18611,Aspen Lake Manufacturing,Maya Chen,Closed Lost,229558.65
D18612,Pine Ridge Telecom,Maya Chen,New,54805.27
D18613,Canyon Creek Packaging,Owen Brooks,Closed Won,22208.61
D18614,Laurel Bend Packaging,Lucas Reed,Proposal,58904.93
D18615,Copper Hill Energy,Elena Cruz,Negotiation,407732.42
D18616,Redwood Springs Consulting,Maya Chen,New,38952.25
D18617,Sequoia Crest Retail,Jordan Ellis,Closed Lost,75399.54
D18618,Alder Point Retail,Lucas Reed,Closed Won,31990.49
D18619,Coral Valley Agriculture,Marcus Bell,Qualified,49747.89
D18620,Silver Creek Engineering,Priya Shah,New,67970.04
D18621,Sierra Crest Packaging,Elena Cruz,Negotiation,69401.02
D18622,Copper Park Telecom,Maya Chen,Closed Lost,92488.79
D18623,Maple Hill Agriculture,Owen Brooks,Qualified,69114.04
D18624,Maple Springs Dental,Marcus Bell,Closed Won,66357.18
D18625,Orchard Park Energy,Lucas Reed,Qualified,48119.20
D18626,Cedar Point Hospitality,Lucas Reed,Qualified,70450.26
D18627,Silver Lake Distribution,Priya Shah,Qualified,88206.51
D18628,Laurel Ridge Logistics,Jordan Ellis,Closed Won,115132.00
D18629,Cedar Ridge Dental,Priya Shah,Closed Lost,16737.49
D18630,Birch Point Foods,Marcus Bell,Closed Lost,21303.61
D18631,Maple Crest Logistics,Jordan Ellis,Qualified,72078.36
D18632,Prairie Point Retail,Owen Brooks,Closed Lost,71174.79
D18633,Cypress Valley Software,Jordan Ellis,Closed Won,26784.42
D18634,Sterling Lake Construction,Maya Chen,Proposal,132702.38
D18635,Summit Lake Energy,Nora Patel,Qualified,172511.66
D18636,Cypress Ridge Consulting,Priya Shah,Proposal,27722.94
D18637,Sequoia Point Agriculture,Maya Chen,Qualified,99003.60
D18638,Willow Lake Hospitality,Marcus Bell,New,49605.79
D18639,Granite Crest Logistics,Elena Cruz,Proposal,53994.42
D18640,Prairie Heights Software,Lucas Reed,New,107002.51
D18641,Cypress Heights Packaging,Priya Shah,Qualified,44308.01
D18642,Sequoia Bend Agriculture,Owen Brooks,Negotiation,79926.10
D18643,Cypress Park Construction,Priya Shah,Proposal,97702.00
D18644,Mesa Hill Logistics,Maya Chen,Closed Won,38502.05
D18645,Prairie Crest Agriculture,Elena Cruz,Closed Won,74626.28
D18646,Cedar Valley Medical,Lucas Reed,Qualified,36743.83
D18647,Willow Park Agriculture,Lucas Reed,Proposal,63709.53
D18648,Silver Grove Medical,Owen Brooks,Closed Won,66880.34
D18649,Birch Lake Energy,Owen Brooks,Closed Lost,174533.33
D18650,Harbor Point Agriculture,Owen Brooks,Negotiation,28587.81
D18651,Sterling Springs Construction,Jordan Ellis,Closed Won,63783.88
D18652,Maple Lake Foods,Owen Brooks,Proposal,27207.87
D18653,Juniper Point Software,Priya Shah,Proposal,51473.18
D18654,Birch Bend Agriculture,Maya Chen,Qualified,81866.49
D18655,Laurel Ridge Engineering,Lucas Reed,Proposal,89327.81
D18656,Redwood Point Telecom,Owen Brooks,Closed Won,109047.84
D18657,Prairie Valley Consulting,Owen Brooks,New,15801.82
D18658,Willow Hill Dental,Owen Brooks,Closed Lost,46776.80
D18659,Coral Valley Consulting,Elena Cruz,Proposal,34994.64
D18660,Juniper Lake Software,Marcus Bell,Qualified,52859.52
D18661,Pine Lake Construction,Elena Cruz,Qualified,63120.41
D18662,Summit Ridge Hospitality,Elena Cruz,Qualified,110533.57
D18663,Willow Creek Dental,Maya Chen,Negotiation,68151.71
D18664,Pine Ridge Agriculture,Nora Patel,Negotiation,99390.43
D18665,Sierra Ridge Dental,Jordan Ellis,Closed Lost,24738.96
D18666,Sterling Springs Energy,Maya Chen,Qualified,41593.59
D18667,Mesa Crest Consulting,Marcus Bell,Proposal,52755.55
D18668,Cedar Valley Energy,Nora Patel,New,212597.29
D18669,Pine Point Medical,Marcus Bell,Qualified,150413.26
D18670,Pine Springs Telecom,Lucas Reed,Proposal,142680.27
D18671,Summit Bend Distribution,Maya Chen,Closed Lost,73057.39
D18672,Maple Crest Medical,Owen Brooks,Negotiation,99467.41
D18673,Cypress Grove Engineering,Owen Brooks,Negotiation,216415.79
D18674,Sierra Creek Packaging,Marcus Bell,Qualified,50509.65
D18675,Sterling Crest Energy,Lucas Reed,Proposal,79306.86
D18676,Copper Springs Retail,Maya Chen,Proposal,75405.68
D18677,Willow Ridge Manufacturing,Marcus Bell,New,140302.19
D18678,Canyon Bend Packaging,Nora Patel,Closed Won,42252.32
D18679,Birch Bend Foods,Elena Cruz,Proposal,35137.35
D18680,Cedar Crest Construction,Lucas Reed,Closed Won,91269.18
D18681,Orchard Crest Consulting,Priya Shah,Negotiation,33755.78
D18682,Copper Heights Foods,Maya Chen,Qualified,20145.85
D18683,Copper Lake Distribution,Nora Patel,Qualified,195121.73
D18684,Birch Valley Dental,Marcus Bell,Proposal,28046.99
D18685,Maple Point Manufacturing,Marcus Bell,Qualified,131462.95
D18686,Laurel Valley Foods,Marcus Bell,New,56788.86
D18687,Harbor Ridge Retail,Priya Shah,Qualified,38244.76
D18688,Sierra Point Telecom,Jordan Ellis,Proposal,169068.78
D18689,Granite Lake Dental,Owen Brooks,Negotiation,66274.43
D18690,Orchard Bend Distribution,Elena Cruz,Proposal,140994.76
D18691,Alder Bend Hospitality,Lucas Reed,Proposal,35369.19
D18692,Redwood Crest Energy,Owen Brooks,New,200945.44
D18693,Canyon Point Manufacturing,Nora Patel,Closed Won,221535.03
D18694,Alder Point Retail,Lucas Reed,Closed Won,53093.27
D18695,Copper Hill Logistics,Lucas Reed,Negotiation,92665.86
D18696,Sequoia Heights Consulting,Jordan Ellis,Closed Won,20273.72
D18697,Cypress Springs Construction,Priya Shah,Closed Won,66323.44
D18698,Harbor Bend Medical,Nora Patel,New,64426.79
D18699,Alder Bend Consulting,Owen Brooks,New,24599.40
D18700,Redwood Hill Engineering,Maya Chen,Qualified,235666.76
D18701,Coral Crest Retail,Lucas Reed,Negotiation,68930.79
D18702,Willow Crest Distribution,Owen Brooks,Proposal,19042.26
D18703,Canyon Springs Energy,Maya Chen,Proposal,157276.67
D18704,Maple Point Construction,Elena Cruz,Qualified,59067.03
D18705,Orchard Springs Distribution,Jordan Ellis,Proposal,99041.70
D18706,Redwood Valley Construction,Elena Cruz,Proposal,65555.60
D18707,Juniper Bend Medical,Marcus Bell,Closed Won,23719.14
D18708,Aspen Bend Agriculture,Owen Brooks,New,41847.73
D18709,Cedar Valley Retail,Marcus Bell,Qualified,58471.84
D18710,Juniper Lake Telecom,Lucas Reed,New,89902.68
D18711,Sierra Point Packaging,Marcus Bell,New,95452.98
D18712,Cypress Ridge Logistics,Marcus Bell,Proposal,37117.06
D18713,Sequoia Valley Engineering,Owen Brooks,Negotiation,170253.24
D18714,Sterling Park Logistics,Owen Brooks,Qualified,71975.56
D18715,Orchard Grove Packaging,Lucas Reed,Negotiation,48192.41
D18716,Sterling Bend Retail,Priya Shah,New,71072.72
D18717,Orchard Point Construction,Maya Chen,Closed Won,50337.97
D18718,Sierra Heights Consulting,Maya Chen,Proposal,35795.28
D18719,Birch Crest Dental,Jordan Ellis,New,30169.62
D18720,Silver Point Consulting,Marcus Bell,Closed Won,36019.55
D18721,Silver Creek Retail,Maya Chen,Qualified,14924.20
D18722,Harbor Grove Retail,Priya Shah,Closed Lost,14662.11
D18723,Cedar Valley Dental,Elena Cruz,Proposal,21968.73
D18724,Orchard Lake Retail,Jordan Ellis,Qualified,21686.98
D18725,Canyon Crest Energy,Lucas Reed,Closed Won,198341.73
D18726,Pine Creek Logistics,Owen Brooks,Closed Won,118926.33
D18727,Copper Grove Medical,Lucas Reed,Closed Won,75704.78
D18728,Sierra Crest Hospitality,Jordan Ellis,Proposal,116387.03
D18729,Harbor Point Agriculture,Owen Brooks,Closed Lost,67724.70
D18730,Birch Park Manufacturing,Priya Shah,Negotiation,109244.21
D18731,Aspen Creek Software,Elena Cruz,Negotiation,65794.01
D18732,Sierra Park Foods,Owen Brooks,Negotiation,69204.16
D18733,Birch Heights Foods,Owen Brooks,Proposal,43230.78
D18734,Cedar Heights Consulting,Jordan Ellis,Closed Won,23654.51
D18735,Laurel Heights Software,Elena Cruz,Proposal,31316.59
D18736,Prairie Lake Medical,Maya Chen,New,221892.82
D18737,Harbor Park Logistics,Marcus Bell,Negotiation,167648.44
D18738,Harbor Heights Medical,Jordan Ellis,Proposal,135823.78
D18739,Harbor Park Packaging,Jordan Ellis,Proposal,19269.63
D18740,Birch Park Agriculture,Marcus Bell,Negotiation,53558.90
D18741,Juniper Point Construction,Priya Shah,Negotiation,104162.13
D18742,Prairie Grove Dental,Owen Brooks,Qualified,40374.61
D18743,Harbor Heights Dental,Priya Shah,Negotiation,8007.81
D18744,Aspen Creek Engineering,Elena Cruz,Proposal,150724.89
D18745,Granite Lake Consulting,Marcus Bell,Proposal,26475.62
D18746,Harbor Ridge Hospitality,Lucas Reed,Closed Won,70708.74
D18747,Aspen Grove Packaging,Owen Brooks,Negotiation,16284.08
D18748,Summit Valley Agriculture,Lucas Reed,Negotiation,71615.58
D18749,Maple Springs Engineering,Maya Chen,Qualified,108626.64
D18750,Orchard Ridge Distribution,Nora Patel,Closed Won,56862.04
D18751,Willow Crest Software,Priya Shah,Proposal,41006.65
D18752,Alder Bend Engineering,Elena Cruz,Closed Won,104970.79
D18753,Granite Bend Retail,Elena Cruz,Closed Won,50737.58
D18754,Mesa Park Distribution,Elena Cruz,Negotiation,70537.25
D18755,Copper Grove Dental,Elena Cruz,Proposal,38971.07
D18756,Cypress Grove Consulting,Priya Shah,Closed Won,27903.85
D18757,Alder Park Packaging,Lucas Reed,Negotiation,52706.25
D18758,Sequoia Bend Manufacturing,Elena Cruz,New,382668.72
D18759,Birch Lake Software,Maya Chen,Closed Lost,34622.46
D18760,Aspen Crest Logistics,Jordan Ellis,Proposal,67870.58
D18761,Sequoia Point Retail,Priya Shah,New,37011.77
D18762,Mesa Springs Foods,Owen Brooks,New,53254.98
D18763,Willow Grove Engineering,Elena Cruz,Qualified,73425.43
D18764,Juniper Springs Retail,Elena Cruz,Qualified,98664.17
D18765,Laurel Bend Dental,Nora Patel,Qualified,67682.90
D18766,Willow Hill Energy,Jordan Ellis,Negotiation,105767.00
D18767,Sequoia Heights Packaging,Maya Chen,Qualified,31858.01
D18768,Granite Hill Construction,Nora Patel,Qualified,45135.41
D18769,Sterling Point Hospitality,Elena Cruz,Closed Won,95950.15
D18770,Canyon Heights Energy,Nora Patel,Negotiation,236448.23
D18771,Sierra Point Foods,Lucas Reed,Proposal,32941.71
D18772,Canyon Valley Distribution,Marcus Bell,New,43828.06
D18773,Sierra Valley Engineering,Nora Patel,Closed Won,163327.79
D18774,Prairie Bend Telecom,Nora Patel,New,139254.90
D18775,Summit Springs Manufacturing,Jordan Ellis,Closed Won,96213.40
D18776,Cypress Point Energy,Marcus Bell,Closed Won,136188.41
D18777,Coral Ridge Agriculture,Lucas Reed,Closed Lost,62192.12
D18778,Cypress Park Telecom,Maya Chen,New,133466.10
D18779,Maple Valley Agriculture,Lucas Reed,New,29045.24
D18780,Cedar Creek Retail,Priya Shah,Proposal,36616.36
D18781,Mesa Lake Medical,Priya Shah,Negotiation,58736.53
D18782,Sequoia Lake Construction,Owen Brooks,Closed Lost,98357.75
D18783,Juniper Park Engineering,Nora Patel,Qualified,198465.29
D18784,Willow Point Agriculture,Owen Brooks,Proposal,98584.97
D18785,Alder Point Engineering,Marcus Bell,New,74215.24
D18786,Sterling Lake Consulting,Lucas Reed,New,21422.28
D18787,Coral Point Manufacturing,Owen Brooks,Closed Won,253994.49
D18788,Coral Point Retail,Elena Cruz,New,29730.88
D18789,Copper Lake Retail,Owen Brooks,Closed Won,20942.59
D18790,Silver Hill Telecom,Owen Brooks,Proposal,139312.41
D18791,Coral Creek Medical,Priya Shah,Closed Lost,46899.08
D18792,Cypress Point Packaging,Maya Chen,Closed Won,77070.04
D18793,Mesa Creek Medical,Owen Brooks,Closed Won,164302.01
D18794,Sequoia Lake Engineering,Owen Brooks,Negotiation,140681.89
D18795,Cypress Ridge Agriculture,Lucas Reed,New,47245.86
D18796,Juniper Bend Logistics,Owen Brooks,New,24843.56
D18797,Coral Ridge Consulting,Priya Shah,Qualified,32427.06
D18798,Canyon Point Medical,Jordan Ellis,Proposal,75177.81
D18799,Harbor Hill Packaging,Elena Cruz,Proposal,105316.08
D18800,Redwood Point Telecom,Owen Brooks,Closed Won,133546.70
D18801,Summit Lake Logistics,Marcus Bell,Closed Lost,56505.95
D18802,Juniper Grove Telecom,Jordan Ellis,New,103530.92
D18803,Sequoia Springs Distribution,Marcus Bell,Qualified,34851.74
D18804,Coral Hill Consulting,Maya Chen,Proposal,55669.15
D18805,Harbor Creek Distribution,Maya Chen,Negotiation,72772.95
D18806,Orchard Creek Software,Maya Chen,Qualified,27865.21
D18807,Sierra Point Engineering,Lucas Reed,Negotiation,174395.13
D18808,Willow Lake Manufacturing,Owen Brooks,Proposal,315055.33
D18809,Coral Crest Telecom,Lucas Reed,Proposal,54777.89
D18810,Sierra Bend Manufacturing,Lucas Reed,Closed Won,89773.64
D18811,Juniper Bend Consulting,Elena Cruz,Negotiation,14173.96
D18812,Mesa Crest Agriculture,Nora Patel,Qualified,64034.85
D18813,Granite Ridge Dental,Marcus Bell,Qualified,36840.51
D18814,Canyon Lake Distribution,Marcus Bell,Proposal,66153.60
D18815,Sierra Point Manufacturing,Elena Cruz,Negotiation,285206.05
D18816,Coral Grove Packaging,Jordan Ellis,Closed Won,62421.06
D18817,Birch Springs Distribution,Nora Patel,Closed Won,47042.31
D18818,Coral Point Retail,Elena Cruz,Negotiation,33010.74
D18819,Redwood Heights Engineering,Lucas Reed,Closed Won,82525.23
D18820,Summit Hill Distribution,Maya Chen,New,25223.50
D18821,Willow Bend Agriculture,Nora Patel,Negotiation,78309.42
D18822,Redwood Crest Energy,Owen Brooks,Closed Lost,142047.28
D18823,Copper Valley Hospitality,Maya Chen,Qualified,12222.95
D18824,Redwood Creek Software,Jordan Ellis,Closed Lost,46748.97
D18825,Sierra Ridge Agriculture,Maya Chen,Qualified,129991.56
D18826,Cedar Hill Dental,Maya Chen,Proposal,65620.71
D18827,Mesa Hill Manufacturing,Lucas Reed,Closed Won,119894.67
D18828,Willow Hill Telecom,Maya Chen,Proposal,99431.44
D18829,Maple Grove Agriculture,Jordan Ellis,Negotiation,89581.73
D18830,Mesa Creek Engineering,Lucas Reed,Negotiation,173377.80
D18831,Alder Bend Packaging,Nora Patel,Qualified,121077.00
D18832,Orchard Bend Hospitality,Nora Patel,Closed Won,47820.11
D18833,Mesa Springs Energy,Nora Patel,Negotiation,85621.61
D18834,Pine Park Agriculture,Jordan Ellis,Closed Won,79292.03
D18835,Prairie Grove Foods,Priya Shah,Closed Won,46217.41
D18836,Harbor Lake Energy,Marcus Bell,Closed Won,123879.65
D18837,Sierra Point Foods,Lucas Reed,Closed Won,43083.98
D18838,Coral Valley Software,Jordan Ellis,Proposal,41903.68
D18839,Maple Hill Software,Lucas Reed,Proposal,36528.70
D18840,Maple Creek Telecom,Priya Shah,Proposal,95579.60
D18841,Redwood Valley Retail,Priya Shah,Proposal,44498.15
D18842,Redwood Hill Telecom,Nora Patel,Proposal,23280.86
D18843,Harbor Grove Consulting,Owen Brooks,New,20171.70
D18844,Sierra Hill Telecom,Maya Chen,Negotiation,89847.71
D18845,Juniper Bend Manufacturing,Priya Shah,Closed Lost,108809.81
D18846,Pine Lake Distribution,Jordan Ellis,Negotiation,100122.15
D18847,Aspen Valley Hospitality,Nora Patel,Qualified,129217.80
D18848,Cypress Grove Dental,Elena Cruz,Qualified,52523.64
D18849,Maple Point Foods,Elena Cruz,Negotiation,62722.72
D18850,Coral Grove Logistics,Marcus Bell,Qualified,60061.22
D18851,Juniper Springs Dental,Lucas Reed,Negotiation,77260.01
D18852,Birch Crest Software,Elena Cruz,Closed Lost,119610.98
D18853,Harbor Grove Agriculture,Maya Chen,Closed Won,55870.64
D18854,Laurel Crest Dental,Nora Patel,Negotiation,21755.34
D18855,Canyon Springs Telecom,Owen Brooks,Proposal,35490.55
D18856,Mesa Park Packaging,Jordan Ellis,Qualified,47808.51
D18857,Pine Bend Hospitality,Owen Brooks,Qualified,64878.66
D18858,Harbor Heights Agriculture,Jordan Ellis,Proposal,18305.45
D18859,Mesa Heights Distribution,Priya Shah,Proposal,75664.28
D18860,Summit Ridge Dental,Priya Shah,Closed Lost,38242.39
D18861,Pine Point Distribution,Nora Patel,Qualified,62832.62
D18862,Canyon Hill Construction,Elena Cruz,Proposal,85972.54
D18863,Harbor Valley Construction,Nora Patel,Closed Lost,67108.59
D18864,Canyon Springs Distribution,Nora Patel,Closed Lost,158807.06
D18865,Cedar Bend Manufacturing,Elena Cruz,Closed Won,116594.34
D18866,Copper Springs Consulting,Marcus Bell,Closed Lost,63513.34
D18867,Coral Bend Medical,Jordan Ellis,Qualified,216655.51
D18868,Copper Bend Construction,Marcus Bell,Negotiation,136938.82
D18869,Maple Point Medical,Maya Chen,Qualified,68807.21
D18870,Summit Point Telecom,Priya Shah,Negotiation,150128.65
D18871,Coral Point Retail,Elena Cruz,Qualified,52612.39
D18872,Cypress Heights Dental,Marcus Bell,Proposal,24160.74
D18873,Alder Springs Retail,Owen Brooks,Negotiation,43615.93
D18874,Alder Springs Dental,Nora Patel,Qualified,7885.39
D18875,Canyon Heights Manufacturing,Maya Chen,Qualified,101710.67
D18876,Coral Valley Hospitality,Maya Chen,Negotiation,37985.89
D18877,Pine Crest Engineering,Maya Chen,Negotiation,118737.16
D18878,Aspen Park Dental,Marcus Bell,Qualified,22547.73
D18879,Sequoia Hill Software,Lucas Reed,Proposal,79871.44
D18880,Alder Heights Foods,Owen Brooks,New,100334.24
D18881,Orchard Park Agriculture,Maya Chen,Qualified,130028.70
D18882,Granite Hill Distribution,Lucas Reed,Closed Lost,124218.75
D18883,Summit Valley Medical,Lucas Reed,Proposal,127830.68
D18884,Harbor Lake Construction,Nora Patel,Proposal,101873.57
D18885,Aspen Crest Dental,Maya Chen,Qualified,10011.66
D18886,Harbor Ridge Foods,Elena Cruz,Closed Won,46447.17
D18887,Redwood Crest Hospitality,Owen Brooks,New,46952.99
D18888,Laurel Grove Retail,Jordan Ellis,Proposal,52756.33
D18889,Cypress Grove Manufacturing,Maya Chen,Closed Won,171109.58
D18890,Redwood Bend Software,Maya Chen,New,37934.90
D18891,Silver Park Distribution,Lucas Reed,Qualified,50986.48
D18892,Orchard Springs Telecom,Priya Shah,Negotiation,47339.10
D18893,Silver Grove Telecom,Jordan Ellis,Proposal,71465.21
D18894,Sequoia Creek Medical,Maya Chen,New,153088.38
D18895,Mesa Valley Construction,Nora Patel,New,113792.08
D18896,Orchard Valley Logistics,Jordan Ellis,Proposal,28032.05
D18897,Granite Crest Manufacturing,Owen Brooks,New,81851.11
D18898,Birch Grove Manufacturing,Owen Brooks,Qualified,189358.12
D18899,Redwood Springs Logistics,Lucas Reed,Closed Lost,94069.69
D18900,Summit Park Telecom,Nora Patel,Closed Lost,44395.66
D18901,Orchard Crest Distribution,Elena Cruz,Proposal,122898.62
D18902,Willow Ridge Consulting,Owen Brooks,Closed Won,60380.63
D18903,Willow Crest Software,Priya Shah,Closed Lost,106390.58
D18904,Juniper Lake Dental,Priya Shah,Proposal,34395.29
D18905,Birch Valley Dental,Marcus Bell,Negotiation,58374.41
D18906,Pine Creek Engineering,Jordan Ellis,New,63406.62
D18907,Willow Grove Retail,Priya Shah,Proposal,94689.62
D18908,Alder Crest Software,Elena Cruz,New,47089.92
D18909,Maple Lake Dental,Elena Cruz,Closed Lost,31156.68
D18910,Sterling Hill Telecom,Priya Shah,New,51686.92
D18911,Willow Creek Foods,Lucas Reed,Proposal,47758.26
D18912,Juniper Bend Logistics,Owen Brooks,Negotiation,85414.32
D18913,Orchard Valley Manufacturing,Elena Cruz,Proposal,318228.99
D18914,Willow Lake Distribution,Lucas Reed,Qualified,25474.58
D18915,Prairie Valley Logistics,Priya Shah,Proposal,92332.90
D18916,Prairie Crest Software,Maya Chen,Closed Won,101155.06
D18917,Sterling Point Packaging,Owen Brooks,Qualified,30303.89
D18918,Canyon Valley Medical,Elena Cruz,Negotiation,51029.05
D18919,Pine Bend Logistics,Nora Patel,Closed Won,142494.77
D18920,Cedar Springs Construction,Maya Chen,Closed Lost,92446.74
D18921,Aspen Point Retail,Priya Shah,Negotiation,44695.81
D18922,Redwood Creek Packaging,Lucas Reed,New,85587.79
D18923,Willow Crest Foods,Priya Shah,Closed Won,84496.44
D18924,Willow Crest Agriculture,Nora Patel,Proposal,88877.07
D18925,Sierra Valley Software,Nora Patel,Negotiation,59485.44
D18926,Birch Park Medical,Marcus Bell,Closed Lost,30884.88
D18927,Cypress Hill Packaging,Owen Brooks,Closed Lost,85266.57
D18928,Sequoia Point Telecom,Priya Shah,Negotiation,179957.98
D18929,Cypress Crest Telecom,Lucas Reed,New,59165.05
D18930,Willow Park Logistics,Marcus Bell,Qualified,27236.21
D18931,Pine Heights Software,Lucas Reed,Proposal,48380.91
D18932,Granite Springs Logistics,Jordan Ellis,Qualified,26702.81
D18933,Maple Park Agriculture,Elena Cruz,Closed Won,137906.27
D18934,Cypress Hill Foods,Marcus Bell,Qualified,64794.29
D18935,Laurel Crest Distribution,Nora Patel,Proposal,121025.00
D18936,Cypress Park Medical,Nora Patel,Closed Won,30995.96
D18937,Sterling Ridge Distribution,Lucas Reed,Negotiation,39317.85
D18938,Sequoia Crest Foods,Lucas Reed,Proposal,43049.62
D18939,Alder Grove Retail,Elena Cruz,Qualified,25017.22
D18940,Granite Creek Retail,Marcus Bell,Proposal,25739.00
D18941,Copper Hill Logistics,Lucas Reed,Qualified,91143.13
D18942,Summit Springs Energy,Owen Brooks,Closed Won,159041.56
D18943,Cedar Valley Construction,Owen Brooks,New,183476.16
D18944,Prairie Springs Agriculture,Jordan Ellis,Closed Lost,126365.40
D18945,Laurel Crest Engineering,Jordan Ellis,Qualified,31903.83
D18946,Birch Hill Energy,Lucas Reed,Negotiation,113386.51
D18947,Juniper Lake Consulting,Maya Chen,Closed Won,72997.71
D18948,Sequoia Ridge Telecom,Lucas Reed,Qualified,65752.14
D18949,Aspen Lake Engineering,Owen Brooks,Qualified,169585.19
D18950,Willow Ridge Engineering,Elena Cruz,Proposal,80082.98
D18951,Willow Grove Retail,Priya Shah,New,74874.58
D18952,Laurel Creek Construction,Priya Shah,Closed Won,188446.95
D18953,Sequoia Park Dental,Marcus Bell,Proposal,57404.36
D18954,Canyon Lake Agriculture,Elena Cruz,New,38885.76
D18955,Willow Park Medical,Lucas Reed,Negotiation,99014.86
D18956,Cypress Lake Engineering,Jordan Ellis,Proposal,119824.21
D18957,Canyon Lake Distribution,Marcus Bell,New,71109.75
D18958,Orchard Hill Engineering,Owen Brooks,Closed Won,113760.76
D18959,Coral Hill Distribution,Priya Shah,Proposal,24093.95
D18960,Juniper Valley Consulting,Maya Chen,New,55239.79
D18961,Orchard Creek Retail,Nora Patel,Proposal,59981.59
D18962,Sequoia Bend Engineering,Lucas Reed,Closed Won,124144.02
D18963,Sierra Creek Manufacturing,Elena Cruz,Qualified,52547.46
D18964,Aspen Crest Distribution,Maya Chen,New,160295.86
D18965,Cypress Valley Telecom,Owen Brooks,Negotiation,78461.01
D18966,Orchard Springs Foods,Elena Cruz,Qualified,21297.96
D18967,Sequoia Creek Medical,Maya Chen,Closed Won,38954.98
D18968,Harbor Valley Telecom,Elena Cruz,Qualified,208487.42
D18969,Sierra Hill Distribution,Owen Brooks,Qualified,64590.04
D18970,Aspen Bend Medical,Owen Brooks,Proposal,78561.43
D18971,Orchard Ridge Software,Jordan Ellis,New,46859.00
D18972,Willow Point Hospitality,Priya Shah,Negotiation,87830.92
D18973,Sterling Point Software,Marcus Bell,Closed Won,32587.48
D18974,Cypress Grove Engineering,Owen Brooks,Qualified,108999.86
D18975,Summit Ridge Telecom,Lucas Reed,Proposal,92624.18
D18976,Copper Lake Hospitality,Maya Chen,Proposal,79278.14
D18977,Mesa Grove Agriculture,Maya Chen,Closed Lost,59499.27
D18978,Juniper Valley Engineering,Marcus Bell,Proposal,109780.89
D18979,Prairie Park Manufacturing,Nora Patel,Negotiation,87173.12
D18980,Granite Valley Dental,Owen Brooks,Closed Lost,13259.35
D18981,Orchard Lake Telecom,Jordan Ellis,Qualified,190157.40
D18982,Laurel Park Engineering,Nora Patel,Closed Won,150274.56
D18983,Granite Heights Hospitality,Maya Chen,Qualified,49407.61
D18984,Maple Bend Energy,Priya Shah,Closed Won,190437.38
D18985,Granite Heights Medical,Marcus Bell,Proposal,19506.73
D18986,Granite Grove Packaging,Priya Shah,Negotiation,17568.23
D18987,Orchard Valley Manufacturing,Elena Cruz,Qualified,86140.10
D18988,Copper Creek Energy,Marcus Bell,Closed Lost,114236.12
D18989,Aspen Creek Software,Elena Cruz,Negotiation,32497.73
D18990,Granite Hill Telecom,Elena Cruz,Proposal,187674.20
D18991,Juniper Lake Hospitality,Elena Cruz,Negotiation,61533.29
D18992,Orchard Grove Packaging,Lucas Reed,Qualified,112098.02
D18993,Summit Bend Distribution,Maya Chen,Closed Won,106798.31
D18994,Summit Bend Telecom,Jordan Ellis,Proposal,107324.57
D18995,Sterling Heights Energy,Nora Patel,New,51392.95
D18996,Cypress Grove Consulting,Priya Shah,Proposal,20829.80
D18997,Granite Ridge Construction,Maya Chen,New,42126.70
D18998,Juniper Valley Engineering,Marcus Bell,Closed Won,43363.21
D18999,Prairie Grove Packaging,Elena Cruz,Qualified,59286.76
D19000,Maple Crest Engineering,Lucas Reed,Qualified,51109.87
D19001,Cedar Point Logistics,Priya Shah,Negotiation,32719.58
D19002,Silver Lake Software,Marcus Bell,Qualified,30669.94
D19003,Willow Springs Engineering,Owen Brooks,Negotiation,101049.84
D19004,Summit Springs Foods,Maya Chen,Negotiation,102052.55
D19005,Harbor Grove Foods,Elena Cruz,New,56112.45
D19006,Birch Crest Engineering,Elena Cruz,Qualified,85657.95
D19007,Redwood Point Telecom,Owen Brooks,Qualified,106379.37
D19008,Coral Park Construction,Priya Shah,New,50984.21
D19009,Willow Lake Retail,Elena Cruz,Qualified,72211.44
D19010,Sterling Heights Retail,Marcus Bell,Proposal,16142.74
D19011,Summit Grove Distribution,Priya Shah,Qualified,114347.34
D19012,Birch Hill Hospitality,Lucas Reed,Proposal,114315.29
D19013,Silver Springs Agriculture,Priya Shah,New,39080.21
D19014,Canyon Point Construction,Marcus Bell,Qualified,159298.31
D19015,Canyon Grove Construction,Nora Patel,New,51516.87
D19016,Canyon Heights Retail,Marcus Bell,Closed Lost,39423.31
D19017,Alder Bend Retail,Priya Shah,Qualified,60271.99
D19018,Coral Valley Manufacturing,Priya Shah,Qualified,269056.40
D19019,Granite Bend Packaging,Maya Chen,Qualified,129617.41
D19020,Harbor Crest Manufacturing,Lucas Reed,Proposal,135540.84
D19021,Copper Valley Construction,Jordan Ellis,Qualified,60715.61
D19022,Prairie Springs Engineering,Marcus Bell,Closed Lost,65474.09
D19023,Summit Valley Logistics,Marcus Bell,Negotiation,23361.20
D19024,Sierra Bend Consulting,Marcus Bell,Closed Won,52906.62
D19025,Granite Valley Consulting,Marcus Bell,Qualified,59874.01
D19026,Redwood Crest Packaging,Priya Shah,Proposal,71712.75
D19027,Coral Ridge Engineering,Owen Brooks,New,83998.04
D19028,Granite Hill Engineering,Nora Patel,Qualified,167247.93
D19029,Birch Park Foods,Jordan Ellis,Closed Won,70765.48
D19030,Granite Heights Medical,Marcus Bell,Closed Lost,210393.02
D19031,Alder Lake Dental,Marcus Bell,New,62563.20
D19032,Canyon Grove Logistics,Elena Cruz,Qualified,79045.71
D19033,Birch Bend Logistics,Priya Shah,New,34380.73
D19034,Prairie Lake Medical,Maya Chen,New,51518.80
D19035,Aspen Crest Construction,Lucas Reed,Closed Won,67743.68
D19036,Silver Park Medical,Priya Shah,Qualified,34829.71
D19037,Pine Bend Medical,Elena Cruz,Qualified,178441.54
D19038,Harbor Springs Agriculture,Lucas Reed,Negotiation,79167.13
D19039,Summit Grove Manufacturing,Nora Patel,Negotiation,104840.57
D19040,Cedar Grove Engineering,Marcus Bell,Closed Won,48374.14
D19041,Cedar Ridge Construction,Marcus Bell,Closed Won,15835.47
D19042,Harbor Point Manufacturing,Elena Cruz,Proposal,248977.38
D19043,Alder Hill Hospitality,Lucas Reed,Closed Lost,33423.02
D19044,Sequoia Point Engineering,Elena Cruz,Qualified,61612.90
D19045,Granite Heights Packaging,Lucas Reed,Closed Won,41680.37
D19046,Aspen Park Packaging,Priya Shah,Proposal,83556.90
D19047,Coral Heights Manufacturing,Jordan Ellis,Qualified,185559.65
D19048,Juniper Creek Hospitality,Jordan Ellis,Negotiation,72771.68
D19049,Sequoia Point Engineering,Elena Cruz,Closed Won,143132.87
D19050,Maple Bend Energy,Priya Shah,New,156603.15
D19051,Pine Springs Retail,Lucas Reed,Negotiation,53724.49
D19052,Laurel Point Dental,Owen Brooks,Qualified,40590.07
D19053,Juniper Creek Medical,Nora Patel,New,179878.19
D19054,Sierra Heights Retail,Lucas Reed,Qualified,23104.47
D19055,Orchard Ridge Construction,Jordan Ellis,Closed Won,102296.32
D19056,Silver Bend Engineering,Jordan Ellis,Proposal,120582.60
D19057,Harbor Valley Telecom,Elena Cruz,Qualified,176528.70
D19058,Willow Creek Construction,Lucas Reed,Qualified,48310.69
D19059,Cypress Creek Energy,Marcus Bell,Proposal,313607.84
D19060,Juniper Hill Telecom,Owen Brooks,New,210928.86
D19061,Cedar Heights Medical,Priya Shah,New,137257.94
D19062,Silver Hill Manufacturing,Priya Shah,Qualified,93941.41
D19063,Maple Park Consulting,Lucas Reed,Proposal,64184.89
D19064,Summit Hill Dental,Maya Chen,Closed Won,57735.07
D19065,Summit Springs Medical,Elena Cruz,Negotiation,155554.31
D19066,Aspen Creek Packaging,Nora Patel,Qualified,27474.31
D19067,Pine Springs Software,Marcus Bell,Closed Lost,79263.11
D19068,Orchard Grove Foods,Jordan Ellis,Negotiation,34742.80
D19069,Redwood Valley Consulting,Owen Brooks,Closed Won,71737.03
D19070,Prairie Ridge Manufacturing,Lucas Reed,Qualified,156890.56
D19071,Copper Park Foods,Priya Shah,Closed Lost,13342.43
D19072,Sierra Park Consulting,Priya Shah,Closed Lost,75410.71
D19073,Laurel Hill Software,Jordan Ellis,Qualified,137610.84
D19074,Alder Point Hospitality,Elena Cruz,Proposal,22762.56
D19075,Pine Point Logistics,Owen Brooks,Closed Lost,101807.92
D19076,Laurel Springs Software,Nora Patel,Qualified,62368.79
D19077,Granite Heights Construction,Jordan Ellis,Closed Won,102482.80
D19078,Redwood Springs Engineering,Marcus Bell,Closed Won,206710.43
D19079,Summit Crest Logistics,Jordan Ellis,Closed Lost,120146.91
D19080,Pine Creek Telecom,Owen Brooks,Negotiation,160680.12
D19081,Silver Point Construction,Priya Shah,Negotiation,105130.38
D19082,Canyon Springs Hospitality,Maya Chen,Negotiation,46482.78
D19083,Willow Creek Medical,Owen Brooks,Closed Lost,150954.03
D19084,Cedar Hill Manufacturing,Elena Cruz,Closed Won,99835.56
D19085,Mesa Grove Medical,Maya Chen,Closed Won,108633.26
D19086,Cypress Lake Packaging,Lucas Reed,Proposal,95064.43
D19087,Pine Bend Software,Maya Chen,Qualified,64139.43
D19088,Coral Heights Agriculture,Elena Cruz,Closed Won,52566.86
D19089,Cypress Park Dental,Owen Brooks,Closed Won,23343.92
D19090,Sequoia Bend Hospitality,Priya Shah,New,60807.67
D19091,Pine Springs Logistics,Lucas Reed,Proposal,37099.78
D19092,Cedar Ridge Dental,Priya Shah,Closed Won,56403.65
D19093,Juniper Ridge Engineering,Lucas Reed,Qualified,130473.03
D19094,Alder Bend Logistics,Priya Shah,Qualified,59603.07
D19095,Prairie Crest Packaging,Priya Shah,Closed Won,95161.65
D19096,Alder Springs Foods,Jordan Ellis,Qualified,80369.80
D19097,Sierra Heights Medical,Jordan Ellis,Qualified,43915.95
D19098,Pine Crest Hospitality,Owen Brooks,Negotiation,40174.91
D19099,Sierra Park Consulting,Priya Shah,Proposal,29925.61
D19100,Maple Crest Distribution,Maya Chen,Closed Won,47945.45
D19101,Maple Crest Packaging,Marcus Bell,Closed Lost,32255.41
D19102,Copper Heights Foods,Maya Chen,Closed Lost,27632.91
D19103,Coral Creek Distribution,Lucas Reed,Qualified,63419.25
D19104,Prairie Ridge Retail,Maya Chen,Proposal,62754.53
D19105,Aspen Crest Hospitality,Priya Shah,Proposal,33893.32
D19106,Willow Hill Telecom,Maya Chen,Qualified,45904.65
D19107,Coral Springs Dental,Owen Brooks,Negotiation,12524.21
D19108,Pine Bend Software,Maya Chen,Qualified,64281.52
D19109,Juniper Ridge Telecom,Jordan Ellis,New,128337.57
D19110,Sequoia Point Energy,Lucas Reed,New,149238.13
D19111,Maple Point Distribution,Jordan Ellis,Qualified,57043.06
D19112,Silver Point Distribution,Owen Brooks,Closed Won,62835.87
D19113,Prairie Lake Packaging,Nora Patel,New,48368.34
D19114,Alder Park Consulting,Elena Cruz,Proposal,23144.11
D19115,Aspen Grove Construction,Marcus Bell,Proposal,114511.27
D19116,Juniper Ridge Hospitality,Priya Shah,New,22084.74
D19117,Maple Grove Manufacturing,Nora Patel,Closed Lost,224988.40
D19118,Cedar Heights Energy,Marcus Bell,Negotiation,149076.05
D19119,Cedar Ridge Hospitality,Elena Cruz,Negotiation,121073.05
D19120,Willow Hill Packaging,Elena Cruz,Closed Won,107045.16
D19121,Summit Valley Consulting,Priya Shah,Proposal,57451.90
D19122,Cypress Lake Consulting,Elena Cruz,Closed Won,70839.23
D19123,Sierra Point Engineering,Lucas Reed,Closed Won,84329.11
D19124,Canyon Hill Distribution,Jordan Ellis,Negotiation,37358.93
D19125,Aspen Point Construction,Elena Cruz,Closed Won,52984.85
D19126,Sierra Grove Manufacturing,Marcus Bell,Proposal,162005.81
D19127,Redwood Bend Medical,Elena Cruz,Qualified,123957.72
D19128,Sierra Ridge Manufacturing,Marcus Bell,Negotiation,118185.54
D19129,Sequoia Springs Logistics,Nora Patel,New,34817.21
D19130,Willow Hill Manufacturing,Lucas Reed,Closed Won,187187.35
D19131,Pine Point Manufacturing,Priya Shah,Proposal,67906.04
D19132,Coral Crest Distribution,Priya Shah,Closed Lost,146624.38
D19133,Sequoia Crest Telecom,Jordan Ellis,New,148726.77
D19134,Prairie Creek Logistics,Owen Brooks,Negotiation,111904.19
D19135,Cedar Heights Engineering,Nora Patel,Qualified,44088.25
D19136,Sierra Ridge Software,Elena Cruz,Closed Won,69483.44
D19137,Summit Heights Consulting,Jordan Ellis,Closed Won,44525.02
D19138,Sterling Valley Hospitality,Owen Brooks,Proposal,124826.59
D19139,Pine Ridge Medical,Nora Patel,Proposal,40907.48
D19140,Aspen Ridge Engineering,Marcus Bell,Proposal,142878.36
D19141,Laurel Lake Retail,Lucas Reed,Proposal,8565.60
D19142,Mesa Hill Telecom,Maya Chen,Negotiation,63729.73
D19143,Copper Creek Distribution,Lucas Reed,New,106959.89
D19144,Laurel Lake Distribution,Priya Shah,Qualified,47275.12
D19145,Summit Ridge Medical,Jordan Ellis,Proposal,76142.22
D19146,Birch Grove Medical,Priya Shah,Proposal,73904.19
D19147,Laurel Bend Energy,Maya Chen,Closed Won,391959.15
D19148,Aspen Park Agriculture,Elena Cruz,Proposal,99084.72
D19149,Alder Bend Telecom,Priya Shah,Closed Lost,30153.30
D19150,Sierra Point Consulting,Nora Patel,Qualified,55583.19
D19151,Summit Valley Engineering,Owen Brooks,Negotiation,125217.40
D19152,Silver Bend Dental,Nora Patel,Qualified,64779.23
D19153,Sterling Crest Dental,Jordan Ellis,Closed Won,38306.77
D19154,Canyon Bend Dental,Jordan Ellis,New,40330.70
D19155,Maple Springs Software,Maya Chen,New,64354.48
D19156,Orchard Creek Packaging,Priya Shah,Closed Won,103764.96
D19157,Redwood Lake Foods,Elena Cruz,Proposal,46020.68
D19158,Summit Lake Retail,Marcus Bell,Closed Won,22827.21
D19159,Orchard Heights Foods,Priya Shah,Proposal,60301.06
D19160,Sterling Grove Distribution,Lucas Reed,New,78809.65
D19161,Sierra Hill Telecom,Maya Chen,Proposal,35598.13
D19162,Birch Grove Dental,Lucas Reed,Qualified,14830.87
D19163,Birch Valley Energy,Owen Brooks,Proposal,317457.52
D19164,Alder Heights Packaging,Jordan Ellis,Closed Won,49468.13
D19165,Cedar Point Manufacturing,Marcus Bell,Negotiation,86868.41
D19166,Mesa Valley Distribution,Lucas Reed,Proposal,126515.19
D19167,Juniper Creek Software,Priya Shah,Closed Won,32169.86
D19168,Sierra Point Dental,Maya Chen,Closed Won,71102.54
D19169,Sierra Ridge Retail,Priya Shah,New,91172.03
D19170,Sterling Valley Consulting,Lucas Reed,Closed Lost,18228.09
D19171,Orchard Grove Construction,Jordan Ellis,New,87361.09
D19172,Canyon Bend Packaging,Nora Patel,Closed Won,66581.15
D19173,Coral Springs Manufacturing,Lucas Reed,Proposal,303699.97
D19174,Silver Valley Packaging,Owen Brooks,Proposal,120001.10
D19175,Orchard Lake Engineering,Lucas Reed,Proposal,68569.34
D19176,Harbor Park Packaging,Jordan Ellis,Proposal,35444.13
D19177,Sterling Bend Distribution,Jordan Ellis,New,151566.63
D19178,Maple Lake Telecom,Marcus Bell,Negotiation,181362.02
D19179,Aspen Bend Software,Lucas Reed,Proposal,83097.25
D19180,Silver Springs Medical,Priya Shah,Qualified,168281.07
D19181,Summit Lake Engineering,Owen Brooks,Proposal,79596.51
D19182,Birch Lake Software,Maya Chen,New,52592.40
D19183,Summit Ridge Medical,Jordan Ellis,New,25399.05
D19184,Redwood Grove Foods,Priya Shah,Proposal,87586.27
D19185,Granite Ridge Distribution,Marcus Bell,Closed Won,34106.48
D19186,Juniper Point Consulting,Marcus Bell,Closed Lost,24875.36
D19187,Canyon Bend Software,Elena Cruz,Negotiation,83573.09
D19188,Coral Park Telecom,Maya Chen,Closed Won,61740.78
D19189,Canyon Lake Software,Maya Chen,Qualified,93916.83
D19190,Coral Park Agriculture,Nora Patel,Closed Won,120905.44
D19191,Copper Park Telecom,Maya Chen,Qualified,97966.19
D19192,Willow Heights Construction,Marcus Bell,Qualified,76403.09
D19193,Granite Bend Manufacturing,Owen Brooks,Closed Won,96736.50
D19194,Aspen Heights Retail,Elena Cruz,Qualified,54192.64
D19195,Prairie Valley Construction,Elena Cruz,Qualified,192862.45
D19196,Maple Grove Hospitality,Elena Cruz,Qualified,27642.57
D19197,Orchard Heights Consulting,Marcus Bell,Negotiation,19955.69
D19198,Canyon Valley Manufacturing,Jordan Ellis,Proposal,179591.86
D19199,Aspen Heights Software,Nora Patel,Negotiation,63758.53
D19200,Cedar Bend Logistics,Jordan Ellis,Closed Won,116985.60
D19201,Sequoia Lake Telecom,Marcus Bell,Negotiation,179064.75
D19202,Sierra Ridge Software,Elena Cruz,Qualified,125784.36
D19203,Prairie Creek Logistics,Owen Brooks,Negotiation,141659.18
D19204,Sterling Creek Software,Marcus Bell,New,95699.98
D19205,Pine Creek Manufacturing,Priya Shah,Qualified,238363.96
D19206,Prairie Lake Hospitality,Lucas Reed,Qualified,30091.20
D19207,Juniper Heights Logistics,Priya Shah,New,128793.38
D19208,Sterling Creek Medical,Jordan Ellis,Negotiation,30528.48
D19209,Mesa Lake Consulting,Jordan Ellis,Negotiation,33436.47
D19210,Sequoia Ridge Logistics,Lucas Reed,Negotiation,132736.76
D19211,Granite Creek Foods,Owen Brooks,Negotiation,72636.50
D19212,Redwood Creek Dental,Nora Patel,Closed Lost,24099.34
D19213,Canyon Creek Hospitality,Elena Cruz,Closed Won,55428.22
D19214,Summit Creek Foods,Elena Cruz,Qualified,81694.42
D19215,Sierra Grove Engineering,Elena Cruz,Proposal,47281.16
D19216,Coral Heights Foods,Maya Chen,Negotiation,51250.59
D19217,Cypress Hill Agriculture,Jordan Ellis,Proposal,34752.58
D19218,Sequoia Crest Logistics,Jordan Ellis,Closed Won,94646.71
D19219,Willow Springs Software,Owen Brooks,New,85973.72
D19220,Silver Grove Foods,Lucas Reed,Qualified,36163.89
D19221,Mesa Crest Dental,Owen Brooks,Qualified,11047.03
D19222,Harbor Point Hospitality,Priya Shah,Qualified,76829.76
D19223,Coral Point Construction,Nora Patel,Negotiation,200638.16
D19224,Silver Bend Construction,Jordan Ellis,Negotiation,34663.41
D19225,Mesa Valley Telecom,Elena Cruz,Proposal,45182.30
D19226,Sequoia Point Packaging,Nora Patel,Closed Won,82522.81
D19227,Orchard Springs Distribution,Jordan Ellis,Negotiation,27904.36
D19228,Prairie Crest Software,Maya Chen,Proposal,120846.31
D19229,Cedar Ridge Dental,Priya Shah,New,17560.50
D19230,Mesa Valley Telecom,Elena Cruz,Proposal,103467.61
D19231,Canyon Heights Agriculture,Lucas Reed,Proposal,34690.84
D19232,Alder Bend Engineering,Elena Cruz,Proposal,109286.22
D19233,Alder Valley Retail,Nora Patel,New,12142.89
D19234,Prairie Ridge Dental,Owen Brooks,New,73872.86
D19235,Redwood Crest Distribution,Marcus Bell,Closed Won,166943.81
D19236,Orchard Ridge Manufacturing,Priya Shah,Closed Won,88191.99
D19237,Coral Ridge Agriculture,Lucas Reed,Closed Lost,126457.28
D19238,Alder Lake Foods,Maya Chen,Proposal,63391.75
D19239,Cedar Park Logistics,Nora Patel,Closed Lost,104475.50
D19240,Orchard Ridge Engineering,Jordan Ellis,Closed Lost,181977.62
D19241,Pine Creek Manufacturing,Priya Shah,Qualified,328376.43
D19242,Juniper Park Consulting,Jordan Ellis,Qualified,82745.57
D19243,Cedar Grove Software,Marcus Bell,Qualified,27569.58
D19244,Silver Park Hospitality,Marcus Bell,New,74058.31
D19245,Redwood Park Distribution,Priya Shah,New,20958.39
D19246,Granite Springs Medical,Owen Brooks,Proposal,49274.72
D19247,Cedar Creek Logistics,Priya Shah,New,30596.23
D19248,Alder Lake Medical,Elena Cruz,Qualified,57516.34
D19249,Summit Lake Energy,Nora Patel,Negotiation,133525.29
D19250,Willow Lake Packaging,Maya Chen,Proposal,30332.92
D19251,Silver Crest Hospitality,Maya Chen,Closed Won,41849.81
D19252,Coral Heights Packaging,Priya Shah,Proposal,23999.54
D19253,Orchard Hill Distribution,Elena Cruz,Closed Lost,30781.37
D19254,Redwood Heights Agriculture,Owen Brooks,Closed Won,39270.70
D19255,Canyon Lake Software,Maya Chen,Qualified,62323.58
D19256,Prairie Grove Telecom,Maya Chen,Proposal,119721.87
D19257,Alder Crest Engineering,Elena Cruz,Negotiation,33112.93
D19258,Mesa Grove Engineering,Elena Cruz,Proposal,71539.13
D19259,Juniper Crest Packaging,Lucas Reed,Proposal,59421.32
D19260,Silver Park Software,Nora Patel,Negotiation,43144.60
D19261,Sierra Ridge Agriculture,Maya Chen,Closed Lost,69299.09
D19262,Juniper Creek Agriculture,Nora Patel,Negotiation,65287.45
D19263,Copper Point Retail,Elena Cruz,Qualified,14365.80
D19264,Silver Bend Logistics,Owen Brooks,Closed Won,68083.52
D19265,Summit Creek Dental,Jordan Ellis,Closed Lost,30197.99
D19266,Alder Grove Medical,Priya Shah,Qualified,54634.59
D19267,Alder Valley Agriculture,Elena Cruz,Closed Lost,45636.12
D19268,Silver Valley Construction,Marcus Bell,Closed Won,54918.26
D19269,Granite Crest Foods,Nora Patel,Closed Won,57922.41
D19270,Cypress Lake Construction,Jordan Ellis,Closed Won,46175.17
D19271,Sierra Heights Dental,Priya Shah,Proposal,5939.97
D19272,Cedar Creek Construction,Elena Cruz,Closed Lost,99724.11
D19273,Sterling Crest Logistics,Priya Shah,Closed Won,96752.90
D19274,Prairie Creek Medical,Marcus Bell,Negotiation,125603.04
D19275,Orchard Creek Telecom,Nora Patel,Proposal,72458.63
D19276,Silver Creek Dental,Owen Brooks,Qualified,67066.69
D19277,Cedar Park Engineering,Maya Chen,Closed Lost,167411.06
D19278,Prairie Lake Distribution,Jordan Ellis,New,65962.28
D19279,Cypress Creek Foods,Nora Patel,Qualified,24439.32
D19280,Maple Park Medical,Elena Cruz,Proposal,55119.67
D19281,Coral Creek Distribution,Lucas Reed,New,41841.38
D19282,Cypress Springs Packaging,Elena Cruz,New,129966.10
D19283,Redwood Grove Packaging,Elena Cruz,Negotiation,13333.67
D19284,Juniper Point Software,Priya Shah,Closed Won,163153.50
D19285,Cypress Park Packaging,Elena Cruz,New,53564.47
D19286,Pine Creek Medical,Marcus Bell,New,54454.19
D19287,Alder Springs Medical,Marcus Bell,Closed Won,86894.87
D19288,Granite Springs Foods,Lucas Reed,Qualified,31802.01
D19289,Summit Heights Medical,Priya Shah,Negotiation,156261.21
D19290,Summit Creek Consulting,Owen Brooks,Proposal,23161.57
D19291,Alder Point Retail,Lucas Reed,New,85021.37
D19292,Orchard Ridge Energy,Maya Chen,Negotiation,63091.76
D19293,Laurel Crest Construction,Jordan Ellis,New,54309.31
D19294,Cypress Springs Distribution,Owen Brooks,Negotiation,99721.05
D19295,Summit Creek Energy,Lucas Reed,Closed Won,92904.61
D19296,Aspen Crest Dental,Maya Chen,Qualified,55925.17
D19297,Juniper Park Engineering,Nora Patel,Closed Won,127109.24
D19298,Juniper Hill Construction,Jordan Ellis,New,112440.14
D19299,Coral Bend Distribution,Priya Shah,New,62895.21
D19300,Sierra Springs Software,Owen Brooks,Proposal,148483.04
D19301,Silver Lake Packaging,Owen Brooks,New,101021.66
D19302,Laurel Crest Software,Jordan Ellis,Proposal,31412.85
D19303,Cypress Park Consulting,Marcus Bell,Closed Lost,24969.15
D19304,Redwood Hill Retail,Nora Patel,Qualified,37109.75
D19305,Canyon Ridge Packaging,Maya Chen,Qualified,53189.17
D19306,Copper Valley Retail,Owen Brooks,Qualified,25271.12
D19307,Silver Bend Energy,Maya Chen,Negotiation,69342.05
D19308,Orchard Heights Construction,Priya Shah,New,107710.01
D19309,Mesa Valley Hospitality,Marcus Bell,Negotiation,72743.58
D19310,Maple Park Consulting,Lucas Reed,Qualified,11025.53
D19311,Willow Hill Agriculture,Nora Patel,Negotiation,119068.33
D19312,Aspen Lake Medical,Lucas Reed,New,253314.42
D19313,Maple Valley Packaging,Jordan Ellis,Closed Won,54833.40
D19314,Aspen Ridge Dental,Priya Shah,Qualified,15144.91
D19315,Redwood Park Telecom,Lucas Reed,Closed Lost,73741.22
D19316,Mesa Heights Construction,Marcus Bell,Negotiation,147244.82
D19317,Birch Point Construction,Marcus Bell,Closed Lost,95617.30
D19318,Sterling Grove Packaging,Maya Chen,Closed Won,108368.18
D19319,Cedar Hill Manufacturing,Elena Cruz,Proposal,177330.66
D19320,Pine Grove Hospitality,Jordan Ellis,Closed Lost,97006.00
D19321,Maple Grove Consulting,Maya Chen,Proposal,30078.91
D19322,Harbor Ridge Construction,Elena Cruz,Proposal,90408.32
D19323,Summit Valley Foods,Owen Brooks,Proposal,73545.83
D19324,Aspen Ridge Dental,Priya Shah,Qualified,15053.17
D19325,Silver Valley Dental,Priya Shah,Proposal,49083.62
D19326,Cedar Crest Retail,Jordan Ellis,Negotiation,24970.88
D19327,Alder Point Packaging,Owen Brooks,Proposal,41574.56
D19328,Sequoia Hill Consulting,Nora Patel,Proposal,64710.71
D19329,Alder Grove Hospitality,Marcus Bell,Proposal,26060.55
D19330,Mesa Ridge Agriculture,Maya Chen,Negotiation,24694.50
D19331,Copper Lake Manufacturing,Priya Shah,Proposal,140395.84
D19332,Aspen Ridge Retail,Lucas Reed,Qualified,70347.16
D19333,Granite Grove Construction,Maya Chen,Negotiation,58011.40
D19334,Sequoia Crest Agriculture,Owen Brooks,Qualified,90321.92
D19335,Silver Crest Logistics,Owen Brooks,Closed Lost,25529.40
D19336,Laurel Bend Agriculture,Marcus Bell,New,47218.32
D19337,Mesa Point Agriculture,Owen Brooks,Closed Won,41277.62
D19338,Aspen Heights Manufacturing,Owen Brooks,Closed Lost,94923.02
D19339,Cedar Springs Energy,Owen Brooks,Negotiation,264779.72
D19340,Harbor Crest Energy,Jordan Ellis,Closed Lost,143769.48
D19341,Granite Creek Energy,Nora Patel,Closed Lost,240828.91
D19342,Willow Springs Medical,Lucas Reed,Qualified,121911.40
D19343,Silver Grove Energy,Priya Shah,Closed Won,102300.36
D19344,Birch Ridge Software,Nora Patel,Closed Lost,64821.81
D19345,Cedar Point Engineering,Elena Cruz,Closed Won,212529.85
D19346,Juniper Ridge Logistics,Jordan Ellis,Closed Won,78699.29
D19347,Copper Grove Energy,Nora Patel,Proposal,312412.34
D19348,Coral Park Retail,Maya Chen,Proposal,49099.89
D19349,Harbor Crest Software,Priya Shah,Closed Lost,141100.27
D19350,Mesa Grove Software,Elena Cruz,Negotiation,118751.48
D19351,Orchard Ridge Construction,Jordan Ellis,Negotiation,133437.14
D19352,Alder Heights Hospitality,Nora Patel,New,33352.65
D19353,Granite Hill Energy,Marcus Bell,Proposal,63523.02
D19354,Summit Heights Construction,Nora Patel,Proposal,69143.30
D19355,Willow Point Telecom,Jordan Ellis,Negotiation,233539.84
D19356,Cedar Valley Agriculture,Lucas Reed,Qualified,137169.00
D19357,Alder Heights Foods,Owen Brooks,Closed Won,45038.30
D19358,Silver Lake Energy,Elena Cruz,Qualified,57867.66
D19359,Sequoia Grove Engineering,Marcus Bell,Negotiation,85898.22
D19360,Willow Springs Packaging,Jordan Ellis,Qualified,92894.90
D19361,Juniper Park Agriculture,Priya Shah,Proposal,53233.95
D19362,Maple Ridge Distribution,Priya Shah,Proposal,100809.15
D19363,Maple Lake Energy,Nora Patel,New,147189.77
D19364,Laurel Ridge Foods,Lucas Reed,Closed Lost,33533.93
D19365,Sierra Lake Packaging,Maya Chen,Closed Won,153310.24
D19366,Mesa Springs Packaging,Jordan Ellis,Proposal,43425.23
D19367,Laurel Ridge Agriculture,Owen Brooks,Closed Won,81382.67
D19368,Canyon Park Agriculture,Marcus Bell,Closed Won,58228.31
D19369,Harbor Valley Logistics,Elena Cruz,Closed Lost,100657.25
D19370,Birch Springs Manufacturing,Priya Shah,Negotiation,87946.93
D19371,Sierra Springs Engineering,Owen Brooks,Proposal,107498.73
D19372,Maple Park Logistics,Nora Patel,New,33345.19
D19373,Copper Creek Software,Nora Patel,Closed Won,103478.78
D19374,Redwood Point Consulting,Elena Cruz,Negotiation,36741.03
D19375,Copper Ridge Consulting,Priya Shah,New,11313.32
D19376,Willow Creek Dental,Maya Chen,Closed Won,32752.69
D19377,Orchard Lake Software,Lucas Reed,Closed Won,85244.36
D19378,Aspen Heights Packaging,Maya Chen,Negotiation,104302.43
D19379,Willow Springs Medical,Lucas Reed,Qualified,143931.31
D19380,Summit Park Distribution,Marcus Bell,Qualified,36675.65
D19381,Coral Valley Hospitality,Maya Chen,Proposal,61341.01
D19382,Cypress Heights Telecom,Nora Patel,Closed Won,157285.12
D19383,Copper Hill Consulting,Maya Chen,New,36376.61
D19384,Granite Valley Energy,Jordan Ellis,Negotiation,275271.59
D19385,Cedar Grove Foods,Marcus Bell,New,108884.36
D19386,Laurel Lake Packaging,Owen Brooks,New,126310.68
D19387,Sequoia Springs Manufacturing,Jordan Ellis,Closed Won,115073.20
D19388,Harbor Lake Telecom,Elena Cruz,Negotiation,61420.06
D19389,Maple Grove Dental,Priya Shah,Qualified,49196.81
D19390,Silver Lake Dental,Priya Shah,Closed Won,44319.00
D19391,Harbor Hill Agriculture,Nora Patel,Proposal,33629.04
D19392,Alder Creek Hospitality,Elena Cruz,Qualified,65719.25
D19393,Laurel Valley Foods,Marcus Bell,Qualified,92219.27
D19394,Coral Bend Retail,Lucas Reed,Proposal,10852.84
D19395,Birch Creek Distribution,Priya Shah,Qualified,142567.40
D19396,Pine Point Medical,Marcus Bell,Closed Won,41825.60
D19397,Mesa Heights Agriculture,Jordan Ellis,Proposal,117197.97
D19398,Granite Heights Consulting,Elena Cruz,Closed Won,29399.40
D19399,Granite Park Agriculture,Owen Brooks,Qualified,28046.49
D19400,Redwood Point Distribution,Nora Patel,Proposal,27662.57
D19401,Harbor Valley Foods,Nora Patel,New,81879.54
D19402,Willow Heights Telecom,Lucas Reed,New,153889.43
D19403,Sierra Park Engineering,Owen Brooks,Closed Won,61421.13
D19404,Coral Valley Consulting,Elena Cruz,New,54685.80
D19405,Summit Springs Retail,Nora Patel,Negotiation,34567.50
D19406,Birch Bend Construction,Elena Cruz,Proposal,103757.67
D19407,Prairie Ridge Distribution,Owen Brooks,Negotiation,71441.29
D19408,Birch Hill Distribution,Jordan Ellis,New,35828.09
D19409,Coral Heights Logistics,Nora Patel,New,56744.48
D19410,Sterling Park Telecom,Owen Brooks,Qualified,202752.66
D19411,Aspen Crest Agriculture,Owen Brooks,Negotiation,9569.46
D19412,Sequoia Heights Foods,Nora Patel,Qualified,109953.98
D19413,Maple Valley Medical,Lucas Reed,Qualified,129290.01
D19414,Willow Ridge Medical,Maya Chen,New,127759.21
D19415,Laurel Valley Hospitality,Elena Cruz,Closed Won,138120.38
D19416,Alder Ridge Telecom,Elena Cruz,New,51172.32
D19417,Copper Bend Software,Marcus Bell,Proposal,56834.63
D19418,Pine Springs Engineering,Marcus Bell,Closed Lost,61209.69
D19419,Coral Grove Construction,Owen Brooks,Proposal,95958.17
D19420,Aspen Lake Logistics,Marcus Bell,Qualified,30031.11
D19421,Sierra Ridge Manufacturing,Marcus Bell,Closed Lost,272852.64
D19422,Juniper Lake Software,Marcus Bell,Proposal,35043.94
D19423,Prairie Hill Hospitality,Owen Brooks,New,98088.65
D19424,Laurel Bend Manufacturing,Priya Shah,New,139057.68
D19425,Mesa Creek Logistics,Jordan Ellis,Proposal,97675.63
D19426,Canyon Grove Medical,Priya Shah,New,160277.47
D19427,Silver Point Consulting,Marcus Bell,Negotiation,49367.91
D19428,Canyon Creek Engineering,Marcus Bell,New,126809.33
D19429,Birch Heights Hospitality,Nora Patel,Negotiation,38070.32
D19430,Pine Crest Agriculture,Elena Cruz,Qualified,74325.04
D19431,Mesa Springs Packaging,Jordan Ellis,Proposal,87452.10
D19432,Sterling Creek Hospitality,Elena Cruz,Qualified,31402.99
D19433,Sequoia Hill Manufacturing,Elena Cruz,Closed Won,101706.80
D19434,Coral Springs Agriculture,Nora Patel,Negotiation,37003.51
D19435,Maple Bend Logistics,Jordan Ellis,New,67115.37
D19436,Silver Heights Telecom,Priya Shah,New,248834.08
D19437,Copper Crest Hospitality,Elena Cruz,Closed Lost,40602.74
D19438,Pine Park Dental,Priya Shah,New,34564.75
D19439,Harbor Bend Telecom,Maya Chen,Proposal,29860.17
D19440,Juniper Bend Logistics,Owen Brooks,Proposal,138978.48
D19441,Copper Springs Software,Priya Shah,Negotiation,31432.80
D19442,Cedar Valley Distribution,Elena Cruz,Closed Lost,51345.86
D19443,Cypress Lake Construction,Jordan Ellis,Proposal,70708.99
D19444,Copper Heights Manufacturing,Jordan Ellis,Closed Won,68409.95
D19445,Sierra Ridge Energy,Lucas Reed,New,305579.72
D19446,Sequoia Valley Medical,Lucas Reed,Closed Won,74159.82
D19447,Mesa Springs Agriculture,Lucas Reed,Qualified,119225.59
D19448,Aspen Bend Manufacturing,Elena Cruz,Negotiation,217540.65
D19449,Mesa Creek Hospitality,Priya Shah,Qualified,56745.17
D19450,Juniper Bend Packaging,Lucas Reed,Closed Won,43075.77
D19451,Cedar Heights Software,Nora Patel,Closed Won,40108.81
D19452,Orchard Hill Distribution,Elena Cruz,New,104612.37
D19453,Mesa Springs Foods,Owen Brooks,Proposal,18948.69
D19454,Willow Ridge Construction,Elena Cruz,Proposal,94610.35
D19455,Cedar Valley Packaging,Jordan Ellis,Negotiation,60177.89
D19456,Cedar Bend Hospitality,Priya Shah,New,29653.94
D19457,Prairie Lake Engineering,Elena Cruz,Negotiation,119931.40
D19458,Coral Hill Engineering,Marcus Bell,Negotiation,143324.41
D19459,Mesa Crest Software,Priya Shah,Negotiation,59405.45
D19460,Alder Ridge Energy,Marcus Bell,New,387130.06
D19461,Willow Lake Dental,Lucas Reed,Qualified,19699.05
D19462,Silver Valley Medical,Jordan Ellis,New,192610.21
D19463,Canyon Grove Software,Nora Patel,Closed Won,114339.79
D19464,Redwood Creek Construction,Jordan Ellis,Qualified,101434.19
D19465,Aspen Creek Distribution,Jordan Ellis,Proposal,95153.31
D19466,Alder Bend Consulting,Owen Brooks,Proposal,20322.61
D19467,Birch Point Packaging,Owen Brooks,Proposal,56218.18
D19468,Prairie Springs Foods,Marcus Bell,New,107467.56
D19469,Prairie Bend Packaging,Priya Shah,Qualified,141244.08
D19470,Sierra Crest Dental,Owen Brooks,Closed Lost,40340.92
D19471,Silver Springs Agriculture,Priya Shah,Qualified,111115.27
D19472,Sterling Grove Medical,Priya Shah,New,230080.45
D19473,Coral Lake Dental,Nora Patel,New,26622.42
D19474,Maple Park Consulting,Lucas Reed,Closed Won,39134.15
D19475,Coral Heights Retail,Nora Patel,Proposal,14187.21
D19476,Summit Grove Manufacturing,Nora Patel,Proposal,133965.33
D19477,Copper Point Packaging,Maya Chen,Proposal,63875.13
D19478,Laurel Bend Retail,Owen Brooks,Negotiation,13042.41
D19479,Orchard Creek Packaging,Priya Shah,Negotiation,24929.25
D19480,Willow Bend Medical,Nora Patel,Proposal,191876.58
D19481,Willow Bend Hospitality,Jordan Ellis,Negotiation,69141.67
D19482,Orchard Park Medical,Maya Chen,Proposal,127839.87
D19483,Aspen Springs Telecom,Nora Patel,Proposal,125891.17
D19484,Prairie Bend Dental,Marcus Bell,Proposal,14024.31
D19485,Silver Ridge Manufacturing,Elena Cruz,Closed Won,106394.35
D19486,Sequoia Crest Engineering,Lucas Reed,Closed Won,171427.69
D19487,Copper Valley Telecom,Owen Brooks,Closed Won,45232.22
D19488,Sierra Valley Telecom,Elena Cruz,Qualified,126419.32
D19489,Sequoia Springs Telecom,Nora Patel,Qualified,48646.28
D19490,Willow Hill Agriculture,Nora Patel,Negotiation,111161.40
D19491,Pine Point Agriculture,Marcus Bell,New,133484.20
D19492,Canyon Springs Consulting,Elena Cruz,Closed Lost,38594.51
D19493,Orchard Valley Engineering,Lucas Reed,Proposal,138505.36
D19494,Alder Grove Manufacturing,Owen Brooks,Negotiation,153125.62
D19495,Prairie Heights Distribution,Maya Chen,Closed Won,72847.98
D19496,Silver Bend Logistics,Owen Brooks,Closed Won,77372.96
D19497,Sierra Park Packaging,Jordan Ellis,Proposal,51380.99
D19498,Orchard Springs Distribution,Jordan Ellis,Closed Won,85934.22
D19499,Canyon Valley Medical,Elena Cruz,Qualified,30915.19
D19500,Mesa Hill Logistics,Maya Chen,Proposal,56031.94
D19501,Prairie Point Foods,Jordan Ellis,New,62449.08
D19502,Birch Ridge Dental,Lucas Reed,Closed Won,35571.54
D19503,Redwood Springs Engineering,Marcus Bell,New,84193.21
D19504,Maple Hill Dental,Maya Chen,Negotiation,39968.35
D19505,Sequoia Park Dental,Marcus Bell,Qualified,61416.85
D19506,Canyon Bend Medical,Maya Chen,Negotiation,200658.33
D19507,Harbor Grove Energy,Lucas Reed,Proposal,122880.65
D19508,Sierra Hill Logistics,Maya Chen,New,56881.37
D19509,Cedar Crest Foods,Lucas Reed,New,18037.15
D19510,Prairie Heights Retail,Jordan Ellis,Closed Won,30482.22
D19511,Orchard Valley Software,Lucas Reed,Negotiation,59939.37
D19512,Aspen Heights Logistics,Elena Cruz,New,135891.77
D19513,Sterling Point Energy,Elena Cruz,Proposal,70880.78
D19514,Sterling Bend Construction,Elena Cruz,Proposal,175367.76
D19515,Cedar Point Retail,Priya Shah,Proposal,15924.75
D19516,Cypress Bend Foods,Marcus Bell,Closed Won,105772.69
D19517,Cypress Springs Engineering,Priya Shah,New,99806.08
D19518,Summit Springs Packaging,Priya Shah,Proposal,104042.55
D19519,Sierra Hill Hospitality,Jordan Ellis,New,108052.58
D19520,Redwood Ridge Packaging,Elena Cruz,Closed Lost,75440.40
D19521,Mesa Hill Dental,Owen Brooks,Qualified,11358.71
D19522,Canyon Grove Logistics,Elena Cruz,New,50819.50
D19523,Cypress Valley Foods,Jordan Ellis,Closed Won,34677.13
D19524,Coral Ridge Dental,Elena Cruz,Qualified,31239.91
D19525,Summit Creek Software,Elena Cruz,Negotiation,36768.23
D19526,Maple Grove Consulting,Maya Chen,Closed Won,76578.76
D19527,Birch Lake Consulting,Lucas Reed,New,49244.86
D19528,Harbor Bend Foods,Priya Shah,Negotiation,42268.96
D19529,Harbor Creek Retail,Jordan Ellis,Qualified,35856.38
D19530,Mesa Valley Hospitality,Marcus Bell,Closed Lost,37353.37
D19531,Prairie Hill Construction,Maya Chen,New,68177.60
D19532,Sierra Hill Telecom,Maya Chen,Negotiation,33515.03
D19533,Juniper Grove Engineering,Lucas Reed,Negotiation,63013.37
D19534,Sequoia Heights Software,Nora Patel,Qualified,30349.42
D19535,Copper Park Medical,Nora Patel,New,124870.77
D19536,Mesa Heights Agriculture,Jordan Ellis,Negotiation,29930.60
D19537,Willow Ridge Dental,Jordan Ellis,New,29489.78
D19538,Willow Hill Hospitality,Jordan Ellis,Qualified,33098.94
D19539,Harbor Heights Telecom,Lucas Reed,Closed Won,94150.72
D19540,Canyon Springs Retail,Owen Brooks,New,58150.11
D19541,Juniper Bend Foods,Jordan Ellis,Closed Won,24131.39
D19542,Laurel Crest Software,Jordan Ellis,Closed Won,71795.70
D19543,Cedar Springs Distribution,Marcus Bell,New,77820.89
D19544,Granite Bend Software,Nora Patel,Closed Won,34701.31
D19545,Cypress Heights Medical,Elena Cruz,New,155209.32
D19546,Orchard Hill Construction,Owen Brooks,Closed Lost,50169.61
D19547,Pine Grove Hospitality,Jordan Ellis,Proposal,82454.60
D19548,Birch Valley Telecom,Nora Patel,Proposal,65775.24
D19549,Granite Park Foods,Lucas Reed,Closed Won,72196.86
D19550,Cypress Park Agriculture,Nora Patel,Negotiation,39822.06
D19551,Orchard Creek Consulting,Lucas Reed,Proposal,35160.14
D19552,Canyon Park Hospitality,Maya Chen,Proposal,68925.52
D19553,Pine Springs Medical,Jordan Ellis,Qualified,137969.41
D19554,Cypress Lake Software,Jordan Ellis,New,29776.35
D19555,Copper Crest Agriculture,Jordan Ellis,Negotiation,82912.10
D19556,Pine Bend Hospitality,Owen Brooks,Closed Won,68510.04
D19557,Summit Bend Medical,Owen Brooks,Negotiation,13178.35
D19558,Coral Valley Hospitality,Maya Chen,Negotiation,47895.27
D19559,Canyon Point Hospitality,Elena Cruz,New,49639.42
D19560,Mesa Valley Medical,Priya Shah,Qualified,76188.73
D19561,Granite Hill Consulting,Jordan Ellis,New,55557.89
D19562,Pine Point Hospitality,Maya Chen,Negotiation,128561.78
D19563,Alder Ridge Dental,Lucas Reed,Negotiation,20877.40
D19564,Canyon Lake Dental,Marcus Bell,Proposal,15495.50
D19565,Silver Grove Retail,Jordan Ellis,Negotiation,16410.69
D19566,Pine Point Construction,Jordan Ellis,Negotiation,240585.43
D19567,Sequoia Springs Energy,Owen Brooks,Proposal,172633.84
D19568,Cypress Lake Engineering,Jordan Ellis,Closed Won,101819.62
D19569,Harbor Bend Packaging,Elena Cruz,Negotiation,30651.93
D19570,Orchard Lake Dental,Maya Chen,Proposal,47545.56
D19571,Aspen Grove Distribution,Priya Shah,Closed Lost,159377.30
D19572,Willow Hill Retail,Maya Chen,Proposal,85159.19
D19573,Coral Crest Foods,Marcus Bell,Negotiation,35680.42
D19574,Mesa Park Consulting,Priya Shah,Negotiation,37454.28
D19575,Sierra Crest Construction,Priya Shah,Proposal,222604.42
D19576,Summit Grove Telecom,Lucas Reed,Negotiation,68308.15
D19577,Summit Hill Engineering,Lucas Reed,Proposal,102533.57
D19578,Redwood Grove Agriculture,Nora Patel,Closed Won,54929.60
D19579,Maple Grove Hospitality,Elena Cruz,Negotiation,70917.34
D19580,Mesa Grove Dental,Jordan Ellis,Closed Won,45071.44
D19581,Juniper Ridge Manufacturing,Elena Cruz,Closed Won,149559.74
D19582,Mesa Point Packaging,Marcus Bell,Closed Won,36799.43
D19583,Prairie Ridge Hospitality,Jordan Ellis,Closed Won,83444.96
D19584,Orchard Valley Logistics,Jordan Ellis,Negotiation,50653.65
D19585,Sterling Bend Software,Elena Cruz,Qualified,22670.93
D19586,Prairie Springs Agriculture,Jordan Ellis,Proposal,128596.83
D19587,Maple Heights Software,Nora Patel,Closed Won,71830.48
D19588,Coral Hill Distribution,Priya Shah,Negotiation,31057.50
D19589,Pine Springs Hospitality,Elena Cruz,Qualified,60961.90
D19590,Birch Grove Logistics,Elena Cruz,Proposal,71274.15
D19591,Pine Lake Distribution,Jordan Ellis,Qualified,58965.05
D19592,Coral Lake Foods,Jordan Ellis,New,54032.33
D19593,Sequoia Valley Telecom,Marcus Bell,Closed Lost,126989.88
D19594,Granite Lake Distribution,Owen Brooks,Qualified,74770.06
D19595,Granite Creek Hospitality,Nora Patel,New,127378.38
D19596,Mesa Springs Medical,Lucas Reed,Qualified,116780.08
D19597,Willow Ridge Manufacturing,Marcus Bell,Negotiation,106617.02
D19598,Pine Point Agriculture,Marcus Bell,Closed Lost,67397.48
D19599,Maple Valley Packaging,Jordan Ellis,Proposal,120299.52
D19600,Maple Point Dental,Jordan Ellis,Closed Won,49883.44
D19601,Birch Heights Foods,Owen Brooks,Qualified,26716.46
D19602,Sequoia Ridge Agriculture,Jordan Ellis,Qualified,77633.61
D19603,Aspen Bend Consulting,Nora Patel,Proposal,21919.85
D19604,Cypress Crest Distribution,Priya Shah,Proposal,123497.42
D19605,Maple Heights Packaging,Maya Chen,New,57124.52
D19606,Birch Bend Foods,Elena Cruz,Negotiation,47458.76
D19607,Willow Creek Agriculture,Owen Brooks,Closed Won,88780.66
D19608,Granite Hill Foods,Nora Patel,Qualified,63716.40
D19609,Silver Bend Engineering,Jordan Ellis,Closed Won,41507.75
D19610,Aspen Valley Energy,Nora Patel,Proposal,84173.43
D19611,Granite Valley Engineering,Priya Shah,Negotiation,88897.91
D19612,Harbor Valley Telecom,Elena Cruz,Qualified,59851.41
D19613,Maple Heights Dental,Lucas Reed,Negotiation,10543.95
D19614,Sierra Heights Telecom,Lucas Reed,Negotiation,80985.33
D19615,Canyon Springs Software,Jordan Ellis,New,127321.85
D19616,Summit Bend Manufacturing,Elena Cruz,Closed Won,197057.38
D19617,Sierra Point Medical,Owen Brooks,Negotiation,64928.93
D19618,Granite Hill Distribution,Lucas Reed,Proposal,122773.29
D19619,Summit Lake Agriculture,Lucas Reed,Proposal,26211.33
D19620,Mesa Lake Agriculture,Priya Shah,New,30799.98
D19621,Silver Heights Agriculture,Maya Chen,Proposal,45766.84
D19622,Canyon Heights Agriculture,Lucas Reed,Proposal,107850.80
D19623,Orchard Grove Energy,Maya Chen,Closed Lost,147847.06
D19624,Birch Heights Logistics,Marcus Bell,Closed Lost,79715.99
D19625,Alder Creek Agriculture,Jordan Ellis,Negotiation,117911.88
D19626,Sequoia Crest Agriculture,Owen Brooks,New,55580.75
D19627,Orchard Lake Construction,Lucas Reed,Closed Won,31779.37
D19628,Sequoia Ridge Retail,Lucas Reed,Qualified,58040.57
D19629,Granite Point Packaging,Jordan Ellis,Qualified,115303.55
D19630,Birch Creek Consulting,Maya Chen,Proposal,15352.81
D19631,Canyon Creek Energy,Elena Cruz,Qualified,121890.41
D19632,Sequoia Point Distribution,Jordan Ellis,Qualified,51243.25
D19633,Pine Ridge Medical,Nora Patel,Qualified,97637.48
D19634,Sequoia Park Software,Maya Chen,Closed Won,66041.09
D19635,Granite Creek Construction,Owen Brooks,Qualified,105151.42
D19636,Pine Creek Manufacturing,Priya Shah,Negotiation,274732.60
D19637,Sierra Heights Construction,Marcus Bell,Proposal,74112.02
D19638,Sierra Heights Logistics,Lucas Reed,New,82507.49
D19639,Silver Hill Energy,Maya Chen,Negotiation,235199.77
D19640,Summit Valley Agriculture,Lucas Reed,Closed Won,51614.67
D19641,Willow Springs Dental,Elena Cruz,Qualified,36049.84
D19642,Prairie Point Telecom,Owen Brooks,Qualified,101829.74
D19643,Summit Hill Telecom,Jordan Ellis,Closed Won,156219.82
D19644,Sequoia Heights Energy,Marcus Bell,New,112429.97
D19645,Maple Park Telecom,Nora Patel,New,44350.56
D19646,Maple Bend Consulting,Nora Patel,New,23681.26
D19647,Prairie Park Construction,Marcus Bell,New,43971.55
D19648,Canyon Lake Retail,Nora Patel,Qualified,40635.41
D19649,Summit Creek Consulting,Owen Brooks,Negotiation,33537.95
D19650,Coral Bend Consulting,Maya Chen,Negotiation,44274.65
D19651,Willow Hill Telecom,Maya Chen,Proposal,113917.65
D19652,Coral Creek Retail,Elena Cruz,Negotiation,17655.72
D19653,Willow Valley Foods,Nora Patel,Proposal,75259.02
D19654,Sterling Hill Distribution,Jordan Ellis,Qualified,129388.81
D19655,Maple Ridge Foods,Marcus Bell,Closed Won,78240.76
D19656,Alder Creek Logistics,Lucas Reed,Negotiation,46433.08
D19657,Birch Valley Medical,Elena Cruz,Qualified,77011.20
D19658,Cedar Hill Dental,Maya Chen,New,56263.58
D19659,Prairie Heights Logistics,Jordan Ellis,Proposal,129518.56
D19660,Alder Park Consulting,Elena Cruz,Closed Won,41541.95
D19661,Copper Crest Distribution,Priya Shah,Qualified,66483.76
D19662,Sterling Lake Dental,Marcus Bell,Negotiation,20641.14
D19663,Sequoia Ridge Logistics,Lucas Reed,Closed Lost,111296.35
D19664,Redwood Springs Packaging,Owen Brooks,Closed Lost,139261.64
D19665,Cypress Ridge Manufacturing,Maya Chen,Proposal,218431.90
D19666,Coral Ridge Distribution,Elena Cruz,Proposal,113928.08
D19667,Pine Lake Engineering,Elena Cruz,Closed Lost,88220.36
D19668,Canyon Park Distribution,Nora Patel,Proposal,75933.19
D19669,Sierra Crest Packaging,Elena Cruz,New,33506.23
D19670,Prairie Park Logistics,Lucas Reed,New,60458.14
D19671,Granite Heights Hospitality,Maya Chen,Closed Won,47515.18
D19672,Coral Point Agriculture,Priya Shah,Qualified,92073.57
D19673,Summit Point Medical,Maya Chen,Negotiation,124221.53
D19674,Alder Point Engineering,Marcus Bell,Qualified,114053.62
D19675,Mesa Lake Agriculture,Priya Shah,Qualified,76243.49
D19676,Maple Bend Agriculture,Owen Brooks,Qualified,37877.68
D19677,Granite Crest Foods,Nora Patel,Qualified,59690.19
D19678,Sequoia Crest Dental,Maya Chen,Closed Won,46763.59
D19679,Granite Lake Hospitality,Jordan Ellis,Negotiation,47163.85
D19680,Copper Grove Manufacturing,Maya Chen,New,284209.67
D19681,Sequoia Point Software,Elena Cruz,Closed Won,18889.70
D19682,Copper Bend Distribution,Priya Shah,New,24685.45
D19683,Cedar Heights Retail,Elena Cruz,Closed Won,55326.33
D19684,Cedar Park Foods,Maya Chen,Qualified,61157.83
D19685,Alder Valley Agriculture,Elena Cruz,Closed Won,7767.53
D19686,Maple Bend Distribution,Maya Chen,Negotiation,168709.42
D19687,Coral Crest Agriculture,Jordan Ellis,Closed Lost,121368.58
D19688,Birch Crest Distribution,Jordan Ellis,Closed Lost,161584.96
D19689,Silver Grove Packaging,Marcus Bell,Closed Lost,49511.23
D19690,Sterling Heights Logistics,Marcus Bell,Qualified,29177.77
D19691,Aspen Creek Agriculture,Maya Chen,Proposal,57386.01
D19692,Sierra Heights Dental,Priya Shah,Closed Lost,44461.86
D19693,Aspen Park Agriculture,Elena Cruz,Qualified,18523.12
D19694,Cedar Springs Software,Maya Chen,Proposal,132530.19
D19695,Pine Springs Hospitality,Elena Cruz,Proposal,83101.71
D19696,Granite Grove Engineering,Maya Chen,Proposal,44421.12
D19697,Laurel Springs Medical,Priya Shah,Qualified,111859.75
D19698,Prairie Crest Medical,Elena Cruz,Proposal,59394.64
D19699,Cypress Valley Foods,Jordan Ellis,Proposal,47626.67
D19700,Harbor Ridge Medical,Maya Chen,Closed Lost,58053.43
D19701,Alder Heights Hospitality,Nora Patel,Proposal,106850.91
D19702,Granite Valley Software,Priya Shah,Negotiation,39352.65
D19703,Sequoia Creek Consulting,Owen Brooks,New,39903.46
D19704,Alder Bend Telecom,Priya Shah,Negotiation,111907.29
D19705,Coral Point Hospitality,Marcus Bell,Closed Lost,52773.06
D19706,Orchard Bend Construction,Owen Brooks,Negotiation,185969.25
D19707,Pine Heights Agriculture,Owen Brooks,Closed Won,77566.38
D19708,Redwood Point Consulting,Elena Cruz,New,75317.59
D19709,Redwood Hill Software,Maya Chen,Qualified,109716.25
D19710,Silver Creek Logistics,Maya Chen,New,98130.29
D19711,Coral Creek Construction,Nora Patel,Proposal,179351.86
D19712,Aspen Crest Medical,Owen Brooks,Proposal,103130.45
D19713,Juniper Point Construction,Priya Shah,Closed Won,69416.17
D19714,Prairie Park Consulting,Maya Chen,Negotiation,24644.50
D19715,Pine Bend Distribution,Marcus Bell,New,96732.19
D19716,Copper Crest Logistics,Lucas Reed,New,35754.50
D19717,Sterling Crest Medical,Maya Chen,Closed Won,87839.62
D19718,Silver Bend Medical,Marcus Bell,Proposal,205942.33
D19719,Maple Bend Logistics,Jordan Ellis,Closed Won,80321.82
D19720,Juniper Springs Retail,Elena Cruz,Negotiation,13249.48
D19721,Prairie Point Construction,Jordan Ellis,Closed Won,110125.47
D19722,Sierra Park Distribution,Elena Cruz,New,96958.32
D19723,Harbor Crest Dental,Owen Brooks,Negotiation,29857.25
D19724,Pine Heights Manufacturing,Elena Cruz,Closed Lost,349472.79
D19725,Maple Crest Energy,Priya Shah,Closed Won,247509.15
D19726,Sterling Grove Retail,Elena Cruz,Proposal,16176.47
D19727,Juniper Park Medical,Priya Shah,Proposal,201190.17
D19728,Aspen Crest Software,Lucas Reed,Proposal,52252.91
D19729,Maple Hill Software,Lucas Reed,Qualified,19887.11
D19730,Sierra Heights Medical,Jordan Ellis,Closed Won,36755.81
D19731,Juniper Park Telecom,Elena Cruz,Qualified,253208.03
D19732,Granite Springs Logistics,Jordan Ellis,Negotiation,30660.83
D19733,Prairie Creek Foods,Jordan Ellis,Closed Won,35343.76
D19734,Orchard Creek Manufacturing,Jordan Ellis,Closed Lost,246993.47
D19735,Copper Park Packaging,Elena Cruz,Closed Won,24182.18
D19736,Copper Hill Distribution,Priya Shah,Closed Won,103692.47
D19737,Aspen Hill Hospitality,Priya Shah,Qualified,30842.03
D19738,Birch Point Hospitality,Elena Cruz,Proposal,40440.04
D19739,Alder Grove Software,Nora Patel,Closed Won,33261.03
D19740,Prairie Heights Hospitality,Priya Shah,Proposal,21593.71
D19741,Coral Park Hospitality,Jordan Ellis,Negotiation,79741.73
D19742,Silver Heights Manufacturing,Marcus Bell,Closed Won,62042.74
D19743,Alder Crest Agriculture,Maya Chen,Proposal,144698.46
D19744,Birch Heights Software,Owen Brooks,Negotiation,65622.08
D19745,Mesa Park Foods,Owen Brooks,Qualified,29335.37
D19746,Laurel Heights Logistics,Priya Shah,Proposal,98475.75
D19747,Harbor Bend Hospitality,Jordan Ellis,Closed Won,104198.13
D19748,Laurel Point Construction,Priya Shah,Closed Won,57049.37
D19749,Canyon Bend Agriculture,Maya Chen,New,130851.59
D19750,Summit Point Engineering,Elena Cruz,Negotiation,85892.97
D19751,Laurel Valley Energy,Elena Cruz,Negotiation,196248.14
D19752,Laurel Point Hospitality,Jordan Ellis,Closed Won,56076.13
D19753,Orchard Crest Logistics,Marcus Bell,Closed Won,25668.49
D19754,Harbor Creek Retail,Jordan Ellis,New,11294.95
D19755,Cypress Point Logistics,Elena Cruz,Proposal,14650.83
D19756,Sterling Springs Engineering,Jordan Ellis,Qualified,117668.91
D19757,Pine Park Manufacturing,Nora Patel,Proposal,259080.73
D19758,Coral Valley Agriculture,Marcus Bell,Proposal,47068.89
D19759,Juniper Hill Construction,Jordan Ellis,New,172073.22
D19760,Mesa Springs Manufacturing,Maya Chen,New,184182.50
D19761,Laurel Heights Dental,Jordan Ellis,Negotiation,51608.44
D19762,Coral Creek Hospitality,Marcus Bell,New,69509.70
D19763,Redwood Ridge Dental,Owen Brooks,Closed Lost,52863.00
D19764,Copper Springs Agriculture,Nora Patel,Closed Won,43757.97
D19765,Sierra Point Manufacturing,Elena Cruz,Qualified,135679.31
D19766,Birch Heights Construction,Owen Brooks,Negotiation,154561.87
D19767,Granite Hill Packaging,Maya Chen,Proposal,134144.29
D19768,Redwood Park Retail,Lucas Reed,Proposal,89608.84
D19769,Canyon Springs Packaging,Lucas Reed,Qualified,31782.87
D19770,Maple Springs Construction,Maya Chen,New,181921.32
D19771,Silver Bend Retail,Owen Brooks,New,16328.12
D19772,Summit Park Foods,Maya Chen,Qualified,38899.99
D19773,Sierra Lake Software,Nora Patel,Proposal,53807.09
D19774,Pine Hill Distribution,Marcus Bell,Qualified,29284.81
D19775,Sierra Grove Packaging,Nora Patel,Qualified,101994.40
D19776,Canyon Springs Dental,Nora Patel,Negotiation,40662.60
D19777,Orchard Heights Energy,Jordan Ellis,Negotiation,142909.45
D19778,Aspen Valley Manufacturing,Maya Chen,Negotiation,120942.22
D19779,Aspen Ridge Manufacturing,Nora Patel,New,138460.60
D19780,Cypress Hill Telecom,Lucas Reed,Qualified,112736.54
D19781,Summit Point Logistics,Priya Shah,Closed Won,126231.13
D19782,Sierra Crest Energy,Jordan Ellis,New,383337.23
D19783,Sierra Springs Energy,Nora Patel,Negotiation,94903.15
D19784,Redwood Point Telecom,Owen Brooks,New,193067.89
D19785,Aspen Hill Telecom,Jordan Ellis,New,74707.86
D19786,Summit Creek Software,Elena Cruz,Closed Lost,62518.17
D19787,Sterling Bend Software,Elena Cruz,Closed Won,136595.77
D19788,Granite Park Dental,Maya Chen,Closed Won,58024.22
D19789,Cypress Ridge Consulting,Priya Shah,New,39859.80
D19790,Summit Heights Medical,Priya Shah,Qualified,40913.81
D19791,Canyon Ridge Construction,Nora Patel,Negotiation,12018.31
D19792,Summit Ridge Manufacturing,Nora Patel,Closed Lost,141204.70
D19793,Cedar Ridge Engineering,Marcus Bell,Negotiation,202157.93
D19794,Summit Bend Logistics,Jordan Ellis,Qualified,73860.29
D19795,Alder Ridge Dental,Lucas Reed,Qualified,49278.26
D19796,Orchard Crest Packaging,Jordan Ellis,Closed Won,23548.15
D19797,Harbor Lake Engineering,Nora Patel,Proposal,57013.04
D19798,Cypress Ridge Logistics,Marcus Bell,Negotiation,111581.33
D19799,Maple Grove Manufacturing,Nora Patel,Proposal,66333.45
D19800,Alder Valley Logistics,Nora Patel,Closed Won,24594.64
D19801,Aspen Heights Distribution,Lucas Reed,Negotiation,138776.95
D19802,Juniper Crest Packaging,Lucas Reed,Proposal,127696.16
D19803,Summit Creek Hospitality,Lucas Reed,Proposal,41995.17
D19804,Cypress Lake Hospitality,Maya Chen,New,40497.17
D19805,Aspen Creek Telecom,Priya Shah,Closed Won,49812.35
D19806,Cypress Ridge Hospitality,Nora Patel,Proposal,49653.99
D19807,Summit Creek Packaging,Nora Patel,Qualified,59048.30
D19808,Sierra Creek Medical,Owen Brooks,Proposal,75981.36
D19809,Sequoia Hill Logistics,Jordan Ellis,Closed Won,61297.73
D19810,Maple Bend Dental,Maya Chen,Closed Lost,17768.92
D19811,Mesa Ridge Distribution,Jordan Ellis,Closed Lost,129986.95
D19812,Redwood Springs Software,Marcus Bell,Closed Won,119082.89
D19813,Sterling Crest Agriculture,Maya Chen,Negotiation,25891.31
D19814,Juniper Bend Hospitality,Maya Chen,Closed Won,44112.08
D19815,Maple Lake Dental,Elena Cruz,New,21568.90
D19816,Canyon Lake Manufacturing,Jordan Ellis,Qualified,255535.99
D19817,Cedar Valley Energy,Nora Patel,Proposal,129675.52
D19818,Sequoia Creek Manufacturing,Marcus Bell,Proposal,236015.09
D19819,Sequoia Hill Construction,Lucas Reed,Qualified,109659.26
D19820,Aspen Grove Energy,Elena Cruz,New,195329.37
D19821,Redwood Crest Foods,Maya Chen,Proposal,21048.79
D19822,Alder Valley Consulting,Lucas Reed,New,12523.13
D19823,Summit Ridge Hospitality,Elena Cruz,New,29746.34
D19824,Sterling Creek Manufacturing,Nora Patel,Closed Lost,59701.61
D19825,Sterling Creek Engineering,Marcus Bell,Qualified,220289.54
D19826,Canyon Creek Agriculture,Jordan Ellis,Qualified,61579.02
D19827,Redwood Heights Construction,Lucas Reed,Closed Won,37604.37
D19828,Willow Valley Hospitality,Marcus Bell,Proposal,108139.15
D19829,Cypress Park Agriculture,Nora Patel,Proposal,97161.35
D19830,Prairie Grove Hospitality,Jordan Ellis,Qualified,43655.53
D19831,Summit Heights Logistics,Elena Cruz,New,29919.68
D19832,Prairie Grove Software,Priya Shah,Closed Won,72832.98
D19833,Redwood Crest Manufacturing,Jordan Ellis,Qualified,78934.91
D19834,Prairie Crest Software,Maya Chen,Qualified,95421.89
D19835,Granite Springs Energy,Priya Shah,Closed Lost,317102.09
D19836,Prairie Point Hospitality,Maya Chen,Negotiation,96451.27
D19837,Cypress Creek Telecom,Elena Cruz,Closed Won,77945.73
D19838,Laurel Point Energy,Jordan Ellis,Closed Won,144848.40
D19839,Coral Bend Engineering,Marcus Bell,Negotiation,106855.18
D19840,Summit Springs Retail,Nora Patel,Qualified,36615.14
D19841,Maple Grove Agriculture,Jordan Ellis,Qualified,18991.42
D19842,Cedar Valley Software,Owen Brooks,Closed Lost,21414.99
D19843,Pine Lake Manufacturing,Marcus Bell,Negotiation,140704.37
D19844,Orchard Hill Manufacturing,Maya Chen,Proposal,152352.85
D19845,Sequoia Grove Telecom,Lucas Reed,Proposal,169630.12
D19846,Birch Hill Packaging,Nora Patel,Closed Won,88433.38
D19847,Summit Heights Manufacturing,Owen Brooks,Closed Lost,358439.78
D19848,Sequoia Hill Engineering,Lucas Reed,Negotiation,55368.18
D19849,Canyon Heights Logistics,Marcus Bell,Closed Won,59107.01
D19850,Sterling Bend Telecom,Priya Shah,New,51691.87
D19851,Aspen Point Energy,Lucas Reed,Closed Lost,137337.51
D19852,Sequoia Bend Manufacturing,Elena Cruz,Closed Won,193767.97
D19853,Silver Lake Packaging,Owen Brooks,Proposal,67326.82
D19854,Mesa Crest Hospitality,Jordan Ellis,Negotiation,42452.51
D19855,Summit Point Telecom,Priya Shah,Qualified,55183.49
D19856,Harbor Heights Energy,Elena Cruz,Negotiation,390392.39
D19857,Alder Grove Telecom,Elena Cruz,Proposal,60615.37
D19858,Sequoia Ridge Engineering,Marcus Bell,Qualified,205265.78
D19859,Harbor Springs Hospitality,Nora Patel,Qualified,33028.11
D19860,Harbor Valley Distribution,Lucas Reed,Qualified,14587.59
D19861,Cypress Lake Packaging,Lucas Reed,Proposal,29088.35
D19862,Mesa Point Hospitality,Priya Shah,Proposal,85007.60
D19863,Laurel Springs Software,Nora Patel,Proposal,60135.89
D19864,Mesa Bend Consulting,Marcus Bell,Qualified,41197.89
D19865,Cypress Lake Retail,Owen Brooks,Qualified,38447.17
D19866,Summit Park Energy,Owen Brooks,Qualified,149472.12
D19867,Summit Park Manufacturing,Jordan Ellis,Closed Lost,100677.95
D19868,Cedar Creek Foods,Elena Cruz,Negotiation,94529.88
D19869,Orchard Lake Construction,Lucas Reed,Closed Won,117514.31
D19870,Copper Point Software,Nora Patel,Qualified,132309.33
D19871,Pine Ridge Consulting,Marcus Bell,Proposal,47143.38
D19872,Cypress Ridge Energy,Nora Patel,Negotiation,163368.97
D19873,Alder Heights Retail,Marcus Bell,Proposal,30344.54
D19874,Juniper Heights Dental,Jordan Ellis,Qualified,21818.09
D19875,Silver Park Consulting,Jordan Ellis,Proposal,22406.17
D19876,Canyon Park Manufacturing,Priya Shah,Negotiation,99846.24
D19877,Aspen Heights Energy,Marcus Bell,Qualified,149676.98
D19878,Sterling Point Consulting,Maya Chen,Closed Lost,27342.04
D19879,Aspen Heights Dental,Lucas Reed,Closed Won,27655.35
D19880,Summit Crest Logistics,Jordan Ellis,Negotiation,100542.08
D19881,Sterling Grove Engineering,Nora Patel,Qualified,76611.40
D19882,Alder Hill Distribution,Jordan Ellis,Closed Won,117287.00
D19883,Canyon Valley Medical,Elena Cruz,Qualified,173534.06
D19884,Orchard Grove Software,Jordan Ellis,New,67343.43
D19885,Summit Hill Engineering,Lucas Reed,Closed Won,74700.63
D19886,Sierra Springs Agriculture,Lucas Reed,Closed Lost,11128.63
D19887,Sterling Springs Agriculture,Marcus Bell,Negotiation,63572.02
D19888,Birch Creek Distribution,Priya Shah,Qualified,45678.42
D19889,Sierra Springs Engineering,Owen Brooks,Qualified,106259.87
D19890,Summit Park Software,Maya Chen,Closed Won,28560.25
D19891,Summit Creek Foods,Elena Cruz,New,16100.34
D19892,Prairie Heights Medical,Owen Brooks,Proposal,33134.72
D19893,Sequoia Grove Software,Marcus Bell,Qualified,113619.23
D19894,Maple Springs Software,Maya Chen,New,15816.49
D19895,Willow Creek Manufacturing,Elena Cruz,Proposal,84705.22
D19896,Juniper Springs Agriculture,Priya Shah,Closed Lost,41439.61
D19897,Prairie Valley Dental,Jordan Ellis,New,22062.39
D19898,Summit Lake Software,Owen Brooks,Closed Lost,63071.99
D19899,Maple Crest Distribution,Maya Chen,Proposal,31848.66
D19900,Summit Heights Packaging,Maya Chen,Closed Lost,117182.97
D19901,Silver Point Foods,Priya Shah,Closed Won,44043.39
D19902,Coral Lake Retail,Owen Brooks,Qualified,49994.89
D19903,Sterling Valley Consulting,Lucas Reed,Proposal,53925.88
D19904,Alder Crest Distribution,Jordan Ellis,Proposal,147434.26
D19905,Birch Springs Energy,Maya Chen,Qualified,27614.88
D19906,Sierra Grove Medical,Maya Chen,Proposal,81346.93
D19907,Sequoia Heights Consulting,Jordan Ellis,Qualified,37433.62
D19908,Laurel Park Dental,Lucas Reed,Qualified,40501.21
D19909,Pine Valley Construction,Elena Cruz,Proposal,62150.30
D19910,Juniper Heights Packaging,Nora Patel,Closed Won,146287.36
D19911,Cedar Creek Energy,Lucas Reed,Proposal,378860.51
D19912,Summit Springs Retail,Nora Patel,Proposal,23369.06
D19913,Pine Crest Distribution,Marcus Bell,Closed Won,94809.50
D19914,Redwood Creek Telecom,Owen Brooks,Qualified,133491.92
D19915,Orchard Valley Manufacturing,Elena Cruz,Closed Lost,173659.66
D19916,Redwood Lake Distribution,Jordan Ellis,Closed Won,98895.60
D19917,Silver Heights Software,Elena Cruz,New,72322.39
D19918,Maple Lake Telecom,Marcus Bell,Closed Won,195318.51
D19919,Willow Lake Agriculture,Priya Shah,Closed Won,124240.54
D19920,Summit Crest Distribution,Maya Chen,Qualified,90327.68
D19921,Willow Grove Telecom,Priya Shah,New,130716.40
D19922,Redwood Hill Agriculture,Elena Cruz,Qualified,96581.43
D19923,Cedar Grove Manufacturing,Nora Patel,Closed Won,272749.80
D19924,Copper Crest Hospitality,Elena Cruz,Negotiation,33214.56
D19925,Prairie Lake Construction,Elena Cruz,Negotiation,131809.29
D19926,Summit Valley Packaging,Jordan Ellis,Proposal,90882.52
D19927,Birch Park Construction,Jordan Ellis,Proposal,54772.01
D19928,Granite Valley Hospitality,Jordan Ellis,New,9819.71
D19929,Orchard Creek Distribution,Marcus Bell,Closed Won,120632.90
D19930,Canyon Point Medical,Jordan Ellis,Closed Lost,101868.50
D19931,Coral Crest Telecom,Lucas Reed,New,103877.86
D19932,Sequoia Springs Software,Maya Chen,New,138816.00
D19933,Orchard Hill Dental,Elena Cruz,New,15532.52
D19934,Laurel Point Medical,Nora Patel,Negotiation,142310.13
D19935,Alder Point Medical,Jordan Ellis,Closed Won,158633.53
D19936,Willow Point Hospitality,Priya Shah,Negotiation,113042.48
D19937,Aspen Grove Foods,Marcus Bell,Proposal,87306.26
D19938,Juniper Park Manufacturing,Owen Brooks,Negotiation,280766.44
D19939,Coral Hill Packaging,Owen Brooks,Qualified,36508.86
D19940,Sierra Ridge Consulting,Owen Brooks,Proposal,49969.04
D19941,Copper Lake Construction,Jordan Ellis,New,140498.88
D19942,Prairie Ridge Consulting,Marcus Bell,Qualified,57927.86
D19943,Cedar Creek Logistics,Priya Shah,New,133845.02
D19944,Orchard Park Distribution,Jordan Ellis,New,46816.59
D19945,Mesa Park Distribution,Elena Cruz,Closed Won,118021.14
D19946,Sterling Crest Construction,Elena Cruz,New,71171.91
D19947,Silver Creek Medical,Nora Patel,Qualified,145983.25
D19948,Mesa Ridge Hospitality,Lucas Reed,Qualified,111463.36
D19949,Sierra Crest Packaging,Elena Cruz,New,106682.74
D19950,Coral Hill Telecom,Lucas Reed,Negotiation,162824.06
D19951,Orchard Heights Hospitality,Jordan Ellis,Proposal,81995.92
D19952,Cypress Park Energy,Jordan Ellis,New,289267.84
D19953,Cedar Crest Energy,Priya Shah,Proposal,269597.55
D19954,Aspen Creek Retail,Priya Shah,New,29768.94
D19955,Copper Park Hospitality,Jordan Ellis,New,64979.95
D19956,Redwood Park Consulting,Maya Chen,New,27394.09
D19957,Redwood Park Energy,Elena Cruz,New,66113.32
D19958,Sequoia Creek Engineering,Elena Cruz,Closed Won,81437.73
D19959,Granite Lake Software,Priya Shah,Qualified,40096.80
D19960,Maple Bend Medical,Owen Brooks,Proposal,58949.40
D19961,Redwood Ridge Dental,Owen Brooks,Qualified,42219.54
D19962,Redwood Point Packaging,Lucas Reed,Qualified,30292.67
D19963,Redwood Springs Software,Marcus Bell,Closed Won,44312.60
D19964,Redwood Lake Logistics,Priya Shah,Closed Lost,58702.15
D19965,Aspen Springs Software,Maya Chen,Negotiation,41957.70
D19966,Aspen Lake Distribution,Elena Cruz,New,80974.10
D19967,Pine Heights Construction,Lucas Reed,Qualified,203988.02
D19968,Sequoia Crest Energy,Priya Shah,Closed Won,64159.25
D19969,Mesa Lake Hospitality,Marcus Bell,Proposal,27624.29
D19970,Copper Bend Manufacturing,Nora Patel,Proposal,184091.51
D19971,Orchard Heights Hospitality,Jordan Ellis,Qualified,66076.18
D19972,Cedar Lake Consulting,Priya Shah,Negotiation,62682.45
D19973,Orchard Park Manufacturing,Marcus Bell,Closed Lost,253075.22
D19974,Orchard Point Foods,Maya Chen,Closed Won,33051.41
D19975,Granite Crest Consulting,Jordan Ellis,Closed Lost,29946.33
D19976,Sequoia Crest Agriculture,Owen Brooks,Qualified,32466.93
D19977,Silver Hill Engineering,Jordan Ellis,Proposal,51191.37
D19978,Canyon Springs Logistics,Owen Brooks,Closed Won,89627.87
D19979,Sterling Springs Logistics,Owen Brooks,Closed Lost,54050.38
D19980,Prairie Bend Engineering,Maya Chen,Closed Won,147191.32
D19981,Cedar Creek Distribution,Jordan Ellis,Proposal,122630.25
D19982,Granite Ridge Packaging,Priya Shah,Closed Lost,70634.16
D19983,Birch Heights Construction,Owen Brooks,Qualified,92214.12
D19984,Granite Lake Telecom,Maya Chen,New,115164.11
D19985,Birch Springs Software,Jordan Ellis,Closed Won,45942.12
D19986,Granite Point Consulting,Priya Shah,Closed Won,32708.71
D19987,Copper Park Medical,Nora Patel,Qualified,95789.67
D19988,Silver Lake Foods,Marcus Bell,Closed Won,30218.30
D19989,Birch Point Energy,Elena Cruz,Closed Won,92535.04
D19990,Redwood Bend Dental,Marcus Bell,Qualified,6207.41
D19991,Summit Crest Engineering,Lucas Reed,Qualified,146623.41
D19992,Juniper Heights Hospitality,Lucas Reed,Proposal,42303.23
D19993,Birch Point Engineering,Marcus Bell,Proposal,59662.82
D19994,Sierra Hill Foods,Priya Shah,Proposal,48093.22
D19995,Sterling Grove Manufacturing,Owen Brooks,Qualified,186827.35
D19996,Summit Grove Agriculture,Jordan Ellis,Negotiation,58194.09
D19997,Canyon Hill Dental,Jordan Ellis,Proposal,54291.22
D19998,Prairie Heights Consulting,Nora Patel,Negotiation,61455.66
D19999,Canyon Park Construction,Jordan Ellis,Negotiation,40926.10
D20000,Copper Ridge Distribution,Elena Cruz,Proposal,88741.78
D20001,Cedar Hill Consulting,Nora Patel,New,76245.29
D20002,Mesa Lake Engineering,Nora Patel,Negotiation,38334.46
D20003,Sierra Park Manufacturing,Maya Chen,New,252766.36
D20004,Sierra Hill Energy,Jordan Ellis,Proposal,33161.08
D20005,Pine Valley Medical,Maya Chen,New,42767.52
D20006,Silver Grove Retail,Jordan Ellis,Closed Lost,34525.96
D20007,Laurel Ridge Logistics,Jordan Ellis,Qualified,161358.29
D20008,Willow Creek Logistics,Jordan Ellis,Closed Lost,63436.61
D20009,Orchard Hill Logistics,Marcus Bell,Negotiation,54714.52
D20010,Cedar Crest Medical,Owen Brooks,Closed Won,112661.96
D20011,Granite Bend Medical,Priya Shah,Qualified,110237.86
D20012,Harbor Heights Packaging,Owen Brooks,Qualified,49207.80
D20013,Sierra Heights Software,Marcus Bell,Closed Lost,53451.26
D20014,Granite Bend Retail,Elena Cruz,Negotiation,45352.20
D20015,Pine Crest Energy,Owen Brooks,Proposal,86756.77
D20016,Cypress Hill Manufacturing,Nora Patel,Qualified,89021.73
D20017,Prairie Ridge Engineering,Priya Shah,Qualified,169562.38
D20018,Maple Grove Packaging,Owen Brooks,Closed Won,101200.10
D20019,Canyon Park Dental,Nora Patel,New,48280.64
D20020,Sterling Point Packaging,Owen Brooks,Negotiation,40194.48
D20021,Coral Bend Telecom,Lucas Reed,Proposal,180128.72
D20022,Orchard Heights Construction,Priya Shah,Negotiation,30205.36
D20023,Cypress Grove Construction,Owen Brooks,Negotiation,47489.51
D20024,Cypress Springs Software,Priya Shah,New,82257.03
D20025,Granite Lake Hospitality,Jordan Ellis,Proposal,42162.34
D20026,Sierra Bend Telecom,Maya Chen,Closed Lost,47183.06
D20027,Maple Grove Consulting,Maya Chen,Closed Lost,37972.61
D20028,Granite Grove Retail,Nora Patel,Negotiation,40725.58
D20029,Laurel Bend Medical,Marcus Bell,New,31074.30
D20030,Aspen Creek Telecom,Priya Shah,Proposal,155486.40
D20031,Juniper Point Manufacturing,Lucas Reed,Closed Won,243127.87
D20032,Silver Lake Agriculture,Jordan Ellis,Closed Won,90929.98
D20033,Willow Crest Packaging,Elena Cruz,Qualified,23964.70
D20034,Summit Ridge Software,Marcus Bell,Closed Lost,29245.37
D20035,Willow Grove Energy,Lucas Reed,Proposal,421708.50
D20036,Granite Ridge Energy,Owen Brooks,Proposal,305283.91
D20037,Sequoia Bend Agriculture,Owen Brooks,New,69606.52
D20038,Orchard Point Manufacturing,Jordan Ellis,Proposal,105520.36
D20039,Cypress Park Distribution,Owen Brooks,Closed Won,62742.36
D20040,Laurel Bend Agriculture,Marcus Bell,Negotiation,31331.13
D20041,Maple Springs Consulting,Lucas Reed,Proposal,32347.88
D20042,Sequoia Creek Dental,Jordan Ellis,Qualified,12459.67
D20043,Juniper Grove Engineering,Lucas Reed,Proposal,78116.46
D20044,Silver Hill Distribution,Nora Patel,Closed Lost,36139.81
D20045,Copper Hill Logistics,Lucas Reed,New,93508.38
D20046,Cypress Hill Engineering,Marcus Bell,Closed Won,61309.89
D20047,Granite Park Logistics,Jordan Ellis,Qualified,27035.41
D20048,Redwood Valley Retail,Priya Shah,New,109081.70
D20049,Prairie Bend Telecom,Nora Patel,Qualified,52525.57
D20050,Willow Heights Telecom,Lucas Reed,Closed Won,52112.05
D20051,Prairie Point Retail,Owen Brooks,Negotiation,40609.41
D20052,Willow Creek Consulting,Nora Patel,Closed Lost,25906.38
D20053,Maple Grove Medical,Jordan Ellis,Closed Won,191117.92
D20054,Orchard Park Engineering,Elena Cruz,Closed Won,48184.20
D20055,Summit Park Logistics,Nora Patel,Proposal,83904.20
D20056,Silver Bend Hospitality,Maya Chen,New,45034.89
D20057,Coral Ridge Construction,Owen Brooks,Qualified,111753.64
D20058,Canyon Point Construction,Marcus Bell,Negotiation,85387.75
D20059,Coral Hill Software,Marcus Bell,Closed Lost,65634.71
D20060,Cedar Hill Medical,Owen Brooks,Negotiation,71567.42
D20061,Sterling Crest Dental,Jordan Ellis,Closed Lost,61137.36
D20062,Cedar Heights Construction,Nora Patel,Closed Lost,204380.76
D20063,Juniper Point Construction,Priya Shah,Qualified,44506.28
D20064,Maple Valley Hospitality,Nora Patel,New,37314.00
D20065,Juniper Grove Packaging,Marcus Bell,Qualified,78446.54
D20066,Cypress Ridge Software,Owen Brooks,Qualified,123562.67
D20067,Sterling Ridge Agriculture,Priya Shah,Proposal,48978.15
D20068,Pine Ridge Packaging,Elena Cruz,Closed Won,33693.26
D20069,Granite Park Logistics,Jordan Ellis,Closed Won,61202.55
D20070,Summit Creek Foods,Elena Cruz,Closed Won,44897.47
D20071,Birch Grove Packaging,Maya Chen,Proposal,74696.53
D20072,Birch Valley Hospitality,Owen Brooks,Proposal,20558.47
D20073,Aspen Springs Consulting,Lucas Reed,Qualified,25140.57
D20074,Coral Bend Distribution,Priya Shah,Closed Lost,110554.40
D20075,Maple Crest Foods,Lucas Reed,Proposal,44073.21
D20076,Maple Park Dental,Marcus Bell,Qualified,23482.40
D20077,Copper Point Retail,Elena Cruz,Negotiation,25333.03
D20078,Pine Grove Agriculture,Nora Patel,Qualified,57973.99
D20079,Maple Lake Hospitality,Nora Patel,Proposal,113370.63
D20080,Cedar Lake Hospitality,Nora Patel,Qualified,38584.37
D20081,Copper Point Energy,Marcus Bell,Closed Lost,134053.18
D20082,Willow Lake Software,Nora Patel,New,32690.65
D20083,Canyon Lake Construction,Maya Chen,Closed Lost,62774.00
D20084,Sterling Point Agriculture,Jordan Ellis,Qualified,94311.66
D20085,Sierra Ridge Distribution,Jordan Ellis,New,104577.52
D20086,Laurel Ridge Medical,Owen Brooks,Negotiation,59200.71
D20087,Coral Crest Hospitality,Elena Cruz,Closed Lost,20525.82
D20088,Summit Grove Agriculture,Jordan Ellis,Closed Won,78106.47
D20089,Silver Bend Manufacturing,Priya Shah,Negotiation,289849.41
D20090,Sierra Valley Packaging,Maya Chen,Negotiation,37154.32
D20091,Harbor Hill Medical,Nora Patel,Closed Won,14512.70
D20092,Pine Creek Medical,Marcus Bell,Qualified,231784.45
D20093,Orchard Park Energy,Lucas Reed,Proposal,184102.95
D20094,Summit Valley Retail,Marcus Bell,Closed Lost,28563.57
D20095,Coral Point Retail,Elena Cruz,Qualified,43187.31
D20096,Sterling Lake Telecom,Nora Patel,New,90976.80
D20097,Coral Crest Packaging,Owen Brooks,Negotiation,19533.09
D20098,Granite Creek Construction,Owen Brooks,Closed Lost,75879.32
D20099,Redwood Point Distribution,Nora Patel,Qualified,99771.92
D20100,Cedar Creek Agriculture,Maya Chen,Qualified,142605.39
D20101,Sierra Park Manufacturing,Maya Chen,Closed Won,66877.05
D20102,Sierra Springs Foods,Owen Brooks,Closed Lost,91267.51
D20103,Coral Crest Energy,Elena Cruz,New,61224.17
D20104,Sierra Hill Packaging,Elena Cruz,Qualified,59141.68
D20105,Sterling Hill Hospitality,Lucas Reed,Closed Lost,38935.57
D20106,Mesa Lake Engineering,Nora Patel,Closed Won,145794.30
D20107,Cypress Ridge Manufacturing,Maya Chen,Proposal,180320.68
D20108,Willow Point Distribution,Maya Chen,Proposal,46717.93
D20109,Redwood Crest Hospitality,Owen Brooks,Qualified,45168.74
D20110,Canyon Park Software,Jordan Ellis,Qualified,35192.43
D20111,Summit Creek Packaging,Nora Patel,Closed Lost,75457.67
D20112,Pine Springs Retail,Lucas Reed,Qualified,18506.58
D20113,Birch Park Hospitality,Maya Chen,Proposal,88320.44
D20114,Prairie Ridge Software,Priya Shah,New,92304.46
D20115,Silver Lake Distribution,Priya Shah,Closed Won,153555.80
D20116,Mesa Crest Foods,Priya Shah,Qualified,27678.19
D20117,Sierra Valley Construction,Nora Patel,Proposal,59167.07
D20118,Alder Springs Distribution,Nora Patel,Closed Won,30769.56
D20119,Maple Hill Manufacturing,Elena Cruz,Qualified,31319.94
D20120,Canyon Grove Energy,Marcus Bell,Qualified,257031.43
D20121,Granite Crest Construction,Nora Patel,Negotiation,51100.68
D20122,Mesa Crest Retail,Maya Chen,Negotiation,21429.49
D20123,Silver Grove Manufacturing,Elena Cruz,Negotiation,79564.20
D20124,Redwood Hill Foods,Maya Chen,Negotiation,12375.41
D20125,Prairie Heights Foods,Lucas Reed,New,24767.10
D20126,Redwood Lake Dental,Jordan Ellis,Qualified,55442.72
D20127,Pine Point Packaging,Lucas Reed,New,25854.82
D20128,Aspen Creek Telecom,Priya Shah,Closed Won,121929.54
D20129,Granite Heights Energy,Maya Chen,New,60863.56
D20130,Silver Springs Hospitality,Marcus Bell,New,23771.61
D20131,Aspen Hill Agriculture,Owen Brooks,Closed Lost,80333.91
D20132,Alder Valley Distribution,Marcus Bell,Closed Won,100772.70
D20133,Maple Lake Manufacturing,Maya Chen,Qualified,208662.64
D20134,Mesa Creek Manufacturing,Elena Cruz,Closed Lost,269172.61
D20135,Willow Point Engineering,Lucas Reed,Negotiation,65326.30
D20136,Copper Springs Energy,Jordan Ellis,Negotiation,288858.49
D20137,Pine Park Software,Marcus Bell,Qualified,40405.62
D20138,Summit Bend Software,Lucas Reed,Negotiation,128129.18
D20139,Maple Grove Telecom,Lucas Reed,Proposal,164352.71
D20140,Pine Lake Energy,Lucas Reed,Proposal,338902.33
D20141,Harbor Heights Agriculture,Jordan Ellis,Negotiation,89117.18
D20142,Prairie Point Construction,Jordan Ellis,Negotiation,124167.38
D20143,Sterling Lake Logistics,Nora Patel,Proposal,113210.75
D20144,Cypress Creek Energy,Marcus Bell,Proposal,178482.49
D20145,Aspen Grove Telecom,Lucas Reed,Qualified,180433.86
D20146,Maple Hill Consulting,Nora Patel,Closed Won,29312.69
D20147,Pine Bend Foods,Maya Chen,Proposal,45232.12
D20148,Copper Point Consulting,Jordan Ellis,Negotiation,49196.98
D20149,Summit Point Retail,Priya Shah,Qualified,60057.68
D20150,Willow Lake Agriculture,Priya Shah,Proposal,125584.44
D20151,Pine Crest Engineering,Maya Chen,Proposal,48739.74
D20152,Sequoia Valley Distribution,Elena Cruz,Closed Won,72871.93
D20153,Harbor Creek Packaging,Marcus Bell,Qualified,123644.20
D20154,Laurel Springs Hospitality,Marcus Bell,Negotiation,29753.45
D20155,Coral Grove Logistics,Marcus Bell,Qualified,104923.35
D20156,Sequoia Creek Engineering,Elena Cruz,Closed Won,109341.99
D20157,Laurel Springs Hospitality,Marcus Bell,Proposal,74696.83
D20158,Juniper Creek Consulting,Marcus Bell,Proposal,35807.29
D20159,Juniper Point Agriculture,Nora Patel,Negotiation,87439.26
D20160,Prairie Creek Dental,Nora Patel,Proposal,10391.71
D20161,Maple Creek Manufacturing,Marcus Bell,Proposal,55628.26
D20162,Sterling Valley Energy,Owen Brooks,New,89083.43
D20163,Orchard Hill Engineering,Owen Brooks,Negotiation,102969.90
D20164,Redwood Park Retail,Lucas Reed,Negotiation,37009.45
D20165,Harbor Valley Agriculture,Priya Shah,Qualified,111848.08
D20166,Cypress Ridge Software,Owen Brooks,New,24508.55
D20167,Canyon Park Packaging,Lucas Reed,Qualified,137194.91
D20168,Canyon Park Dental,Nora Patel,Qualified,32277.36
D20169,Orchard Lake Dental,Maya Chen,Closed Won,38267.72
D20170,Birch Park Software,Jordan Ellis,Qualified,89593.87
D20171,Cypress Bend Hospitality,Elena Cruz,Closed Lost,68509.86
D20172,Alder Bend Retail,Priya Shah,Proposal,56396.09
D20173,Maple Valley Foods,Owen Brooks,Proposal,95708.20
D20174,Cypress Bend Retail,Lucas Reed,Negotiation,40829.72
D20175,Laurel Hill Distribution,Nora Patel,Closed Won,148606.06
D20176,Sierra Valley Foods,Nora Patel,Negotiation,54325.62
D20177,Silver Point Packaging,Elena Cruz,Closed Lost,62549.37
D20178,Coral Springs Engineering,Priya Shah,Qualified,130018.93
D20179,Sterling Grove Construction,Nora Patel,Qualified,85280.64
D20180,Canyon Crest Consulting,Owen Brooks,Qualified,42113.97
D20181,Summit Point Engineering,Elena Cruz,Proposal,62606.10
D20182,Harbor Springs Telecom,Marcus Bell,Proposal,196080.99
D20183,Birch Bend Logistics,Priya Shah,Qualified,104625.34
D20184,Pine Grove Engineering,Priya Shah,Closed Won,132924.77
D20185,Juniper Bend Manufacturing,Priya Shah,Proposal,353190.46
D20186,Alder Creek Energy,Elena Cruz,Qualified,133780.04
D20187,Orchard Ridge Telecom,Owen Brooks,Qualified,182441.48
D20188,Pine Heights Construction,Lucas Reed,Qualified,91245.91
D20189,Sequoia Crest Energy,Priya Shah,Proposal,70744.14
D20190,Sterling Heights Medical,Lucas Reed,New,61956.70
D20191,Summit Springs Distribution,Marcus Bell,Closed Lost,148404.05
D20192,Sterling Valley Engineering,Maya Chen,Qualified,70060.19
D20193,Summit Lake Distribution,Elena Cruz,Closed Won,164484.94
D20194,Canyon Hill Engineering,Elena Cruz,New,84690.33
D20195,Prairie Heights Foods,Lucas Reed,Proposal,51662.59
D20196,Copper Bend Energy,Elena Cruz,Closed Lost,332241.19
D20197,Maple Grove Manufacturing,Nora Patel,Qualified,163376.32
D20198,Mesa Bend Agriculture,Nora Patel,New,59175.22
D20199,Pine Crest Medical,Elena Cruz,Closed Won,195922.36
D20200,Juniper Creek Dental,Owen Brooks,Closed Won,50489.73
D20201,Harbor Lake Consulting,Jordan Ellis,Closed Won,24521.22
D20202,Sterling Creek Retail,Lucas Reed,Negotiation,36398.62
D20203,Harbor Grove Construction,Elena Cruz,Qualified,59760.26
D20204,Summit Springs Distribution,Marcus Bell,Closed Won,76919.32
D20205,Summit Park Dental,Marcus Bell,Proposal,35145.19
D20206,Prairie Grove Foods,Priya Shah,Proposal,23572.15
D20207,Alder Ridge Packaging,Maya Chen,Qualified,34886.31
D20208,Sierra Lake Distribution,Lucas Reed,Proposal,139942.12
D20209,Granite Bend Consulting,Jordan Ellis,Qualified,17964.41
D20210,Sierra Park Engineering,Owen Brooks,Proposal,85609.34
D20211,Coral Valley Engineering,Jordan Ellis,Closed Won,89934.19
D20212,Mesa Bend Logistics,Maya Chen,Qualified,149576.59
D20213,Juniper Creek Construction,Priya Shah,Negotiation,26567.93
D20214,Sierra Ridge Agriculture,Maya Chen,Proposal,75316.31
D20215,Willow Point Distribution,Maya Chen,Closed Lost,26985.79
D20216,Juniper Point Software,Priya Shah,Negotiation,77783.72
D20217,Sierra Park Consulting,Priya Shah,New,28672.31
D20218,Granite Heights Packaging,Lucas Reed,New,132860.74
D20219,Prairie Heights Foods,Lucas Reed,Negotiation,10504.26
D20220,Orchard Grove Hospitality,Maya Chen,Qualified,31500.51
D20221,Coral Creek Construction,Nora Patel,Negotiation,147515.77
D20222,Birch Bend Construction,Elena Cruz,Qualified,106911.65
D20223,Summit Creek Telecom,Priya Shah,New,94195.85
D20224,Willow Heights Foods,Marcus Bell,Negotiation,114273.27
D20225,Sequoia Valley Agriculture,Lucas Reed,Qualified,114237.73
D20226,Canyon Point Dental,Priya Shah,Proposal,40434.04
D20227,Cedar Heights Retail,Elena Cruz,Proposal,28701.54
D20228,Maple Ridge Packaging,Owen Brooks,Qualified,31559.59
D20229,Orchard Point Logistics,Nora Patel,Closed Won,30389.31
D20230,Harbor Heights Distribution,Priya Shah,Negotiation,57601.22
D20231,Mesa Creek Foods,Lucas Reed,Qualified,37670.76
D20232,Sequoia Heights Construction,Nora Patel,Closed Lost,101076.44
D20233,Silver Lake Retail,Lucas Reed,Closed Lost,19371.76
D20234,Mesa Crest Telecom,Maya Chen,Negotiation,101996.88
D20235,Prairie Ridge Foods,Priya Shah,New,13108.66
D20236,Harbor Creek Construction,Lucas Reed,New,192828.78
D20237,Silver Heights Distribution,Jordan Ellis,New,74074.62
D20238,Juniper Springs Hospitality,Marcus Bell,Closed Won,41233.15
D20239,Laurel Hill Distribution,Nora Patel,Closed Lost,102921.02
D20240,Coral Bend Telecom,Lucas Reed,New,50934.91
D20241,Sierra Ridge Packaging,Nora Patel,Proposal,43897.41
D20242,Willow Creek Telecom,Jordan Ellis,Negotiation,128808.22
D20243,Alder Springs Telecom,Owen Brooks,Qualified,75722.49
D20244,Copper Crest Hospitality,Elena Cruz,Negotiation,116851.50
D20245,Harbor Ridge Energy,Lucas Reed,Proposal,131485.13
D20246,Sterling Park Retail,Owen Brooks,Qualified,52794.30
D20247,Silver Crest Packaging,Lucas Reed,Proposal,40510.38
D20248,Copper Crest Dental,Priya Shah,Closed Won,12003.36
D20249,Canyon Heights Hospitality,Nora Patel,Closed Won,57473.98
D20250,Coral Creek Engineering,Nora Patel,Closed Won,105503.92
D20251,Willow Point Agriculture,Owen Brooks,Proposal,106189.49
D20252,Orchard Springs Telecom,Priya Shah,Closed Won,142491.47
D20253,Pine Park Packaging,Owen Brooks,Proposal,23823.70
D20254,Coral Park Consulting,Marcus Bell,Proposal,51403.08
D20255,Silver Springs Dental,Lucas Reed,Qualified,14603.99
D20256,Summit Bend Distribution,Maya Chen,Closed Won,135039.87
D20257,Cedar Lake Foods,Owen Brooks,Qualified,83910.37
D20258,Cedar Creek Hospitality,Lucas Reed,Qualified,102418.85
D20259,Mesa Valley Energy,Marcus Bell,Proposal,122947.87
D20260,Pine Springs Distribution,Priya Shah,Qualified,103032.37
D20261,Sierra Crest Telecom,Maya Chen,New,114825.14
D20262,Silver Crest Medical,Marcus Bell,Proposal,60247.72
D20263,Juniper Bend Telecom,Owen Brooks,Negotiation,72579.06
D20264,Silver Valley Energy,Elena Cruz,Qualified,177734.97
D20265,Sequoia Crest Packaging,Marcus Bell,Proposal,33156.53
D20266,Aspen Heights Distribution,Lucas Reed,Closed Won,55605.38
D20267,Pine Park Foods,Marcus Bell,Negotiation,42052.61
D20268,Summit Bend Telecom,Jordan Ellis,Negotiation,61064.03
D20269,Silver Lake Hospitality,Elena Cruz,New,133719.29
D20270,Alder Ridge Engineering,Nora Patel,Qualified,152343.35
D20271,Orchard Creek Distribution,Marcus Bell,Negotiation,68468.01
D20272,Cypress Bend Packaging,Owen Brooks,Proposal,55780.61
D20273,Silver Crest Manufacturing,Priya Shah,New,201502.86
D20274,Redwood Point Manufacturing,Priya Shah,New,27443.58
D20275,Coral Lake Dental,Nora Patel,Closed Won,33301.25
D20276,Coral Bend Hospitality,Elena Cruz,Proposal,63668.84
D20277,Sequoia Ridge Engineering,Marcus Bell,New,83461.44
D20278,Alder Hill Medical,Maya Chen,Proposal,41516.80
D20279,Mesa Hill Software,Priya Shah,Negotiation,67685.67
D20280,Mesa Springs Software,Owen Brooks,New,134027.52
D20281,Canyon Ridge Packaging,Maya Chen,Qualified,75646.34
D20282,Cypress Lake Software,Jordan Ellis,New,47935.28
D20283,Sterling Point Engineering,Marcus Bell,Negotiation,98613.01
D20284,Redwood Springs Retail,Lucas Reed,Proposal,58244.76
D20285,Maple Point Consulting,Owen Brooks,Negotiation,24224.16
D20286,Pine Valley Manufacturing,Marcus Bell,Closed Won,202031.80
D20287,Granite Crest Software,Nora Patel,Qualified,57352.50
D20288,Sterling Park Logistics,Owen Brooks,Closed Won,28022.64
D20289,Cypress Creek Software,Nora Patel,Closed Won,95169.99
D20290,Canyon Hill Manufacturing,Marcus Bell,Negotiation,164318.44
D20291,Sterling Grove Engineering,Nora Patel,Proposal,123187.95
D20292,Mesa Crest Agriculture,Nora Patel,Closed Won,31447.38
D20293,Pine Bend Telecom,Nora Patel,Proposal,215800.55
D20294,Prairie Point Construction,Jordan Ellis,Closed Lost,46782.42
D20295,Orchard Creek Logistics,Nora Patel,Closed Lost,23081.67
D20296,Prairie Park Agriculture,Jordan Ellis,New,38523.40
D20297,Prairie Ridge Software,Priya Shah,Proposal,77838.46
D20298,Birch Grove Telecom,Elena Cruz,Qualified,219958.79
D20299,Redwood Lake Medical,Maya Chen,Negotiation,51490.71
D20300,Coral Hill Packaging,Owen Brooks,Negotiation,144333.76
D20301,Coral Hill Packaging,Owen Brooks,New,40427.30
D20302,Summit Point Telecom,Priya Shah,Proposal,83074.66
D20303,Alder Springs Agriculture,Marcus Bell,Negotiation,73779.23
D20304,Cypress Grove Telecom,Marcus Bell,Qualified,74633.31
D20305,Willow Point Foods,Lucas Reed,Qualified,70792.75
D20306,Harbor Valley Construction,Nora Patel,Closed Won,122324.91
D20307,Maple Hill Logistics,Jordan Ellis,New,51751.98
D20308,Cypress Crest Packaging,Owen Brooks,Closed Won,31400.79
D20309,Willow Heights Packaging,Owen Brooks,Qualified,25734.26
D20310,Cypress Ridge Energy,Nora Patel,New,234583.98
D20311,Birch Hill Software,Elena Cruz,New,43314.86
D20312,Willow Ridge Construction,Elena Cruz,Negotiation,53684.69
D20313,Coral Hill Logistics,Lucas Reed,New,77860.50
D20314,Sterling Creek Energy,Elena Cruz,Qualified,216097.91
D20315,Pine Springs Medical,Jordan Ellis,Closed Won,227038.29
D20316,Granite Heights Distribution,Nora Patel,Qualified,87707.47
D20317,Harbor Heights Agriculture,Jordan Ellis,Closed Won,64874.22
D20318,Mesa Ridge Consulting,Owen Brooks,Qualified,68223.02
D20319,Summit Creek Energy,Lucas Reed,Proposal,50070.89
D20320,Silver Valley Medical,Jordan Ellis,Negotiation,36011.35
D20321,Cypress Grove Telecom,Marcus Bell,Qualified,81639.24
D20322,Sierra Ridge Hospitality,Lucas Reed,Qualified,48401.91
D20323,Prairie Hill Foods,Maya Chen,Qualified,26239.08
D20324,Mesa Lake Distribution,Lucas Reed,Qualified,95016.75
D20325,Aspen Hill Construction,Lucas Reed,Proposal,166174.30
D20326,Canyon Creek Construction,Marcus Bell,Proposal,141746.60
D20327,Silver Heights Telecom,Priya Shah,Closed Won,126838.90
D20328,Pine Grove Energy,Jordan Ellis,Negotiation,136889.87
D20329,Prairie Bend Software,Maya Chen,Proposal,30584.65
D20330,Harbor Bend Manufacturing,Lucas Reed,New,122751.47
D20331,Silver Point Logistics,Maya Chen,New,155675.60
D20332,Aspen Ridge Consulting,Maya Chen,Closed Lost,12906.40
D20333,Alder Park Construction,Jordan Ellis,Proposal,31445.15
D20334,Cedar Bend Logistics,Jordan Ellis,Closed Won,35823.66
D20335,Prairie Springs Retail,Lucas Reed,Qualified,11818.29
D20336,Sierra Point Agriculture,Owen Brooks,Proposal,26178.33
D20337,Granite Bend Agriculture,Priya Shah,Closed Lost,119662.04
D20338,Coral Ridge Hospitality,Nora Patel,Closed Won,21305.64
D20339,Maple Park Medical,Elena Cruz,Negotiation,42174.69
D20340,Summit Hill Medical,Owen Brooks,Closed Lost,26218.15
D20341,Sierra Grove Retail,Priya Shah,Closed Won,53284.11
D20342,Cypress Ridge Engineering,Owen Brooks,Closed Won,103602.94
D20343,Sierra Crest Logistics,Maya Chen,Proposal,79163.36
D20344,Maple Point Consulting,Owen Brooks,Negotiation,25244.86
D20345,Coral Ridge Telecom,Marcus Bell,Qualified,102016.17
D20346,Harbor Creek Dental,Maya Chen,Proposal,18757.08
D20347,Redwood Bend Hospitality,Owen Brooks,Negotiation,32371.09
D20348,Juniper Springs Telecom,Elena Cruz,New,78700.13
D20349,Mesa Lake Hospitality,Marcus Bell,Negotiation,76979.01
D20350,Copper Crest Foods,Marcus Bell,Closed Won,90657.86
D20351,Sterling Crest Medical,Maya Chen,Closed Lost,70675.32
D20352,Sierra Valley Dental,Lucas Reed,Closed Won,12198.91
D20353,Redwood Point Logistics,Owen Brooks,Qualified,121351.81
D20354,Harbor Hill Distribution,Owen Brooks,Proposal,157320.89
D20355,Cedar Grove Packaging,Owen Brooks,Closed Won,117207.25
D20356,Prairie Valley Consulting,Owen Brooks,Negotiation,55292.77
D20357,Silver Point Construction,Priya Shah,Closed Won,82902.34
D20358,Prairie Lake Telecom,Priya Shah,Qualified,148377.12
D20359,Sterling Springs Construction,Jordan Ellis,Qualified,91240.04
D20360,Cypress Springs Energy,Jordan Ellis,New,384874.60
D20361,Sierra Bend Medical,Nora Patel,Qualified,68583.29
D20362,Alder Lake Software,Maya Chen,Proposal,43925.16
D20363,Redwood Hill Consulting,Lucas Reed,Closed Won,41463.28
D20364,Canyon Valley Software,Maya Chen,New,58426.00
D20365,Summit Crest Dental,Maya Chen,Closed Won,31787.90
D20366,Cypress Springs Foods,Priya Shah,New,67699.26
D20367,Coral Bend Consulting,Maya Chen,Negotiation,23919.05
D20368,Aspen Park Software,Maya Chen,Closed Lost,62355.40
D20369,Mesa Heights Foods,Marcus Bell,Proposal,72532.22
D20370,Harbor Point Energy,Priya Shah,Negotiation,304330.67
D20371,Sierra Bend Retail,Maya Chen,Closed Won,18120.51
D20372,Willow Bend Engineering,Priya Shah,Closed Won,135557.52
D20373,Sterling Springs Dental,Nora Patel,Proposal,50198.92
D20374,Cypress Grove Retail,Marcus Bell,Qualified,26518.90
D20375,Silver Crest Construction,Jordan Ellis,Closed Won,219953.17
D20376,Alder Valley Software,Maya Chen,Closed Lost,27273.24
D20377,Redwood Bend Dental,Marcus Bell,Proposal,23927.67
D20378,Canyon Valley Engineering,Maya Chen,Qualified,102202.71
D20379,Willow Point Medical,Owen Brooks,Closed Won,55595.46
D20380,Alder Springs Dental,Nora Patel,Negotiation,12513.92
D20381,Willow Springs Engineering,Owen Brooks,Proposal,130299.96
D20382,Pine Creek Engineering,Jordan Ellis,Proposal,165210.32
D20383,Canyon Crest Agriculture,Maya Chen,Closed Lost,39321.35
D20384,Alder Springs Consulting,Elena Cruz,Closed Won,15085.06
D20385,Granite Valley Foods,Priya Shah,Proposal,47147.28
D20386,Coral Hill Construction,Marcus Bell,Closed Won,130971.94
D20387,Birch Heights Energy,Nora Patel,Qualified,286173.56
D20388,Redwood Lake Dental,Jordan Ellis,New,18328.93
D20389,Silver Crest Retail,Owen Brooks,Negotiation,78208.52
D20390,Silver Crest Manufacturing,Priya Shah,Proposal,108230.62
D20391,Harbor Point Engineering,Lucas Reed,Closed Won,23832.73
D20392,Prairie Point Retail,Owen Brooks,Proposal,42214.06
D20393,Harbor Grove Retail,Priya Shah,Closed Won,30703.62
D20394,Harbor Park Logistics,Marcus Bell,Negotiation,143514.05
D20395,Sterling Valley Engineering,Maya Chen,Closed Won,151523.03
D20396,Juniper Bend Medical,Marcus Bell,Closed Won,173350.75
D20397,Pine Heights Agriculture,Owen Brooks,New,13088.30
D20398,Pine Heights Retail,Jordan Ellis,Closed Won,79304.42
D20399,Aspen Springs Foods,Maya Chen,Closed Lost,81658.14
D20400,Orchard Grove Dental,Nora Patel,Qualified,62560.18
D20401,Mesa Heights Construction,Marcus Bell,New,79141.16
D20402,Laurel Springs Medical,Priya Shah,Closed Won,36092.33
D20403,Summit Valley Engineering,Owen Brooks,Negotiation,55556.19
D20404,Canyon Springs Engineering,Jordan Ellis,Closed Won,68545.11
D20405,Coral Crest Consulting,Maya Chen,Closed Won,83320.84
D20406,Canyon Creek Energy,Elena Cruz,Negotiation,111401.29
D20407,Birch Springs Dental,Nora Patel,Closed Won,32774.17
D20408,Summit Creek Hospitality,Lucas Reed,Qualified,95388.36
D20409,Harbor Point Consulting,Nora Patel,Qualified,34110.68
D20410,Sierra Point Logistics,Jordan Ellis,Negotiation,86776.73
D20411,Laurel Lake Retail,Lucas Reed,Proposal,54689.81
D20412,Mesa Hill Packaging,Elena Cruz,New,118809.64
D20413,Silver Creek Engineering,Priya Shah,Closed Won,107733.30
D20414,Silver Hill Consulting,Elena Cruz,Proposal,57316.06
D20415,Alder Valley Hospitality,Owen Brooks,Proposal,39769.49
D20416,Summit Creek Telecom,Priya Shah,New,151533.79
D20417,Granite Lake Manufacturing,Lucas Reed,New,112124.50
D20418,Alder Hill Agriculture,Maya Chen,Negotiation,13253.01
D20419,Copper Ridge Consulting,Priya Shah,Closed Lost,23674.36
D20420,Alder Grove Dental,Lucas Reed,Qualified,21902.83
D20421,Sequoia Heights Retail,Elena Cruz,Qualified,77894.35
D20422,Mesa Crest Packaging,Elena Cruz,Qualified,78327.06
D20423,Coral Hill Software,Marcus Bell,Qualified,56578.52
D20424,Coral Lake Construction,Jordan Ellis,Closed Won,49702.94
D20425,Cedar Hill Retail,Jordan Ellis,Proposal,42050.26
D20426,Sequoia Springs Telecom,Nora Patel,Closed Won,105485.14
D20427,Pine Crest Software,Maya Chen,Negotiation,160083.97
D20428,Redwood Creek Packaging,Lucas Reed,New,35343.37
D20429,Silver Bend Consulting,Elena Cruz,New,42743.45
D20430,Aspen Ridge Logistics,Lucas Reed,New,45134.71
D20431,Aspen Springs Construction,Maya Chen,Proposal,164896.61
D20432,Sequoia Hill Packaging,Marcus Bell,Negotiation,67834.32
D20433,Sierra Lake Construction,Nora Patel,Negotiation,174873.05
D20434,Aspen Crest Consulting,Nora Patel,Closed Lost,47162.01
D20435,Willow Grove Construction,Elena Cruz,Proposal,167907.80
D20436,Cypress Hill Dental,Priya Shah,Proposal,34144.80
D20437,Maple Point Software,Elena Cruz,Closed Lost,43117.06
D20438,Silver Park Energy,Marcus Bell,Proposal,96856.06
D20439,Redwood Heights Agriculture,Owen Brooks,Closed Lost,52585.98
D20440,Cedar Ridge Software,Marcus Bell,Negotiation,33429.61
D20441,Sterling Valley Telecom,Nora Patel,Qualified,44443.39
D20442,Sequoia Creek Telecom,Priya Shah,Negotiation,100979.57
D20443,Pine Ridge Retail,Maya Chen,Negotiation,81271.48
D20444,Willow Creek Consulting,Nora Patel,Closed Won,39153.45
D20445,Cypress Hill Energy,Elena Cruz,Closed Won,273567.45
D20446,Redwood Hill Manufacturing,Jordan Ellis,Closed Won,198265.98
D20447,Pine Valley Construction,Elena Cruz,New,122880.91
D20448,Copper Creek Energy,Marcus Bell,Closed Won,109026.13
D20449,Canyon Lake Packaging,Priya Shah,Qualified,84493.78
D20450,Alder Park Construction,Jordan Ellis,Negotiation,42264.49
D20451,Sierra Park Engineering,Owen Brooks,Closed Won,42455.52
D20452,Sterling Lake Telecom,Nora Patel,Closed Won,55267.99
D20453,Copper Bend Energy,Elena Cruz,Negotiation,188443.03
D20454,Cypress Grove Medical,Lucas Reed,Closed Won,109406.00
D20455,Maple Hill Energy,Priya Shah,Proposal,46957.82
D20456,Maple Grove Manufacturing,Nora Patel,New,236757.66
D20457,Laurel Creek Construction,Priya Shah,Negotiation,231783.09
D20458,Sierra Springs Engineering,Owen Brooks,Proposal,148951.98
D20459,Birch Park Agriculture,Marcus Bell,Qualified,31357.09
D20460,Prairie Creek Software,Jordan Ellis,Proposal,75734.51
D20461,Canyon Ridge Manufacturing,Owen Brooks,Negotiation,201496.36
D20462,Birch Lake Engineering,Maya Chen,Qualified,166419.07
D20463,Harbor Hill Logistics,Maya Chen,Proposal,54105.72
D20464,Pine Springs Logistics,Lucas Reed,Qualified,84529.39
D20465,Maple Heights Packaging,Maya Chen,Closed Lost,134461.10
D20466,Maple Valley Retail,Marcus Bell,New,21330.38
D20467,Cypress Grove Construction,Owen Brooks,Negotiation,146092.69
D20468,Copper Hill Consulting,Maya Chen,Qualified,76666.38
D20469,Juniper Point Distribution,Owen Brooks,Closed Won,27901.26
D20470,Granite Point Foods,Owen Brooks,Qualified,49127.30
D20471,Sterling Bend Hospitality,Lucas Reed,Negotiation,51762.80
D20472,Orchard Heights Medical,Nora Patel,Closed Won,35603.03
D20473,Prairie Grove Dental,Owen Brooks,Proposal,18582.91
D20474,Alder Grove Manufacturing,Owen Brooks,Proposal,89644.09
D20475,Aspen Park Telecom,Nora Patel,New,96424.93
D20476,Redwood Ridge Foods,Priya Shah,Closed Won,13170.06
D20477,Coral Creek Medical,Priya Shah,Proposal,60604.48
D20478,Copper Bend Construction,Marcus Bell,Qualified,23809.68
D20479,Cypress Creek Retail,Elena Cruz,Closed Lost,75632.50
D20480,Redwood Valley Engineering,Elena Cruz,Negotiation,148068.57
D20481,Coral Lake Retail,Owen Brooks,Qualified,27003.43
D20482,Maple Bend Logistics,Jordan Ellis,Qualified,34587.81
D20483,Willow Springs Telecom,Marcus Bell,Qualified,52262.57
D20484,Willow Grove Software,Elena Cruz,Closed Lost,65549.83
D20485,Birch Grove Distribution,Lucas Reed,Proposal,64361.80
D20486,Pine Grove Logistics,Maya Chen,Closed Won,47448.72
D20487,Sterling Lake Consulting,Lucas Reed,Qualified,40658.05
D20488,Summit Springs Manufacturing,Jordan Ellis,Closed Won,205378.81
D20489,Orchard Hill Energy,Nora Patel,Qualified,59200.93
D20490,Summit Ridge Foods,Marcus Bell,Qualified,83593.05
D20491,Laurel Grove Manufacturing,Elena Cruz,Closed Won,238883.10
D20492,Granite Creek Retail,Marcus Bell,New,18066.06
D20493,Summit Park Manufacturing,Jordan Ellis,Closed Lost,115612.12
D20494,Sequoia Heights Packaging,Maya Chen,Closed Won,97266.05
D20495,Aspen Grove Logistics,Lucas Reed,New,95309.44
D20496,Pine Grove Telecom,Maya Chen,Closed Lost,204351.14
D20497,Mesa Hill Telecom,Maya Chen,Qualified,97513.12
D20498,Willow Park Retail,Marcus Bell,Proposal,50415.26
D20499,Orchard Valley Agriculture,Owen Brooks,Closed Won,102716.69
D20500,Sequoia Point Consulting,Owen Brooks,New,27858.77
D20501,Summit Hill Medical,Owen Brooks,Proposal,116103.71
D20502,Alder Heights Software,Owen Brooks,Qualified,140451.73
D20503,Juniper Bend Dental,Nora Patel,Proposal,10612.65
D20504,Laurel Bend Retail,Owen Brooks,Qualified,35935.05
D20505,Alder Valley Dental,Marcus Bell,Closed Won,57892.70
D20506,Cypress Point Agriculture,Priya Shah,Proposal,82101.05
D20507,Granite Crest Packaging,Maya Chen,Closed Won,90638.34
D20508,Maple Park Hospitality,Owen Brooks,Closed Won,117135.10
D20509,Sierra Crest Engineering,Priya Shah,Qualified,161664.37
D20510,Maple Hill Software,Lucas Reed,Qualified,68600.60
D20511,Cedar Grove Consulting,Maya Chen,New,52762.69
D20512,Copper Creek Logistics,Elena Cruz,Proposal,23848.99
D20513,Harbor Grove Software,Elena Cruz,Closed Won,136790.07
D20514,Cedar Bend Telecom,Jordan Ellis,Qualified,241386.96
D20515,Sterling Park Manufacturing,Priya Shah,New,161640.88
D20516,Orchard Lake Engineering,Lucas Reed,Closed Won,87405.68
D20517,Laurel Heights Medical,Maya Chen,Qualified,113319.95
D20518,Copper Ridge Retail,Marcus Bell,Qualified,27465.12
D20519,Copper Hill Retail,Lucas Reed,Qualified,31237.60
D20520,Orchard Lake Construction,Lucas Reed,Proposal,13322.03
D20521,Orchard Springs Agriculture,Maya Chen,Proposal,51489.92
D20522,Willow Springs Software,Owen Brooks,Proposal,119554.87
D20523,Silver Bend Manufacturing,Priya Shah,Qualified,99784.06
D20524,Sequoia Creek Distribution,Jordan Ellis,New,181701.86
D20525,Birch Creek Retail,Lucas Reed,Proposal,100211.87
D20526,Cedar Grove Agriculture,Jordan Ellis,Closed Lost,99110.22
D20527,Orchard Springs Software,Elena Cruz,Proposal,108474.19
D20528,Sterling Hill Telecom,Priya Shah,Negotiation,66796.44
D20529,Mesa Point Packaging,Marcus Bell,Qualified,51267.79
D20530,Redwood Hill Dental,Marcus Bell,Proposal,70670.69
D20531,Alder Grove Dental,Lucas Reed,Qualified,38817.45
D20532,Alder Point Foods,Marcus Bell,Negotiation,88638.95
D20533,Pine Crest Telecom,Nora Patel,Closed Won,79119.60
D20534,Sterling Springs Software,Jordan Ellis,Proposal,81742.73
D20535,Granite Point Engineering,Owen Brooks,Qualified,225705.86
D20536,Alder Point Engineering,Marcus Bell,Proposal,70524.80
D20537,Mesa Creek Distribution,Maya Chen,New,21508.12
D20538,Birch Grove Construction,Nora Patel,Proposal,213001.32
D20539,Alder Crest Logistics,Priya Shah,Qualified,74180.23
D20540,Harbor Bend Dental,Owen Brooks,New,27636.22
D20541,Canyon Ridge Dental,Lucas Reed,New,50916.88
D20542,Redwood Lake Energy,Lucas Reed,New,231843.16
D20543,Willow Lake Telecom,Elena Cruz,Proposal,48515.78
D20544,Harbor Hill Engineering,Priya Shah,Proposal,150960.72
D20545,Harbor Crest Packaging,Elena Cruz,Proposal,104773.29
D20546,Redwood Ridge Retail,Maya Chen,Proposal,48802.39
D20547,Canyon Grove Engineering,Nora Patel,Closed Won,67908.34
D20548,Cedar Bend Packaging,Marcus Bell,Closed Won,27729.03
D20549,Laurel Lake Retail,Lucas Reed,Closed Won,82337.44
D20550,Sterling Valley Packaging,Priya Shah,Negotiation,120581.83
D20551,Redwood Grove Consulting,Marcus Bell,New,36866.70
D20552,Pine Ridge Distribution,Owen Brooks,Negotiation,48353.16
D20553,Cedar Grove Hospitality,Elena Cruz,Closed Won,56325.48
D20554,Summit Crest Logistics,Jordan Ellis,Qualified,131458.27
D20555,Sequoia Hill Agriculture,Owen Brooks,Negotiation,102112.01
D20556,Sequoia Ridge Consulting,Maya Chen,Proposal,66108.32
D20557,Juniper Springs Medical,Priya Shah,Proposal,39438.02
D20558,Redwood Valley Software,Elena Cruz,Qualified,92163.69
D20559,Sterling Hill Consulting,Owen Brooks,Qualified,40844.76
D20560,Copper Crest Energy,Elena Cruz,Closed Lost,242117.00
D20561,Willow Hill Hospitality,Jordan Ellis,Proposal,61083.11
D20562,Prairie Bend Distribution,Marcus Bell,Closed Won,127368.57
D20563,Redwood Grove Distribution,Owen Brooks,Negotiation,66490.01
D20564,Sierra Hill Construction,Priya Shah,Closed Lost,51956.87
D20565,Canyon Lake Distribution,Marcus Bell,Closed Won,138008.28
D20566,Willow Springs Retail,Marcus Bell,New,95156.43
D20567,Sterling Park Agriculture,Marcus Bell,Closed Lost,13491.40
D20568,Prairie Valley Telecom,Priya Shah,Qualified,158066.30
D20569,Granite Heights Agriculture,Marcus Bell,Qualified,128778.62
D20570,Canyon Hill Agriculture,Maya Chen,Closed Lost,34102.53
D20571,Copper Park Software,Priya Shah,Qualified,126613.36
D20572,Laurel Ridge Logistics,Jordan Ellis,Qualified,79193.75
D20573,Silver Hill Consulting,Elena Cruz,Negotiation,17880.84
D20574,Aspen Lake Packaging,Jordan Ellis,Closed Lost,32065.06
D20575,Cedar Ridge Manufacturing,Nora Patel,Qualified,294724.76
D20576,Redwood Ridge Software,Priya Shah,Proposal,62730.58
D20577,Sequoia Grove Retail,Lucas Reed,Closed Won,86083.56
D20578,Aspen Ridge Software,Marcus Bell,Proposal,106552.09
D20579,Harbor Point Energy,Priya Shah,New,109431.85
D20580,Redwood Bend Retail,Nora Patel,Negotiation,54834.24
D20581,Maple Grove Hospitality,Elena Cruz,Qualified,17252.94
D20582,Summit Hill Logistics,Jordan Ellis,Negotiation,21323.50
D20583,Summit Grove Software,Marcus Bell,Closed Lost,41080.45
D20584,Aspen Heights Retail,Elena Cruz,Closed Lost,10544.78
D20585,Orchard Ridge Telecom,Owen Brooks,Closed Lost,78401.76
D20586,Pine Grove Telecom,Maya Chen,New,67766.28
D20587,Laurel Hill Engineering,Jordan Ellis,Qualified,48643.84
D20588,Canyon Valley Agriculture,Elena Cruz,Proposal,38565.64
D20589,Orchard Bend Telecom,Marcus Bell,Proposal,79935.36
D20590,Maple Heights Agriculture,Priya Shah,Negotiation,88259.17
D20591,Sequoia Hill Logistics,Jordan Ellis,New,42929.83
D20592,Alder Ridge Hospitality,Marcus Bell,Closed Won,63913.23
D20593,Redwood Park Manufacturing,Nora Patel,Closed Won,62499.82
D20594,Prairie Crest Packaging,Priya Shah,Negotiation,36574.52
D20595,Mesa Springs Packaging,Jordan Ellis,Qualified,19783.21
D20596,Prairie Lake Manufacturing,Marcus Bell,Closed Lost,318642.99
D20597,Canyon Bend Distribution,Jordan Ellis,Qualified,15893.65
D20598,Coral Heights Construction,Maya Chen,New,125628.56
D20599,Sterling Lake Retail,Nora Patel,Negotiation,22019.87
D20600,Cypress Ridge Telecom,Marcus Bell,Qualified,166769.57
D20601,Juniper Creek Dental,Owen Brooks,New,61297.16
D20602,Granite Valley Software,Priya Shah,Qualified,60342.48
D20603,Juniper Creek Packaging,Elena Cruz,Closed Won,99542.17
D20604,Silver Crest Energy,Maya Chen,Closed Won,98307.41
D20605,Cedar Park Manufacturing,Jordan Ellis,Proposal,82623.61
D20606,Aspen Springs Software,Maya Chen,Closed Won,96199.30
D20607,Alder Heights Telecom,Marcus Bell,Closed Lost,93095.74
D20608,Sierra Ridge Engineering,Elena Cruz,New,21779.99
D20609,Copper Creek Medical,Priya Shah,Closed Won,168882.17
D20610,Maple Springs Distribution,Marcus Bell,Closed Won,23952.93
D20611,Juniper Point Medical,Nora Patel,Qualified,189522.43
D20612,Maple Valley Construction,Owen Brooks,Proposal,88122.12
D20613,Sierra Springs Engineering,Owen Brooks,Qualified,71225.94
D20614,Granite Valley Engineering,Priya Shah,Negotiation,111483.38
D20615,Copper Creek Agriculture,Priya Shah,Qualified,101467.87
D20616,Sierra Valley Energy,Marcus Bell,Proposal,235663.50
D20617,Cedar Creek Foods,Elena Cruz,Closed Lost,52819.72
D20618,Sequoia Hill Distribution,Maya Chen,New,84561.53
D20619,Copper Park Telecom,Maya Chen,New,50702.58
D20620,Aspen Heights Dental,Lucas Reed,Proposal,59108.49
D20621,Redwood Park Telecom,Lucas Reed,Closed Lost,97871.95
D20622,Canyon Valley Manufacturing,Jordan Ellis,Negotiation,79995.58
D20623,Silver Grove Consulting,Nora Patel,Closed Lost,20976.34
D20624,Juniper Crest Manufacturing,Priya Shah,Negotiation,92405.18
D20625,Prairie Lake Telecom,Priya Shah,Qualified,62355.26
D20626,Canyon Heights Foods,Owen Brooks,Closed Lost,14144.81
D20627,Mesa Park Packaging,Jordan Ellis,New,66650.46
D20628,Copper Bend Consulting,Maya Chen,New,44964.24
D20629,Laurel Bend Construction,Jordan Ellis,New,174274.28
D20630,Alder Park Packaging,Lucas Reed,Proposal,36222.98
D20631,Redwood Lake Agriculture,Maya Chen,Qualified,45652.99
D20632,Silver Bend Construction,Jordan Ellis,Closed Lost,104775.12
D20633,Granite Ridge Hospitality,Owen Brooks,Closed Won,92272.79
D20634,Granite Heights Consulting,Elena Cruz,Qualified,37142.89
D20635,Orchard Park Dental,Jordan Ellis,New,19563.31
D20636,Summit Valley Software,Owen Brooks,New,37441.07
D20637,Redwood Lake Energy,Lucas Reed,Closed Won,300267.84
D20638,Copper Crest Manufacturing,Nora Patel,Closed Won,186065.07
D20639,Juniper Ridge Distribution,Maya Chen,Qualified,77732.89
D20640,Laurel Valley Distribution,Priya Shah,Proposal,96241.11
D20641,Prairie Hill Engineering,Maya Chen,Proposal,116281.47
D20642,Mesa Park Retail,Marcus Bell,Qualified,88850.35
D20643,Redwood Lake Packaging,Nora Patel,Closed Won,48966.94
D20644,Birch Valley Energy,Owen Brooks,Qualified,264224.11
D20645,Orchard Hill Dental,Elena Cruz,Closed Won,24815.25
D20646,Granite Valley Retail,Maya Chen,Proposal,60124.91
D20647,Willow Crest Dental,Owen Brooks,New,30278.95
D20648,Aspen Springs Medical,Elena Cruz,Proposal,84286.85
D20649,Willow Park Dental,Elena Cruz,Qualified,47776.96
D20650,Pine Heights Foods,Lucas Reed,Closed Lost,24991.31
D20651,Sequoia Ridge Hospitality,Elena Cruz,Proposal,39573.60
D20652,Maple Grove Retail,Lucas Reed,New,19147.06
D20653,Copper Point Consulting,Jordan Ellis,Closed Won,28744.45
D20654,Copper Bend Telecom,Lucas Reed,Negotiation,140555.65
D20655,Mesa Heights Agriculture,Jordan Ellis,Closed Lost,36990.65
D20656,Willow Hill Logistics,Maya Chen,Closed Lost,121929.15
D20657,Sierra Valley Telecom,Elena Cruz,Proposal,57915.73
D20658,Sequoia Park Packaging,Priya Shah,Proposal,116680.15
D20659,Alder Springs Logistics,Owen Brooks,Negotiation,28021.68
D20660,Sierra Bend Agriculture,Nora Patel,Proposal,22044.95
D20661,Alder Crest Engineering,Elena Cruz,New,137510.74
D20662,Alder Grove Telecom,Elena Cruz,Closed Won,171623.23
D20663,Sterling Ridge Construction,Nora Patel,Closed Lost,42317.20
D20664,Orchard Hill Packaging,Jordan Ellis,Closed Won,49873.71
D20665,Orchard Lake Consulting,Nora Patel,Proposal,13821.48
D20666,Cypress Crest Logistics,Lucas Reed,Closed Lost,21458.33
D20667,Pine Springs Foods,Marcus Bell,Proposal,42593.84
D20668,Summit Point Packaging,Nora Patel,Negotiation,35570.59
D20669,Laurel Heights Consulting,Owen Brooks,Negotiation,28283.58
D20670,Prairie Hill Consulting,Lucas Reed,New,18420.81
D20671,Orchard Ridge Retail,Owen Brooks,Qualified,57918.19
D20672,Mesa Crest Consulting,Marcus Bell,New,17573.75
D20673,Prairie Park Dental,Priya Shah,Qualified,34361.65
D20674,Sterling Grove Medical,Priya Shah,Closed Won,101108.49
D20675,Birch Springs Consulting,Elena Cruz,Closed Won,49118.98
D20676,Alder Springs Agriculture,Marcus Bell,Proposal,105022.97
D20677,Alder Springs Agriculture,Marcus Bell,Qualified,36684.37
D20678,Laurel Crest Manufacturing,Priya Shah,New,117374.85
D20679,Sequoia Heights Hospitality,Marcus Bell,Closed Lost,51533.79
D20680,Canyon Grove Hospitality,Marcus Bell,New,56207.86
D20681,Sequoia Heights Manufacturing,Owen Brooks,Qualified,73955.13
D20682,Pine Ridge Energy,Jordan Ellis,Closed Won,108492.25
D20683,Canyon Springs Energy,Maya Chen,New,130106.98
D20684,Silver Valley Construction,Marcus Bell,Closed Won,43156.01
D20685,Alder Point Dental,Priya Shah,Closed Lost,33976.13
D20686,Summit Ridge Engineering,Marcus Bell,Closed Lost,60870.73
D20687,Harbor Ridge Telecom,Priya Shah,Negotiation,45453.71
D20688,Laurel Creek Manufacturing,Lucas Reed,Negotiation,115591.61
D20689,Coral Hill Software,Marcus Bell,Proposal,102540.99
D20690,Sierra Ridge Software,Elena Cruz,Closed Won,42708.45
D20691,Sterling Ridge Energy,Marcus Bell,Proposal,188014.10
D20692,Cypress Valley Engineering,Jordan Ellis,Qualified,151189.54
D20693,Orchard Grove Logistics,Owen Brooks,Closed Won,38533.37
D20694,Copper Point Distribution,Lucas Reed,Closed Lost,89879.74
D20695,Juniper Ridge Distribution,Maya Chen,Negotiation,108827.92
D20696,Laurel Creek Medical,Nora Patel,Qualified,35552.80
D20697,Sterling Bend Packaging,Nora Patel,Closed Won,87879.21
D20698,Juniper Crest Logistics,Owen Brooks,Negotiation,105643.96
D20699,Pine Creek Agriculture,Marcus Bell,Closed Won,50925.04
D20700,Cedar Lake Consulting,Priya Shah,Proposal,56245.19
D20701,Pine Bend Agriculture,Elena Cruz,New,20266.72
D20702,Harbor Point Engineering,Lucas Reed,New,83828.40
D20703,Pine Springs Dental,Priya Shah,Proposal,32791.57
D20704,Birch Grove Dental,Lucas Reed,Negotiation,26992.93
D20705,Harbor Ridge Consulting,Owen Brooks,Closed Won,30268.84
D20706,Summit Grove Retail,Lucas Reed,Closed Lost,31037.94
D20707,Prairie Hill Retail,Nora Patel,Qualified,38424.16
D20708,Sierra Springs Manufacturing,Maya Chen,Qualified,52510.41
D20709,Redwood Point Retail,Owen Brooks,Closed Won,67494.07
D20710,Juniper Hill Distribution,Nora Patel,Qualified,27035.36
D20711,Granite Springs Engineering,Lucas Reed,Proposal,68917.35
D20712,Maple Lake Engineering,Owen Brooks,Qualified,185543.35
D20713,Aspen Creek Energy,Lucas Reed,Proposal,238717.96
D20714,Aspen Valley Foods,Owen Brooks,Negotiation,14950.19
D20715,Canyon Heights Agriculture,Lucas Reed,Negotiation,30631.25
D20716,Orchard Ridge Logistics,Owen Brooks,Proposal,61505.92
D20717,Granite Lake Dental,Owen Brooks,Closed Won,17854.17
D20718,Cypress Park Agriculture,Nora Patel,Qualified,28721.79
D20719,Cedar Bend Foods,Lucas Reed,Proposal,67946.81
D20720,Cypress Crest Logistics,Lucas Reed,Negotiation,139797.22
D20721,Alder Springs Software,Jordan Ellis,Closed Won,121108.33
D20722,Sequoia Lake Software,Owen Brooks,Negotiation,90424.95
D20723,Laurel Springs Dental,Lucas Reed,Closed Lost,5185.16
D20724,Pine Heights Logistics,Jordan Ellis,Qualified,54639.49
D20725,Birch Bend Software,Elena Cruz,Proposal,45676.26
D20726,Summit Point Packaging,Nora Patel,Negotiation,44844.32
D20727,Willow Lake Distribution,Lucas Reed,Negotiation,54623.18
D20728,Alder Creek Medical,Jordan Ellis,Proposal,78386.92
D20729,Granite Springs Telecom,Jordan Ellis,Closed Lost,177912.56
D20730,Silver Heights Telecom,Priya Shah,New,151030.24
D20731,Harbor Point Software,Lucas Reed,Negotiation,148764.80
D20732,Harbor Point Logistics,Jordan Ellis,Proposal,34766.09
D20733,Sterling Lake Distribution,Marcus Bell,Closed Won,17627.98
D20734,Silver Valley Retail,Lucas Reed,Negotiation,50634.31
D20735,Copper Ridge Hospitality,Nora Patel,Qualified,39697.33
D20736,Sierra Ridge Foods,Elena Cruz,New,74831.20
D20737,Sterling Ridge Energy,Marcus Bell,Negotiation,142594.81
D20738,Sierra Heights Energy,Elena Cruz,Closed Won,78691.97
D20739,Silver Bend Dental,Nora Patel,Proposal,11313.80
D20740,Orchard Heights Energy,Jordan Ellis,Closed Lost,91881.36
D20741,Sequoia Valley Manufacturing,Maya Chen,New,284716.17
D20742,Copper Valley Logistics,Owen Brooks,Closed Lost,56490.94
D20743,Prairie Hill Hospitality,Owen Brooks,Proposal,74732.38
D20744,Coral Ridge Telecom,Marcus Bell,Closed Lost,68542.05
D20745,Willow Park Retail,Marcus Bell,Negotiation,16161.33
D20746,Harbor Springs Packaging,Jordan Ellis,Negotiation,39440.37
D20747,Silver Springs Construction,Nora Patel,Qualified,116323.04
D20748,Summit Springs Agriculture,Elena Cruz,Proposal,132594.48
D20749,Prairie Heights Construction,Lucas Reed,Closed Lost,123931.49
D20750,Laurel Grove Agriculture,Owen Brooks,Proposal,31363.19
D20751,Orchard Grove Logistics,Owen Brooks,Proposal,40152.85
D20752,Prairie Valley Medical,Maya Chen,Qualified,181091.75
D20753,Sierra Valley Energy,Marcus Bell,Proposal,231095.12
D20754,Laurel Crest Dental,Nora Patel,Closed Won,38161.39
D20755,Granite Bend Dental,Lucas Reed,Proposal,56698.03
D20756,Sterling Hill Retail,Priya Shah,Qualified,38612.87
D20757,Maple Crest Energy,Priya Shah,Proposal,195737.35
D20758,Mesa Point Retail,Jordan Ellis,Proposal,58670.08
D20759,Birch Ridge Software,Nora Patel,Qualified,80696.23
D20760,Aspen Hill Foods,Lucas Reed,New,98456.65
D20761,Silver Springs Manufacturing,Owen Brooks,Negotiation,140817.39
D20762,Juniper Ridge Foods,Lucas Reed,Qualified,60130.61
D20763,Orchard Ridge Retail,Owen Brooks,Negotiation,23985.98
D20764,Harbor Crest Energy,Jordan Ellis,New,359320.01
D20765,Sterling Grove Logistics,Elena Cruz,Closed Won,70705.46
D20766,Willow Hill Software,Priya Shah,Proposal,137130.28
D20767,Silver Heights Software,Elena Cruz,Closed Won,36741.97
D20768,Cedar Park Distribution,Marcus Bell,Proposal,142277.29
D20769,Copper Creek Software,Nora Patel,Proposal,91134.78
D20770,Birch Ridge Retail,Elena Cruz,Qualified,43868.93
D20771,Sequoia Springs Retail,Nora Patel,Qualified,12781.20
D20772,Orchard Lake Energy,Priya Shah,Qualified,126490.59
D20773,Canyon Creek Retail,Lucas Reed,Closed Lost,68754.08
D20774,Willow Creek Manufacturing,Elena Cruz,Closed Lost,139566.65
D20775,Maple Grove Software,Marcus Bell,Qualified,100974.29
D20776,Summit Springs Distribution,Marcus Bell,Negotiation,175879.74
D20777,Alder Hill Consulting,Owen Brooks,Negotiation,39128.53
D20778,Sterling Grove Consulting,Jordan Ellis,Negotiation,27389.43
D20779,Birch Bend Construction,Elena Cruz,Closed Won,130528.65
D20780,Granite Bend Foods,Nora Patel,Qualified,95421.70
D20781,Granite Creek Agriculture,Lucas Reed,Closed Lost,59950.29
D20782,Prairie Point Consulting,Elena Cruz,Proposal,39891.14
D20783,Sierra Springs Logistics,Marcus Bell,Proposal,99805.50
D20784,Aspen Lake Consulting,Priya Shah,Negotiation,16839.67
D20785,Birch Heights Consulting,Priya Shah,Closed Won,54769.70
D20786,Canyon Crest Distribution,Jordan Ellis,Qualified,90740.56
D20787,Canyon Hill Medical,Maya Chen,New,109837.74
D20788,Prairie Lake Consulting,Owen Brooks,New,13508.71
D20789,Granite Lake Consulting,Marcus Bell,Qualified,30679.78
D20790,Prairie Lake Telecom,Priya Shah,Qualified,201040.55
D20791,Orchard Crest Engineering,Owen Brooks,Negotiation,87857.63
D20792,Granite Creek Energy,Nora Patel,Negotiation,119328.17
D20793,Alder Valley Foods,Maya Chen,Negotiation,57317.85
D20794,Maple Hill Logistics,Jordan Ellis,Qualified,60300.49
D20795,Cypress Park Medical,Nora Patel,Qualified,73746.03
D20796,Juniper Crest Dental,Nora Patel,Closed Won,31752.13
D20797,Copper Springs Manufacturing,Lucas Reed,New,350932.89
D20798,Aspen Crest Agriculture,Owen Brooks,Negotiation,97338.37
D20799,Aspen Park Engineering,Maya Chen,New,85046.98
D20800,Willow Park Engineering,Owen Brooks,Qualified,99778.97
D20801,Birch Crest Dental,Jordan Ellis,Proposal,10799.78
D20802,Cedar Lake Distribution,Elena Cruz,Qualified,105182.08
D20803,Prairie Hill Logistics,Nora Patel,Proposal,92408.13
D20804,Copper Grove Consulting,Priya Shah,Closed Won,37096.09
D20805,Redwood Grove Engineering,Priya Shah,Qualified,128760.92
D20806,Sterling Park Software,Jordan Ellis,Closed Lost,27106.50
D20807,Cedar Hill Distribution,Maya Chen,Proposal,80686.16
D20808,Redwood Park Telecom,Lucas Reed,Negotiation,63868.61
D20809,Granite Grove Agriculture,Elena Cruz,New,48317.60
D20810,Silver Grove Logistics,Jordan Ellis,Closed Lost,30845.17
D20811,Pine Point Telecom,Owen Brooks,Negotiation,89408.66
D20812,Sierra Valley Engineering,Nora Patel,Proposal,133415.68
D20813,Maple Grove Logistics,Lucas Reed,Proposal,77318.45
D20814,Coral Valley Dental,Nora Patel,Closed Lost,43665.61
D20815,Maple Heights Manufacturing,Owen Brooks,Negotiation,125849.60
D20816,Harbor Hill Manufacturing,Lucas Reed,Qualified,332572.24
D20817,Coral Ridge Medical,Lucas Reed,Proposal,166810.93
D20818,Canyon Point Logistics,Lucas Reed,Closed Won,42759.30
D20819,Sierra Grove Software,Elena Cruz,Closed Won,106139.42
D20820,Laurel Heights Engineering,Elena Cruz,Negotiation,30373.74
D20821,Laurel Point Manufacturing,Lucas Reed,Closed Lost,204824.77
D20822,Prairie Hill Medical,Elena Cruz,Negotiation,81629.99
D20823,Granite Creek Manufacturing,Maya Chen,New,97469.38
D20824,Cypress Park Construction,Priya Shah,New,116763.51
D20825,Orchard Point Medical,Elena Cruz,Proposal,49635.97
D20826,Laurel Hill Software,Jordan Ellis,New,23152.55
D20827,Cedar Creek Retail,Priya Shah,Negotiation,57607.71
D20828,Prairie Bend Consulting,Lucas Reed,New,39043.10
D20829,Willow Lake Distribution,Lucas Reed,Proposal,44188.86
D20830,Copper Crest Telecom,Lucas Reed,Proposal,52585.86
D20831,Sequoia Heights Retail,Elena Cruz,Qualified,52979.61
D20832,Willow Springs Foods,Owen Brooks,Proposal,22476.08
D20833,Laurel Heights Energy,Lucas Reed,Closed Won,164207.23
D20834,Aspen Crest Foods,Lucas Reed,Qualified,53231.08
D20835,Coral Point Telecom,Elena Cruz,Closed Won,199694.45
D20836,Summit Park Distribution,Marcus Bell,Closed Won,103877.47
D20837,Granite Valley Consulting,Marcus Bell,Negotiation,73103.94
D20838,Prairie Crest Dental,Marcus Bell,Qualified,19929.61
D20839,Cypress Park Distribution,Owen Brooks,New,33883.38
D20840,Laurel Ridge Logistics,Jordan Ellis,Proposal,119121.05
D20841,Copper Hill Distribution,Priya Shah,Closed Won,44742.77
D20842,Aspen Lake Engineering,Owen Brooks,Closed Lost,54462.81
D20843,Silver Crest Hospitality,Maya Chen,Closed Lost,69722.12
D20844,Granite Bend Engineering,Nora Patel,Closed Won,69503.28
D20845,Mesa Crest Retail,Maya Chen,Qualified,66290.16
D20846,Prairie Lake Energy,Lucas Reed,Negotiation,245091.09
D20847,Granite Grove Packaging,Priya Shah,Closed Lost,37698.24
D20848,Birch Heights Packaging,Jordan Ellis,Qualified,98968.91
D20849,Aspen Lake Energy,Nora Patel,New,212394.64
D20850,Cedar Lake Construction,Owen Brooks,Closed Won,125344.04
D20851,Prairie Ridge Consulting,Marcus Bell,Proposal,12374.95
D20852,Granite Valley Hospitality,Jordan Ellis,Qualified,81755.91
D20853,Alder Grove Agriculture,Priya Shah,New,45470.99
D20854,Copper Springs Manufacturing,Lucas Reed,New,252287.46
D20855,Laurel Crest Consulting,Elena Cruz,Closed Lost,18148.63
D20856,Copper Park Distribution,Owen Brooks,Proposal,46342.51
D20857,Orchard Crest Construction,Owen Brooks,Negotiation,85105.16
D20858,Birch Hill Construction,Elena Cruz,New,60476.65
D20859,Summit Creek Construction,Elena Cruz,Closed Won,153633.31
D20860,Maple Hill Construction,Lucas Reed,Qualified,33575.10
D20861,Aspen Heights Manufacturing,Owen Brooks,Closed Won,122468.25
D20862,Alder Crest Dental,Jordan Ellis,Qualified,18799.53
D20863,Silver Valley Medical,Jordan Ellis,Proposal,59563.79
D20864,Willow Bend Energy,Jordan Ellis,Proposal,123583.52
D20865,Willow Point Software,Lucas Reed,Negotiation,124907.94
D20866,Summit Hill Logistics,Jordan Ellis,Qualified,94553.55
D20867,Alder Springs Medical,Marcus Bell,Negotiation,217361.24
D20868,Copper Ridge Manufacturing,Maya Chen,Negotiation,60622.78
D20869,Copper Park Retail,Maya Chen,Negotiation,14340.38
D20870,Juniper Valley Foods,Marcus Bell,New,77119.53
D20871,Coral Hill Packaging,Owen Brooks,Negotiation,73564.04
D20872,Summit Valley Energy,Nora Patel,Qualified,227344.88
D20873,Granite Lake Manufacturing,Lucas Reed,New,242495.26
D20874,Canyon Bend Energy,Lucas Reed,Negotiation,331014.67
D20875,Orchard Hill Energy,Nora Patel,Qualified,242457.59
D20876,Canyon Point Construction,Marcus Bell,Closed Lost,164124.87
D20877,Prairie Ridge Construction,Priya Shah,Proposal,150097.77
D20878,Cedar Creek Energy,Lucas Reed,New,406092.86
D20879,Birch Creek Construction,Marcus Bell,Proposal,83380.59
D20880,Sierra Heights Logistics,Lucas Reed,Closed Won,37165.40
D20881,Alder Lake Hospitality,Owen Brooks,Qualified,44254.67
D20882,Juniper Hill Construction,Jordan Ellis,Qualified,104559.89
D20883,Willow Hill Foods,Priya Shah,New,24597.04
D20884,Cedar Lake Manufacturing,Maya Chen,Negotiation,112317.99
D20885,Silver Creek Engineering,Priya Shah,Negotiation,49868.29
D20886,Silver Heights Agriculture,Maya Chen,Proposal,17496.33
D20887,Birch Bend Dental,Jordan Ellis,Proposal,23280.08
D20888,Sterling Creek Agriculture,Jordan Ellis,Proposal,76080.65
D20889,Prairie Heights Logistics,Jordan Ellis,Closed Won,14879.51
D20890,Redwood Valley Construction,Elena Cruz,Closed Won,198052.15
D20891,Copper Ridge Energy,Nora Patel,Proposal,117370.66
D20892,Aspen Lake Retail,Marcus Bell,Qualified,74733.90
D20893,Willow Valley Packaging,Maya Chen,New,34931.01
D20894,Redwood Grove Telecom,Maya Chen,Qualified,136477.01
D20895,Coral Grove Dental,Elena Cruz,Qualified,18945.17
D20896,Juniper Creek Dental,Owen Brooks,Qualified,15536.90
D20897,Sierra Point Logistics,Jordan Ellis,Negotiation,29538.15
D20898,Summit Ridge Dental,Priya Shah,Proposal,26040.73
D20899,Cypress Bend Engineering,Marcus Bell,Closed Lost,164307.33
D20900,Mesa Park Telecom,Marcus Bell,Proposal,96711.23
D20901,Mesa Point Dental,Maya Chen,Negotiation,13127.05
D20902,Sierra Ridge Logistics,Priya Shah,Qualified,134706.43
D20903,Granite Creek Energy,Nora Patel,Proposal,149761.81
D20904,Harbor Crest Logistics,Maya Chen,New,80790.38
D20905,Sequoia Crest Energy,Priya Shah,Closed Won,254811.06
D20906,Pine Hill Distribution,Marcus Bell,Negotiation,103996.14
D20907,Cedar Park Hospitality,Owen Brooks,Qualified,96620.12
D20908,Copper Ridge Logistics,Marcus Bell,Proposal,125480.54
D20909,Aspen Lake Energy,Nora Patel,Proposal,287604.38
D20910,Mesa Heights Retail,Lucas Reed,New,44384.41
D20911,Summit Park Foods,Maya Chen,Negotiation,45814.71
D20912,Sequoia Springs Hospitality,Owen Brooks,Proposal,93452.89
D20913,Prairie Creek Agriculture,Marcus Bell,New,79652.91
D20914,Orchard Point Logistics,Nora Patel,New,93503.41
D20915,Aspen Creek Retail,Priya Shah,Closed Won,102367.54
D20916,Cypress Grove Logistics,Marcus Bell,New,110364.31
D20917,Sierra Springs Retail,Marcus Bell,Qualified,45670.77
D20918,Summit Valley Logistics,Marcus Bell,Qualified,29699.64
D20919,Juniper Hill Distribution,Nora Patel,New,42663.88
D20920,Canyon Valley Agriculture,Elena Cruz,Qualified,29284.71
D20921,Copper Lake Telecom,Owen Brooks,Closed Lost,28205.39
D20922,Orchard Springs Dental,Jordan Ellis,Closed Won,28866.27
D20923,Alder Grove Energy,Marcus Bell,Proposal,146083.87
D20924,Willow Heights Packaging,Owen Brooks,Qualified,131604.12
D20925,Mesa Lake Distribution,Lucas Reed,Negotiation,84588.79
D20926,Birch Park Software,Jordan Ellis,New,53776.79
D20927,Orchard Valley Energy,Priya Shah,Negotiation,129878.33
D20928,Mesa Valley Engineering,Nora Patel,Qualified,190776.71
D20929,Granite Grove Distribution,Marcus Bell,New,81731.74
D20930,Harbor Heights Retail,Lucas Reed,Negotiation,11213.58
D20931,Sequoia Bend Dental,Maya Chen,Qualified,52158.91
D20932,Sierra Creek Energy,Priya Shah,Proposal,109576.38
D20933,Harbor Hill Manufacturing,Lucas Reed,Negotiation,192929.59
D20934,Silver Creek Dental,Owen Brooks,Qualified,24431.02
D20935,Pine Ridge Manufacturing,Lucas Reed,Qualified,227815.90
D20936,Laurel Park Energy,Marcus Bell,Proposal,400309.80
D20937,Sierra Springs Agriculture,Lucas Reed,New,88867.16
D20938,Juniper Creek Telecom,Maya Chen,Qualified,46211.50
D20939,Redwood Valley Foods,Elena Cruz,Proposal,33856.16
D20940,Orchard Park Construction,Elena Cruz,Negotiation,215182.53
D20941,Birch Valley Manufacturing,Jordan Ellis,Negotiation,270527.26
D20942,Birch Valley Consulting,Lucas Reed,Negotiation,46343.90
D20943,Laurel Park Packaging,Maya Chen,New,24649.95
D20944,Sequoia Grove Hospitality,Elena Cruz,Qualified,15080.68
D20945,Mesa Springs Manufacturing,Maya Chen,Negotiation,72661.39
D20946,Willow Valley Retail,Elena Cruz,Negotiation,25170.02
D20947,Canyon Point Telecom,Lucas Reed,Negotiation,155162.23
D20948,Harbor Hill Engineering,Priya Shah,New,209107.87
D20949,Willow Creek Packaging,Marcus Bell,Negotiation,32453.06
D20950,Orchard Valley Retail,Jordan Ellis,New,69638.83
D20951,Canyon Hill Medical,Maya Chen,Negotiation,72803.66
D20952,Summit Valley Packaging,Jordan Ellis,Proposal,72611.25
D20953,Prairie Creek Retail,Owen Brooks,Closed Won,48983.10
D20954,Pine Springs Logistics,Lucas Reed,Negotiation,96921.65
D20955,Alder Grove Retail,Elena Cruz,Negotiation,43694.36
D20956,Cedar Ridge Engineering,Marcus Bell,Closed Won,196736.14
D20957,Maple Creek Distribution,Jordan Ellis,Closed Lost,151721.08
D20958,Cedar Crest Manufacturing,Elena Cruz,Closed Won,63232.57
D20959,Orchard Lake Manufacturing,Elena Cruz,Closed Won,158688.94
D20960,Coral Valley Telecom,Owen Brooks,Qualified,46888.47
D20961,Juniper Hill Medical,Marcus Bell,Closed Won,61715.47
D20962,Orchard Creek Hospitality,Owen Brooks,Proposal,76115.34
D20963,Pine Valley Energy,Lucas Reed,Qualified,196192.49
D20964,Birch Bend Software,Elena Cruz,Proposal,120603.68
D20965,Cedar Hill Dental,Maya Chen,Qualified,23590.41
D20966,Sierra Crest Retail,Maya Chen,Closed Won,24730.89
D20967,Willow Lake Telecom,Elena Cruz,Proposal,201988.71
D20968,Coral Crest Consulting,Maya Chen,Closed Won,79060.37
D20969,Birch Valley Software,Maya Chen,Qualified,64495.83
D20970,Birch Creek Construction,Marcus Bell,Closed Won,82319.82
D20971,Birch Crest Distribution,Jordan Ellis,New,65337.44
D20972,Coral Valley Foods,Jordan Ellis,Negotiation,28710.53
D20973,Harbor Park Software,Owen Brooks,Proposal,63569.13
D20974,Summit Springs Packaging,Priya Shah,Closed Won,92084.92
D20975,Cypress Valley Foods,Jordan Ellis,Closed Won,82927.10
D20976,Coral Valley Retail,Owen Brooks,Negotiation,47476.45
D20977,Prairie Springs Medical,Jordan Ellis,New,87135.14
D20978,Harbor Point Dental,Maya Chen,Closed Lost,35873.41
D20979,Orchard Hill Software,Owen Brooks,Proposal,22595.45
D20980,Summit Springs Hospitality,Owen Brooks,Closed Lost,23795.01
D20981,Willow Crest Dental,Owen Brooks,Closed Won,13498.65
D20982,Mesa Park Consulting,Priya Shah,Proposal,26657.48
D20983,Orchard Park Retail,Priya Shah,Closed Lost,76441.65
D20984,Birch Point Packaging,Owen Brooks,Proposal,68133.58
D20985,Harbor Bend Hospitality,Jordan Ellis,Proposal,48894.82
D20986,Aspen Park Energy,Owen Brooks,Closed Won,74186.44
D20987,Sierra Crest Packaging,Elena Cruz,Qualified,28339.35
D20988,Canyon Springs Manufacturing,Priya Shah,Qualified,112263.83
D20989,Summit Ridge Medical,Jordan Ellis,Proposal,20559.43
D20990,Copper Valley Consulting,Elena Cruz,Closed Lost,23661.39
D20991,Maple Heights Packaging,Maya Chen,Closed Lost,29828.75
D20992,Laurel Point Logistics,Maya Chen,Proposal,55392.02
D20993,Alder Point Medical,Jordan Ellis,New,36176.15
D20994,Mesa Grove Distribution,Jordan Ellis,New,85386.73
D20995,Harbor Lake Software,Nora Patel,Closed Won,16989.42
D20996,Orchard Lake Foods,Lucas Reed,Proposal,19041.19
D20997,Coral Heights Retail,Nora Patel,Qualified,12353.23
D20998,Laurel Grove Packaging,Marcus Bell,Negotiation,87082.97
D20999,Maple Ridge Agriculture,Jordan Ellis,Qualified,107136.90
D21000,Harbor Ridge Construction,Elena Cruz,Closed Won,48240.03
D21001,Copper Creek Telecom,Elena Cruz,Qualified,160760.49
D21002,Copper Crest Retail,Lucas Reed,Proposal,43228.62
D21003,Alder Creek Dental,Priya Shah,Closed Lost,26099.12
D21004,Laurel Park Foods,Nora Patel,Qualified,49750.85
D21005,Pine Hill Agriculture,Elena Cruz,Proposal,89734.31
D21006,Pine Hill Medical,Elena Cruz,New,76700.19
D21007,Summit Hill Engineering,Lucas Reed,New,114074.94
D21008,Canyon Hill Logistics,Priya Shah,Closed Won,73387.86
D21009,Laurel Point Telecom,Maya Chen,New,28999.45
D21010,Orchard Point Foods,Maya Chen,Proposal,28247.17
D21011,Sequoia Bend Engineering,Lucas Reed,Negotiation,65945.94
D21012,Redwood Crest Consulting,Lucas Reed,Closed Won,78683.20
D21013,Alder Grove Software,Nora Patel,Qualified,75877.24
D21014,Sierra Hill Dental,Owen Brooks,Closed Won,23220.44
D21015,Sequoia Grove Telecom,Lucas Reed,Qualified,52019.58
D21016,Silver Ridge Dental,Maya Chen,Qualified,27271.23
D21017,Prairie Lake Consulting,Owen Brooks,Closed Won,11452.04
D21018,Harbor Crest Retail,Maya Chen,Negotiation,51592.16
D21019,Alder Point Packaging,Owen Brooks,Closed Lost,42885.74
D21020,Orchard Bend Distribution,Elena Cruz,Negotiation,119626.04
D21021,Pine Point Dental,Nora Patel,Closed Lost,17784.52
D21022,Canyon Crest Manufacturing,Marcus Bell,Closed Lost,175761.89
D21023,Pine Ridge Dental,Owen Brooks,Proposal,77128.79
D21024,Pine Springs Dental,Priya Shah,Negotiation,37291.41
D21025,Canyon Valley Retail,Nora Patel,Closed Won,19152.60
D21026,Laurel Crest Distribution,Nora Patel,Proposal,88602.59
D21027,Cedar Springs Construction,Maya Chen,Qualified,137394.65
D21028,Aspen Springs Packaging,Priya Shah,Closed Won,121971.66
D21029,Juniper Springs Hospitality,Marcus Bell,Proposal,37463.32
D21030,Alder Point Medical,Jordan Ellis,New,43695.60
D21031,Maple Point Agriculture,Maya Chen,Closed Won,39554.00
D21032,Mesa Ridge Energy,Lucas Reed,Qualified,156741.49
D21033,Sierra Hill Packaging,Elena Cruz,Proposal,32382.08
D21034,Sterling Bend Manufacturing,Marcus Bell,New,128032.04
D21035,Alder Heights Retail,Marcus Bell,Qualified,39377.64
D21036,Birch Park Distribution,Nora Patel,Proposal,103597.68
D21037,Copper Valley Foods,Jordan Ellis,Negotiation,79990.76
D21038,Redwood Hill Foods,Maya Chen,Closed Won,28314.55
D21039,Cypress Ridge Foods,Owen Brooks,Negotiation,39839.55
D21040,Harbor Bend Agriculture,Nora Patel,Qualified,98251.06
D21041,Redwood Bend Energy,Owen Brooks,Closed Lost,361473.20
D21042,Harbor Springs Medical,Lucas Reed,Qualified,102092.38
D21043,Orchard Park Distribution,Jordan Ellis,Proposal,58289.03
D21044,Redwood Park Manufacturing,Nora Patel,Qualified,230912.82
D21045,Juniper Hill Logistics,Owen Brooks,New,43914.30
D21046,Redwood Valley Software,Elena Cruz,Proposal,31797.10
D21047,Mesa Park Agriculture,Lucas Reed,Negotiation,61884.27
D21048,Sterling Park Energy,Maya Chen,Proposal,325676.71
D21049,Juniper Heights Construction,Elena Cruz,Qualified,50921.31
D21050,Silver Park Engineering,Nora Patel,Closed Lost,103379.13
D21051,Sequoia Hill Software,Lucas Reed,Closed Lost,60078.13
D21052,Harbor Point Distribution,Maya Chen,Closed Won,34368.14
D21053,Redwood Crest Distribution,Marcus Bell,Proposal,21201.84
D21054,Cedar Valley Telecom,Marcus Bell,Qualified,60283.31
D21055,Laurel Creek Manufacturing,Lucas Reed,Closed Won,158118.90
D21056,Harbor Springs Packaging,Jordan Ellis,Qualified,53612.75
D21057,Orchard Hill Hospitality,Nora Patel,Negotiation,82783.78
D21058,Willow Park Engineering,Owen Brooks,New,93688.50
D21059,Silver Park Energy,Marcus Bell,Proposal,134668.95
D21060,Silver Valley Manufacturing,Nora Patel,Closed Won,103724.86
D21061,Prairie Crest Agriculture,Elena Cruz,New,66107.06
D21062,Cedar Bend Engineering,Lucas Reed,Proposal,128121.35
D21063,Birch Valley Manufacturing,Jordan Ellis,Closed Lost,74278.98
D21064,Laurel Creek Medical,Nora Patel,Proposal,117797.36
D21065,Maple Point Software,Elena Cruz,Closed Won,140005.58
D21066,Sierra Bend Software,Priya Shah,Proposal,132426.80
D21067,Alder Hill Packaging,Nora Patel,Closed Won,53925.13
D21068,Alder Springs Manufacturing,Priya Shah,Negotiation,341219.29
D21069,Redwood Crest Engineering,Maya Chen,Qualified,84327.30
D21070,Silver Park Agriculture,Priya Shah,New,16647.24
D21071,Silver Heights Retail,Priya Shah,Closed Lost,93437.08
D21072,Maple Springs Packaging,Priya Shah,Closed Won,141042.75
D21073,Alder Bend Dental,Jordan Ellis,New,47968.27
D21074,Pine Heights Engineering,Lucas Reed,Closed Won,131509.56
D21075,Granite Grove Logistics,Nora Patel,New,88269.30
D21076,Juniper Grove Packaging,Marcus Bell,Qualified,55564.46
D21077,Harbor Lake Distribution,Lucas Reed,Qualified,102365.39
D21078,Copper Point Manufacturing,Owen Brooks,Proposal,72359.46
D21079,Cedar Crest Retail,Jordan Ellis,Closed Won,48183.93
D21080,Laurel Hill Dental,Nora Patel,Proposal,40493.74
D21081,Maple Creek Medical,Maya Chen,Negotiation,30253.97
D21082,Copper Hill Logistics,Lucas Reed,New,24912.70
D21083,Sequoia Crest Telecom,Jordan Ellis,Closed Won,167378.10
D21084,Sequoia Valley Medical,Lucas Reed,Closed Lost,141867.88
D21085,Willow Grove Software,Elena Cruz,Proposal,26953.90
D21086,Sequoia Valley Packaging,Jordan Ellis,Proposal,72761.89
D21087,Harbor Lake Agriculture,Priya Shah,Closed Won,44815.20
D21088,Orchard Park Packaging,Nora Patel,Qualified,25402.85
D21089,Coral Springs Construction,Priya Shah,Qualified,64617.24
D21090,Willow Lake Engineering,Nora Patel,Closed Lost,46658.34
D21091,Maple Lake Manufacturing,Maya Chen,Qualified,163303.46
D21092,Juniper Crest Retail,Owen Brooks,Negotiation,17030.63
D21093,Pine Heights Retail,Jordan Ellis,Closed Lost,14521.14
D21094,Pine Creek Logistics,Owen Brooks,Proposal,43285.58
D21095,Canyon Creek Consulting,Maya Chen,Qualified,31693.19
D21096,Canyon Springs Foods,Jordan Ellis,Closed Won,43617.70
D21097,Granite Lake Construction,Priya Shah,Proposal,180162.69
D21098,Granite Park Manufacturing,Elena Cruz,Proposal,118938.72
D21099,Mesa Grove Energy,Lucas Reed,Closed Lost,174571.84
D21100,Juniper Crest Dental,Nora Patel,Negotiation,24489.09
D21101,Prairie Valley Medical,Maya Chen,Negotiation,48019.19
D21102,Juniper Point Engineering,Priya Shah,Qualified,47141.97
D21103,Silver Park Construction,Nora Patel,Proposal,55566.54
D21104,Sterling Crest Distribution,Jordan Ellis,Negotiation,69004.11
D21105,Maple Hill Software,Lucas Reed,Proposal,65245.83
D21106,Coral Hill Construction,Marcus Bell,New,90835.29
D21107,Cypress Point Medical,Priya Shah,Proposal,141644.64
D21108,Granite Valley Distribution,Owen Brooks,Closed Won,57183.29
D21109,Canyon Park Manufacturing,Priya Shah,New,79030.15
D21110,Copper Park Medical,Nora Patel,Qualified,41700.89
D21111,Sierra Crest Retail,Maya Chen,New,34580.49
D21112,Willow Ridge Consulting,Owen Brooks,Closed Lost,39161.71
D21113,Granite Park Consulting,Nora Patel,Qualified,23496.99
D21114,Pine Valley Hospitality,Lucas Reed,New,26799.96
D21115,Harbor Valley Retail,Elena Cruz,Qualified,62027.63
D21116,Granite Creek Dental,Elena Cruz,Negotiation,56286.53
D21117,Sierra Creek Consulting,Nora Patel,Negotiation,22822.89
D21118,Mesa Bend Distribution,Owen Brooks,Qualified,54213.22
D21119,Canyon Lake Distribution,Marcus Bell,Proposal,44782.88
D21120,Cedar Heights Logistics,Elena Cruz,Negotiation,43682.64
D21121,Laurel Valley Telecom,Lucas Reed,Qualified,164522.13
D21122,Juniper Lake Software,Marcus Bell,New,133766.78
D21123,Alder Heights Hospitality,Nora Patel,Proposal,112786.63
D21124,Alder Grove Engineering,Nora Patel,Qualified,30392.24
D21125,Mesa Bend Construction,Priya Shah,Negotiation,228398.12
D21126,Juniper Grove Foods,Lucas Reed,Proposal,22667.79
D21127,Copper Valley Medical,Marcus Bell,Closed Won,52801.23
D21128,Canyon Lake Logistics,Nora Patel,Closed Won,161680.04
D21129,Granite Hill Manufacturing,Owen Brooks,New,91072.43
D21130,Sterling Heights Distribution,Elena Cruz,New,83469.52
D21131,Harbor Ridge Consulting,Owen Brooks,Closed Lost,24671.85
D21132,Maple Ridge Agriculture,Jordan Ellis,Closed Won,28909.84
D21133,Pine Crest Retail,Nora Patel,Closed Won,32092.82
D21134,Granite Springs Packaging,Marcus Bell,Qualified,25959.65
D21135,Sterling Creek Manufacturing,Nora Patel,Negotiation,161691.63
D21136,Juniper Bend Retail,Owen Brooks,Negotiation,29087.32
D21137,Cedar Park Engineering,Maya Chen,Negotiation,69111.59
D21138,Sierra Valley Medical,Priya Shah,Proposal,67630.78
D21139,Birch Grove Software,Nora Patel,Closed Lost,105061.05
D21140,Summit Bend Medical,Owen Brooks,New,53847.83
D21141,Sterling Ridge Telecom,Elena Cruz,Closed Lost,224077.08
D21142,Aspen Park Consulting,Lucas Reed,New,51392.99
D21143,Birch Lake Engineering,Maya Chen,Closed Lost,101742.37
D21144,Aspen Hill Distribution,Maya Chen,Proposal,102431.90
D21145,Harbor Grove Manufacturing,Marcus Bell,Negotiation,79840.94
D21146,Copper Lake Construction,Jordan Ellis,Qualified,108220.60
D21147,Copper Bend Consulting,Maya Chen,Qualified,34832.25
D21148,Pine Hill Energy,Owen Brooks,Qualified,199881.84
D21149,Laurel Heights Retail,Priya Shah,Negotiation,74217.87
D21150,Alder Grove Medical,Priya Shah,Qualified,174388.45
D21151,Redwood Valley Consulting,Owen Brooks,Negotiation,43147.06
D21152,Cypress Springs Software,Priya Shah,New,101906.53
D21153,Granite Crest Manufacturing,Owen Brooks,Negotiation,102111.21
D21154,Juniper Hill Manufacturing,Priya Shah,Proposal,90105.46
D21155,Harbor Creek Construction,Lucas Reed,Proposal,47141.17
D21156,Coral Heights Consulting,Lucas Reed,Closed Won,18990.40
D21157,Orchard Crest Distribution,Elena Cruz,Closed Won,50023.71
D21158,Silver Park Foods,Nora Patel,Closed Won,60002.18
D21159,Canyon Valley Medical,Elena Cruz,Proposal,45587.51
D21160,Coral Hill Consulting,Maya Chen,Negotiation,46921.68
D21161,Granite Point Telecom,Marcus Bell,Closed Won,52685.49
D21162,Silver Creek Manufacturing,Lucas Reed,Closed Lost,52579.27
D21163,Juniper Ridge Consulting,Nora Patel,Negotiation,65534.63
D21164,Cedar Hill Software,Lucas Reed,Proposal,69861.35
D21165,Sequoia Point Agriculture,Maya Chen,New,86568.57
D21166,Harbor Grove Hospitality,Lucas Reed,Closed Won,60107.61
D21167,Alder Creek Engineering,Marcus Bell,Closed Lost,195200.85
D21168,Cedar Park Telecom,Nora Patel,Negotiation,32438.11
D21169,Copper Crest Foods,Marcus Bell,Closed Won,18380.78
D21170,Aspen Springs Retail,Nora Patel,Closed Won,50171.72
D21171,Sterling Springs Distribution,Nora Patel,Qualified,55898.03
D21172,Orchard Point Manufacturing,Jordan Ellis,Qualified,177104.54
D21173,Redwood Heights Medical,Owen Brooks,New,46140.68
D21174,Pine Point Logistics,Owen Brooks,Negotiation,82245.37
D21175,Maple Creek Telecom,Priya Shah,New,200476.51
D21176,Maple Point Logistics,Priya Shah,Qualified,107711.12
D21177,Pine Creek Dental,Nora Patel,Closed Won,47449.70
D21178,Canyon Ridge Hospitality,Marcus Bell,Proposal,34254.14
D21179,Juniper Creek Agriculture,Nora Patel,Negotiation,137213.07
D21180,Maple Springs Dental,Marcus Bell,Proposal,36050.11
D21181,Silver Lake Software,Marcus Bell,Qualified,47059.65
D21182,Aspen Creek Dental,Jordan Ellis,Qualified,26892.85
D21183,Birch Ridge Agriculture,Priya Shah,Closed Won,84384.43
D21184,Mesa Grove Logistics,Priya Shah,Negotiation,146111.94
D21185,Juniper Bend Telecom,Owen Brooks,Qualified,42438.14
D21186,Birch Springs Retail,Owen Brooks,Qualified,53360.95
D21187,Redwood Creek Manufacturing,Priya Shah,Negotiation,188340.46
D21188,Mesa Ridge Foods,Elena Cruz,Closed Lost,68085.67
D21189,Summit Point Telecom,Priya Shah,Qualified,82962.43
D21190,Cedar Heights Engineering,Nora Patel,Proposal,189556.31
D21191,Sterling Point Consulting,Maya Chen,Negotiation,33849.87
D21192,Prairie Creek Energy,Maya Chen,Closed Won,112466.69
D21193,Prairie Ridge Dental,Owen Brooks,Closed Won,54339.16
D21194,Laurel Valley Hospitality,Elena Cruz,Proposal,38556.71
D21195,Maple Heights Manufacturing,Owen Brooks,New,120105.58
D21196,Sequoia Grove Distribution,Priya Shah,Closed Won,46045.91
D21197,Orchard Grove Packaging,Lucas Reed,Qualified,67468.47
D21198,Cypress Creek Medical,Priya Shah,New,85111.30
D21199,Mesa Creek Medical,Owen Brooks,Closed Won,133480.07
D21200,Granite Hill Energy,Marcus Bell,New,239531.28
D21201,Juniper Heights Logistics,Priya Shah,Negotiation,70640.85
D21202,Alder Lake Energy,Owen Brooks,New,260851.65
D21203,Cypress Bend Energy,Elena Cruz,Closed Lost,149461.41
D21204,Granite Park Telecom,Jordan Ellis,Qualified,153041.23
D21205,Sequoia Ridge Logistics,Lucas Reed,Negotiation,85719.98
D21206,Aspen Crest Distribution,Maya Chen,Negotiation,93503.98
D21207,Cedar Point Construction,Elena Cruz,Closed Won,51619.40
D21208,Maple Valley Packaging,Jordan Ellis,Negotiation,58967.20
D21209,Redwood Lake Consulting,Owen Brooks,Negotiation,44661.30
D21210,Maple Point Agriculture,Maya Chen,New,18136.38
D21211,Sterling Creek Logistics,Lucas Reed,New,18733.88
D21212,Copper Valley Dental,Nora Patel,Proposal,33536.15
D21213,Cedar Park Retail,Nora Patel,Qualified,28373.68
D21214,Aspen Lake Distribution,Elena Cruz,New,148655.55
D21215,Mesa Bend Hospitality,Jordan Ellis,Proposal,67471.25
D21216,Canyon Grove Telecom,Elena Cruz,Closed Won,99009.02
D21217,Granite Valley Energy,Jordan Ellis,Negotiation,30500.72
D21218,Juniper Springs Agriculture,Priya Shah,New,38200.88
D21219,Sierra Park Engineering,Owen Brooks,Negotiation,100558.91
D21220,Orchard Lake Hospitality,Priya Shah,New,28175.55
D21221,Sterling Creek Telecom,Lucas Reed,Closed Won,48421.72
D21222,Juniper Springs Medical,Priya Shah,Closed Won,58760.87
D21223,Maple Point Logistics,Priya Shah,Qualified,27232.45
D21224,Copper Ridge Distribution,Elena Cruz,Closed Lost,76849.83
D21225,Laurel Hill Medical,Marcus Bell,Closed Won,65109.03
D21226,Maple Bend Packaging,Marcus Bell,New,145449.17
D21227,Birch Point Hospitality,Elena Cruz,Proposal,45825.02
D21228,Copper Crest Energy,Elena Cruz,Closed Lost,126962.15
D21229,Silver Grove Energy,Priya Shah,Negotiation,344823.82
D21230,Redwood Park Software,Marcus Bell,Negotiation,91575.21
D21231,Juniper Ridge Consulting,Nora Patel,Qualified,40080.02
D21232,Cypress Lake Manufacturing,Priya Shah,Closed Won,202931.47
D21233,Pine Valley Retail,Priya Shah,Proposal,44083.07
D21234,Birch Heights Hospitality,Nora Patel,Closed Won,90831.12
D21235,Mesa Grove Energy,Lucas Reed,Closed Lost,281898.35
D21236,Coral Lake Energy,Maya Chen,Negotiation,253301.09
D21237,Sierra Creek Software,Lucas Reed,Qualified,89670.63
D21238,Sierra Heights Dental,Priya Shah,New,40196.64
D21239,Coral Springs Dental,Owen Brooks,New,11949.03
D21240,Canyon Heights Foods,Owen Brooks,Proposal,48767.46
D21241,Orchard Crest Distribution,Elena Cruz,Negotiation,136590.92
D21242,Harbor Creek Hospitality,Priya Shah,Qualified,39164.46
D21243,Juniper Lake Packaging,Owen Brooks,New,29601.71
D21244,Alder Creek Telecom,Lucas Reed,Qualified,89452.81
D21245,Granite Grove Software,Maya Chen,Proposal,56624.67
D21246,Laurel Springs Manufacturing,Owen Brooks,Closed Won,213671.71
D21247,Orchard Grove Agriculture,Marcus Bell,Closed Lost,14781.91
D21248,Cedar Creek Packaging,Nora Patel,Proposal,61482.68
D21249,Juniper Creek Construction,Priya Shah,Qualified,27611.27
D21250,Aspen Grove Energy,Elena Cruz,Proposal,108191.91
D21251,Redwood Ridge Energy,Jordan Ellis,Proposal,225233.39
D21252,Prairie Park Energy,Elena Cruz,Negotiation,169267.93
D21253,Prairie Valley Engineering,Elena Cruz,New,78368.83
D21254,Silver Springs Logistics,Elena Cruz,Closed Won,35303.65
D21255,Prairie Crest Packaging,Priya Shah,Negotiation,25776.83
D21256,Birch Ridge Consulting,Jordan Ellis,New,47200.84
D21257,Orchard Lake Logistics,Jordan Ellis,Qualified,85377.62
D21258,Prairie Springs Consulting,Maya Chen,Qualified,33512.43
D21259,Copper Crest Consulting,Maya Chen,Negotiation,44341.15
D21260,Pine Point Engineering,Jordan Ellis,Qualified,111348.19
D21261,Laurel Hill Software,Jordan Ellis,Closed Lost,36769.76
D21262,Redwood Grove Foods,Priya Shah,Proposal,42167.04
D21263,Willow Grove Dental,Jordan Ellis,Proposal,53668.69
D21264,Redwood Park Agriculture,Jordan Ellis,Proposal,101451.50
D21265,Granite Heights Engineering,Jordan Ellis,Closed Won,77363.66
D21266,Alder Creek Consulting,Maya Chen,New,32949.73
D21267,Sterling Ridge Logistics,Elena Cruz,Proposal,46059.50
D21268,Redwood Bend Construction,Maya Chen,Proposal,53900.42
D21269,Cedar Lake Foods,Owen Brooks,Proposal,25675.80
D21270,Aspen Point Foods,Elena Cruz,Qualified,20042.05
D21271,Sierra Springs Dental,Elena Cruz,Closed Won,30109.40
D21272,Copper Heights Packaging,Priya Shah,Closed Won,31477.36
D21273,Canyon Grove Manufacturing,Owen Brooks,Qualified,72894.95
D21274,Redwood Lake Agriculture,Maya Chen,Negotiation,74008.80
D21275,Birch Heights Medical,Lucas Reed,Qualified,18573.69
D21276,Silver Park Telecom,Elena Cruz,Qualified,136835.42
D21277,Silver Point Construction,Priya Shah,Qualified,54795.26
D21278,Copper Hill Medical,Jordan Ellis,Qualified,133566.07
D21279,Sequoia Bend Logistics,Jordan Ellis,Closed Won,126790.17
D21280,Laurel Point Construction,Priya Shah,Closed Won,62183.44
D21281,Summit Valley Logistics,Marcus Bell,Qualified,62960.58
D21282,Copper Bend Hospitality,Elena Cruz,Proposal,47601.04
D21283,Orchard Bend Telecom,Marcus Bell,Closed Won,212341.14
D21284,Mesa Lake Logistics,Elena Cruz,Negotiation,11465.76
D21285,Mesa Ridge Agriculture,Maya Chen,Proposal,70548.17
D21286,Orchard Lake Software,Lucas Reed,New,89455.57
D21287,Alder Park Manufacturing,Priya Shah,Closed Won,364272.62
D21288,Willow Bend Construction,Priya Shah,Proposal,144379.14
D21289,Harbor Bend Packaging,Elena Cruz,Closed Lost,19618.11
D21290,Willow Springs Energy,Nora Patel,New,417479.41
D21291,Birch Park Consulting,Elena Cruz,Negotiation,67883.41
D21292,Alder Crest Retail,Priya Shah,New,46234.36
D21293,Juniper Crest Manufacturing,Priya Shah,Proposal,251144.34
D21294,Cedar Springs Dental,Marcus Bell,New,49466.77
D21295,Alder Grove Medical,Priya Shah,Proposal,180413.52
D21296,Juniper Lake Software,Marcus Bell,Closed Lost,74791.46
D21297,Cedar Point Agriculture,Maya Chen,Closed Lost,43940.50
D21298,Harbor Point Manufacturing,Elena Cruz,New,75525.81
D21299,Willow Crest Medical,Nora Patel,Closed Won,123178.89
D21300,Prairie Point Packaging,Lucas Reed,Qualified,43159.89
D21301,Harbor Point Software,Lucas Reed,Negotiation,66037.50
D21302,Silver Park Telecom,Elena Cruz,Qualified,155767.84
D21303,Maple Ridge Hospitality,Elena Cruz,Proposal,39049.47
D21304,Prairie Valley Engineering,Elena Cruz,Closed Lost,200853.47
D21305,Cedar Ridge Foods,Marcus Bell,Proposal,49265.45
D21306,Cypress Creek Construction,Nora Patel,Negotiation,13118.82
D21307,Prairie Springs Hospitality,Elena Cruz,Closed Won,57273.16
D21308,Harbor Heights Retail,Lucas Reed,Qualified,27095.57
D21309,Alder Crest Medical,Maya Chen,Proposal,47398.99
D21310,Maple Springs Logistics,Nora Patel,Proposal,54050.81
D21311,Aspen Hill Manufacturing,Elena Cruz,Proposal,162455.93
D21312,Willow Ridge Construction,Elena Cruz,New,51633.50
D21313,Birch Ridge Consulting,Jordan Ellis,New,43985.88
D21314,Coral Crest Logistics,Lucas Reed,New,30050.79
D21315,Cedar Heights Manufacturing,Owen Brooks,Proposal,231225.81
D21316,Coral Ridge Manufacturing,Maya Chen,Qualified,366019.96
D21317,Granite Grove Engineering,Maya Chen,Negotiation,136718.48
D21318,Coral Hill Foods,Marcus Bell,Negotiation,79040.49
D21319,Birch Crest Dental,Jordan Ellis,Qualified,35217.17
D21320,Birch Hill Retail,Priya Shah,New,7056.71
D21321,Mesa Springs Consulting,Priya Shah,Qualified,28931.14
D21322,Prairie Valley Construction,Elena Cruz,Proposal,50512.95
D21323,Cypress Heights Packaging,Priya Shah,Qualified,22849.18
D21324,Pine Park Retail,Lucas Reed,Negotiation,35891.31
D21325,Coral Heights Distribution,Marcus Bell,Closed Lost,20620.64
D21326,Laurel Valley Telecom,Lucas Reed,Proposal,144948.49
D21327,Canyon Springs Distribution,Nora Patel,Proposal,71428.00
D21328,Juniper Valley Agriculture,Jordan Ellis,Negotiation,16247.74
D21329,Maple Lake Software,Owen Brooks,Proposal,42650.73
D21330,Granite Crest Foods,Nora Patel,Qualified,92856.30
D21331,Canyon Park Medical,Marcus Bell,Proposal,47372.69
D21332,Maple Crest Medical,Owen Brooks,Negotiation,55358.46
D21333,Cypress Ridge Foods,Owen Brooks,New,32005.73
D21334,Coral Bend Dental,Priya Shah,Proposal,31698.50
D21335,Harbor Heights Construction,Marcus Bell,Proposal,139332.95
D21336,Aspen Point Telecom,Priya Shah,New,89590.74
D21337,Copper Park Dental,Owen Brooks,Closed Won,34586.34
D21338,Sequoia Park Hospitality,Owen Brooks,New,42647.11
D21339,Sterling Hill Agriculture,Maya Chen,Proposal,56601.04
D21340,Juniper Hill Logistics,Owen Brooks,Qualified,116506.68
D21341,Cypress Hill Logistics,Lucas Reed,Proposal,136308.32
D21342,Canyon Lake Software,Maya Chen,Negotiation,107332.11
D21343,Mesa Bend Dental,Owen Brooks,Qualified,22565.87
D21344,Sierra Crest Retail,Maya Chen,Proposal,18245.33
D21345,Orchard Crest Dental,Elena Cruz,Qualified,25844.69
D21346,Maple Grove Retail,Lucas Reed,Negotiation,30116.70
D21347,Redwood Lake Software,Elena Cruz,Closed Lost,82321.63
D21348,Alder Crest Consulting,Owen Brooks,Closed Lost,7631.61
D21349,Orchard Heights Hospitality,Jordan Ellis,Closed Won,10727.16
D21350,Sterling Grove Retail,Elena Cruz,Proposal,49304.07
D21351,Silver Point Distribution,Owen Brooks,Proposal,112315.29
D21352,Birch Creek Medical,Jordan Ellis,Proposal,135312.33
D21353,Granite Creek Dental,Elena Cruz,Proposal,62092.86
D21354,Orchard Creek Construction,Maya Chen,New,97733.44
D21355,Prairie Crest Engineering,Maya Chen,Qualified,64025.50
D21356,Copper Valley Retail,Owen Brooks,Qualified,30822.97
D21357,Aspen Crest Manufacturing,Elena Cruz,Closed Won,121405.21
D21358,Aspen Crest Retail,Jordan Ellis,Closed Won,27761.80
D21359,Orchard Bend Packaging,Jordan Ellis,New,19262.41
D21360,Sequoia Grove Agriculture,Jordan Ellis,Negotiation,50015.80
D21361,Birch Point Engineering,Marcus Bell,Negotiation,49173.92
D21362,Granite Crest Dental,Lucas Reed,New,59193.09
D21363,Coral Grove Dental,Elena Cruz,New,32985.17
D21364,Granite Grove Telecom,Nora Patel,Qualified,72205.68
D21365,Cypress Park Software,Priya Shah,Qualified,88614.75
D21366,Maple Crest Medical,Owen Brooks,Negotiation,193597.10
D21367,Redwood Creek Construction,Jordan Ellis,Negotiation,47344.41
D21368,Coral Lake Telecom,Owen Brooks,Proposal,183505.54
D21369,Copper Park Construction,Priya Shah,Closed Lost,108192.64
D21370,Harbor Springs Energy,Nora Patel,Proposal,354782.33
D21371,Sequoia Valley Software,Owen Brooks,New,22591.55
D21372,Laurel Hill Logistics,Owen Brooks,Closed Won,65401.51
D21373,Prairie Ridge Dental,Owen Brooks,Proposal,21778.36
D21374,Granite Ridge Construction,Maya Chen,Negotiation,33946.73
D21375,Orchard Grove Construction,Jordan Ellis,Qualified,99624.15
D21376,Harbor Crest Energy,Jordan Ellis,New,141877.12
D21377,Copper Creek Software,Nora Patel,Closed Won,77179.98
D21378,Birch Springs Manufacturing,Priya Shah,Negotiation,144629.64
D21379,Sierra Creek Dental,Maya Chen,Closed Won,11339.68
D21380,Sterling Bend Consulting,Owen Brooks,New,56435.11
D21381,Silver Crest Hospitality,Maya Chen,Negotiation,12475.39
D21382,Harbor Hill Distribution,Owen Brooks,Closed Lost,85290.82
D21383,Silver Crest Logistics,Owen Brooks,Qualified,108318.74
D21384,Mesa Springs Agriculture,Lucas Reed,Closed Won,29155.30
D21385,Cypress Lake Packaging,Lucas Reed,Proposal,38037.22
D21386,Aspen Hill Distribution,Maya Chen,New,42271.17
D21387,Prairie Hill Dental,Marcus Bell,Negotiation,31694.51
D21388,Cypress Creek Energy,Marcus Bell,Closed Won,219558.80
D21389,Alder Valley Medical,Elena Cruz,New,45916.34
D21390,Juniper Hill Agriculture,Marcus Bell,Negotiation,67008.08
D21391,Pine Hill Distribution,Marcus Bell,Proposal,137206.47
D21392,Orchard Ridge Telecom,Owen Brooks,Qualified,79957.58
D21393,Mesa Point Software,Lucas Reed,Qualified,23312.39
D21394,Cedar Ridge Retail,Lucas Reed,Closed Won,35507.88
D21395,Silver Valley Engineering,Marcus Bell,New,119471.53
D21396,Copper Park Dental,Owen Brooks,Closed Won,45335.20
D21397,Silver Valley Foods,Marcus Bell,Negotiation,6441.48
D21398,Mesa Crest Agriculture,Nora Patel,Proposal,28340.80
D21399,Aspen Park Agriculture,Elena Cruz,Negotiation,125562.68
D21400,Aspen Creek Telecom,Priya Shah,Closed Won,148627.77
D21401,Willow Hill Packaging,Elena Cruz,New,55818.38
D21402,Prairie Valley Telecom,Priya Shah,New,231557.66
D21403,Orchard Ridge Dental,Nora Patel,Negotiation,26697.84
D21404,Sterling Creek Distribution,Priya Shah,Closed Won,105060.73
D21405,Mesa Park Construction,Owen Brooks,New,45229.06
D21406,Redwood Point Medical,Marcus Bell,Negotiation,202591.69
D21407,Copper Creek Medical,Priya Shah,Closed Lost,50566.60
D21408,Aspen Hill Retail,Jordan Ellis,Negotiation,34632.80
D21409,Silver Heights Manufacturing,Marcus Bell,Qualified,63737.16
D21410,Laurel Bend Consulting,Elena Cruz,Closed Lost,38269.11
D21411,Willow Crest Consulting,Marcus Bell,Closed Won,59842.75
D21412,Silver Point Agriculture,Nora Patel,Negotiation,64597.03
D21413,Orchard Springs Medical,Maya Chen,Proposal,235676.99
D21414,Aspen Park Foods,Maya Chen,New,20709.86
D21415,Aspen Bend Agriculture,Owen Brooks,Qualified,57577.63
D21416,Cedar Heights Retail,Elena Cruz,Proposal,84767.81
D21417,Harbor Point Logistics,Jordan Ellis,New,151759.15
D21418,Pine Creek Dental,Nora Patel,Qualified,23345.74
D21419,Redwood Heights Engineering,Lucas Reed,Proposal,91423.36
D21420,Harbor Point Construction,Lucas Reed,Closed Lost,50647.93
D21421,Pine Crest Manufacturing,Jordan Ellis,Closed Lost,227473.14
D21422,Pine Ridge Engineering,Priya Shah,Closed Lost,165381.81
D21423,Mesa Springs Packaging,Jordan Ellis,Closed Won,143206.58
D21424,Sequoia Valley Engineering,Owen Brooks,Closed Won,32207.15
D21425,Silver Lake Energy,Elena Cruz,Qualified,220713.70
D21426,Willow Valley Hospitality,Marcus Bell,Proposal,129562.66
D21427,Orchard Ridge Engineering,Jordan Ellis,Closed Lost,76571.93
D21428,Canyon Lake Hospitality,Owen Brooks,Negotiation,23752.55
D21429,Silver Bend Telecom,Owen Brooks,New,30131.95
D21430,Pine Heights Agriculture,Owen Brooks,Closed Lost,90505.16
D21431,Summit Valley Agriculture,Lucas Reed,Negotiation,45848.37
D21432,Summit Springs Consulting,Lucas Reed,Closed Won,34444.66
D21433,Mesa Crest Agriculture,Nora Patel,Proposal,108958.78
D21434,Coral Creek Software,Nora Patel,New,50479.79
D21435,Canyon Creek Logistics,Lucas Reed,Proposal,68977.55
D21436,Maple Bend Medical,Owen Brooks,Proposal,167891.87
D21437,Sierra Crest Energy,Jordan Ellis,Negotiation,126316.12
D21438,Birch Lake Manufacturing,Jordan Ellis,Proposal,223843.66
D21439,Sierra Park Consulting,Priya Shah,Proposal,20420.20
D21440,Cypress Crest Dental,Priya Shah,Closed Lost,12114.98
D21441,Orchard Creek Energy,Owen Brooks,Negotiation,406633.73
D21442,Juniper Park Telecom,Elena Cruz,Qualified,125757.39
D21443,Granite Creek Retail,Marcus Bell,Closed Won,19265.31
D21444,Alder Crest Foods,Elena Cruz,Qualified,30404.61
D21445,Copper Lake Manufacturing,Priya Shah,New,233040.85
D21446,Coral Crest Manufacturing,Nora Patel,New,82735.04
D21447,Maple Creek Medical,Maya Chen,Negotiation,56861.20
D21448,Granite Heights Foods,Jordan Ellis,Negotiation,27286.81
D21449,Sequoia Creek Packaging,Nora Patel,New,41949.64
D21450,Orchard Crest Hospitality,Nora Patel,Proposal,43874.76
D21451,Sequoia Hill Energy,Priya Shah,Proposal,190640.43
D21452,Juniper Bend Energy,Maya Chen,Closed Won,272748.72
D21453,Cypress Point Distribution,Lucas Reed,Closed Won,79633.15
D21454,Harbor Springs Medical,Lucas Reed,Proposal,54360.76
D21455,Coral Ridge Foods,Owen Brooks,Qualified,20749.36
D21456,Orchard Lake Software,Lucas Reed,Closed Lost,109722.53
D21457,Laurel Crest Retail,Owen Brooks,Negotiation,104089.23
D21458,Alder Bend Telecom,Priya Shah,Closed Won,111734.85
D21459,Summit Springs Engineering,Maya Chen,Closed Won,207756.52
D21460,Laurel Valley Distribution,Priya Shah,Proposal,46968.20
D21461,Sierra Hill Telecom,Maya Chen,New,224163.34
D21462,Mesa Springs Manufacturing,Maya Chen,Closed Lost,171193.64
D21463,Birch Point Distribution,Priya Shah,Closed Won,61850.33
D21464,Sierra Park Manufacturing,Maya Chen,Closed Won,139576.73
D21465,Copper Point Manufacturing,Owen Brooks,Closed Won,258007.10
D21466,Pine Valley Distribution,Jordan Ellis,Qualified,98755.11
D21467,Granite Lake Logistics,Maya Chen,Negotiation,61736.31
D21468,Pine Heights Manufacturing,Elena Cruz,Negotiation,93520.39
D21469,Aspen Springs Manufacturing,Jordan Ellis,Proposal,193610.91
D21470,Redwood Ridge Dental,Owen Brooks,Qualified,13470.68
D21471,Pine Point Agriculture,Marcus Bell,Closed Lost,50285.06
D21472,Sterling Park Retail,Owen Brooks,New,12776.99
D21473,Granite Creek Foods,Owen Brooks,New,47369.91
D21474,Granite Bend Energy,Marcus Bell,New,142354.73
D21475,Summit Springs Logistics,Nora Patel,Proposal,108702.49
D21476,Sterling Grove Construction,Nora Patel,New,133147.74
D21477,Summit Ridge Engineering,Marcus Bell,New,63991.28
D21478,Harbor Hill Hospitality,Jordan Ellis,Proposal,48335.39
D21479,Juniper Heights Engineering,Elena Cruz,Qualified,146957.82
D21480,Coral Heights Telecom,Nora Patel,Proposal,161946.72
D21481,Maple Hill Distribution,Maya Chen,Closed Lost,70738.35
D21482,Cypress Springs Agriculture,Nora Patel,Proposal,143483.32
D21483,Silver Hill Software,Jordan Ellis,Negotiation,74790.65
D21484,Willow Crest Manufacturing,Lucas Reed,New,64698.99
D21485,Sierra Springs Retail,Marcus Bell,Closed Won,55545.85
D21486,Summit Bend Dental,Maya Chen,Closed Won,19941.02
D21487,Coral Heights Hospitality,Owen Brooks,Closed Won,47391.06
D21488,Copper Crest Software,Marcus Bell,Qualified,21652.71
D21489,Cedar Point Engineering,Elena Cruz,Qualified,187935.33
D21490,Harbor Ridge Foods,Elena Cruz,Negotiation,7319.50
D21491,Copper Ridge Engineering,Owen Brooks,Closed Won,112199.57
D21492,Summit Point Dental,Jordan Ellis,Closed Won,34013.62
D21493,Prairie Valley Logistics,Priya Shah,Closed Won,43246.50
D21494,Cedar Point Software,Elena Cruz,Negotiation,50384.48
D21495,Summit Valley Distribution,Elena Cruz,Proposal,125800.73
D21496,Cypress Bend Engineering,Marcus Bell,Closed Lost,79564.45
D21497,Coral Grove Hospitality,Nora Patel,Closed Won,114831.81
D21498,Juniper Creek Energy,Jordan Ellis,Qualified,212711.65
D21499,Alder Hill Telecom,Priya Shah,Proposal,146626.36
D21500,Cypress Bend Manufacturing,Nora Patel,Qualified,76358.64
D21501,Pine Lake Retail,Priya Shah,Qualified,29000.56
D21502,Pine Ridge Manufacturing,Lucas Reed,Closed Won,180685.88
D21503,Sequoia Grove Construction,Marcus Bell,Qualified,96526.90
D21504,Summit Bend Logistics,Jordan Ellis,Closed Won,13265.72
D21505,Summit Bend Telecom,Jordan Ellis,Closed Lost,108073.22
D21506,Summit Creek Engineering,Elena Cruz,Proposal,114830.51
D21507,Coral Springs Hospitality,Jordan Ellis,Closed Won,45512.94
D21508,Birch Crest Telecom,Priya Shah,Proposal,47872.75
D21509,Orchard Crest Distribution,Elena Cruz,Closed Lost,129278.61
D21510,Canyon Springs Medical,Marcus Bell,Proposal,58536.05
D21511,Willow Point Logistics,Jordan Ellis,New,62459.24
D21512,Aspen Point Hospitality,Lucas Reed,New,113970.31
D21513,Mesa Grove Logistics,Priya Shah,Qualified,82397.92
D21514,Birch Springs Energy,Maya Chen,Proposal,194010.69
D21515,Copper Grove Software,Owen Brooks,Proposal,37347.59
D21516,Cedar Point Agriculture,Maya Chen,Qualified,41876.93
D21517,Juniper Bend Packaging,Lucas Reed,Closed Lost,44663.77
D21518,Mesa Ridge Energy,Lucas Reed,Closed Lost,209706.65
D21519,Orchard Park Energy,Lucas Reed,New,260211.66
D21520,Orchard Heights Agriculture,Nora Patel,Negotiation,71520.30
D21521,Maple Grove Telecom,Lucas Reed,Closed Won,123283.91
D21522,Alder Crest Agriculture,Maya Chen,Closed Won,137231.62
D21523,Juniper Crest Engineering,Jordan Ellis,Qualified,89442.95
D21524,Granite Creek Consulting,Priya Shah,Negotiation,61932.82
D21525,Pine Grove Consulting,Marcus Bell,Closed Won,13879.72
D21526,Cypress Hill Engineering,Marcus Bell,New,107635.56
D21527,Harbor Point Distribution,Maya Chen,Closed Won,110948.12
D21528,Redwood Ridge Consulting,Marcus Bell,Negotiation,48270.28
D21529,Sequoia Springs Construction,Maya Chen,Qualified,97189.96
D21530,Coral Heights Retail,Nora Patel,Proposal,45836.27
D21531,Harbor Valley Retail,Elena Cruz,Negotiation,66151.72
D21532,Maple Heights Construction,Nora Patel,Qualified,106794.27
D21533,Granite Grove Consulting,Lucas Reed,Closed Won,71364.69
D21534,Granite Bend Dental,Lucas Reed,Negotiation,35928.18
D21535,Birch Lake Logistics,Nora Patel,Proposal,39034.47
D21536,Sierra Lake Energy,Marcus Bell,Qualified,144317.15
D21537,Coral Point Construction,Nora Patel,Qualified,28012.26
D21538,Aspen Bend Medical,Owen Brooks,Negotiation,43007.94
D21539,Redwood Hill Construction,Maya Chen,Negotiation,200718.14
D21540,Mesa Ridge Telecom,Priya Shah,Qualified,175721.85
D21541,Laurel Creek Telecom,Maya Chen,Closed Lost,72492.00
D21542,Maple Ridge Construction,Marcus Bell,Negotiation,44246.18
D21543,Silver Springs Manufacturing,Owen Brooks,Negotiation,272451.36
D21544,Sterling Point Manufacturing,Nora Patel,Qualified,196862.18
D21545,Prairie Heights Construction,Lucas Reed,Qualified,144914.36
D21546,Prairie Hill Medical,Elena Cruz,Closed Lost,83624.86
D21547,Laurel Park Energy,Marcus Bell,Closed Won,121917.37
D21548,Sequoia Point Logistics,Priya Shah,Proposal,27291.91
D21549,Prairie Bend Hospitality,Owen Brooks,Proposal,20406.73
D21550,Copper Crest Manufacturing,Nora Patel,Proposal,189882.91
D21551,Maple Springs Energy,Owen Brooks,Proposal,116405.24
D21552,Mesa Lake Manufacturing,Owen Brooks,Closed Won,160723.31
D21553,Silver Lake Distribution,Priya Shah,Qualified,132951.53
D21554,Juniper Springs Hospitality,Marcus Bell,Negotiation,36709.42
D21555,Harbor Grove Dental,Jordan Ellis,Negotiation,42173.05
D21556,Willow Valley Retail,Elena Cruz,Closed Won,59271.28
D21557,Prairie Point Telecom,Owen Brooks,Proposal,220177.31
D21558,Sterling Grove Foods,Nora Patel,Proposal,25768.16
D21559,Copper Lake Engineering,Jordan Ellis,Closed Lost,84421.34
D21560,Copper Valley Logistics,Owen Brooks,Qualified,99890.92
D21561,Sequoia Creek Distribution,Jordan Ellis,Qualified,107281.64
D21562,Prairie Creek Logistics,Owen Brooks,Closed Won,68145.50
D21563,Orchard Creek Dental,Marcus Bell,Negotiation,29384.57
D21564,Maple Bend Foods,Lucas Reed,Qualified,29873.51
D21565,Cypress Valley Software,Jordan Ellis,Closed Lost,87094.22
D21566,Copper Point Software,Nora Patel,Negotiation,63636.37
D21567,Laurel Valley Foods,Marcus Bell,New,29672.63
D21568,Aspen Bend Foods,Lucas Reed,Qualified,27690.30
D21569,Alder Bend Retail,Priya Shah,New,37459.26
D21570,Summit Crest Consulting,Nora Patel,Negotiation,68221.79
D21571,Sterling Bend Hospitality,Lucas Reed,Proposal,29497.99
D21572,Aspen Valley Distribution,Elena Cruz,Negotiation,84484.26
D21573,Pine Ridge Foods,Priya Shah,New,54144.62
D21574,Sierra Grove Distribution,Jordan Ellis,Closed Won,101703.62
D21575,Granite Grove Medical,Elena Cruz,New,183425.19
D21576,Sterling Grove Packaging,Maya Chen,Negotiation,39867.76
D21577,Pine Springs Packaging,Owen Brooks,Proposal,117519.33
D21578,Summit Park Foods,Maya Chen,Closed Won,8766.93
D21579,Copper Hill Manufacturing,Nora Patel,Closed Lost,145931.74
D21580,Summit Heights Dental,Lucas Reed,Proposal,12493.38
D21581,Sierra Grove Manufacturing,Marcus Bell,Qualified,223360.11
D21582,Aspen Valley Medical,Lucas Reed,Negotiation,36710.64
D21583,Cypress Bend Manufacturing,Nora Patel,Qualified,100461.52
D21584,Birch Lake Construction,Maya Chen,New,84164.05
D21585,Cypress Lake Manufacturing,Priya Shah,Proposal,186528.57
D21586,Harbor Valley Engineering,Nora Patel,Closed Lost,39797.70
D21587,Mesa Grove Logistics,Priya Shah,Proposal,49518.85
D21588,Copper Ridge Foods,Owen Brooks,Qualified,20395.61
D21589,Harbor Bend Foods,Priya Shah,Closed Lost,44398.13
D21590,Harbor Springs Hospitality,Nora Patel,Negotiation,50287.52
D21591,Cedar Grove Agriculture,Jordan Ellis,Closed Won,132627.64
D21592,Cypress Point Consulting,Jordan Ellis,Closed Won,37199.24
D21593,Redwood Lake Engineering,Elena Cruz,Qualified,101460.37
D21594,Coral Crest Engineering,Marcus Bell,New,47385.77
D21595,Coral Hill Hospitality,Elena Cruz,Proposal,12448.91
D21596,Coral Crest Software,Marcus Bell,Qualified,132616.20
D21597,Orchard Bend Energy,Nora Patel,New,185630.29
D21598,Maple Lake Retail,Marcus Bell,Proposal,24387.77
D21599,Birch Springs Consulting,Elena Cruz,Negotiation,33790.38
D21600,Copper Bend Dental,Priya Shah,Qualified,57725.64
D21601,Birch Crest Hospitality,Lucas Reed,Closed Lost,78293.89
D21602,Sequoia Crest Engineering,Lucas Reed,New,130069.24
D21603,Alder Creek Engineering,Marcus Bell,Closed Won,27680.84
D21604,Alder Ridge Manufacturing,Owen Brooks,Negotiation,85602.76
D21605,Mesa Bend Hospitality,Jordan Ellis,Closed Lost,114718.88
D21606,Mesa Lake Agriculture,Priya Shah,Negotiation,73115.55
D21607,Copper Creek Telecom,Elena Cruz,Negotiation,194624.60
D21608,Alder Crest Construction,Elena Cruz,Negotiation,105191.46
D21609,Orchard Bend Retail,Marcus Bell,Negotiation,39172.25
D21610,Pine Park Manufacturing,Nora Patel,Qualified,108798.45
D21611,Silver Park Logistics,Elena Cruz,Negotiation,105170.90
D21612,Juniper Valley Packaging,Owen Brooks,Proposal,21545.96
D21613,Juniper Lake Telecom,Lucas Reed,Proposal,208340.55
D21614,Summit Ridge Energy,Elena Cruz,Closed Won,216954.20
D21615,Pine Creek Medical,Marcus Bell,Negotiation,202362.66
D21616,Granite Park Manufacturing,Elena Cruz,New,48102.70
D21617,Sterling Hill Foods,Elena Cruz,Closed Won,89789.97
D21618,Alder Bend Retail,Priya Shah,Negotiation,58769.77
D21619,Coral Point Agriculture,Priya Shah,Proposal,96307.05
D21620,Sequoia Valley Medical,Lucas Reed,Negotiation,113491.98
D21621,Sterling Crest Energy,Lucas Reed,Proposal,247448.29
D21622,Willow Bend Telecom,Maya Chen,New,237793.31
D21623,Cedar Point Manufacturing,Marcus Bell,Closed Lost,69479.98
D21624,Summit Heights Consulting,Jordan Ellis,Qualified,37293.60
D21625,Summit Creek Energy,Lucas Reed,Qualified,152832.45
D21626,Sterling Bend Dental,Jordan Ellis,Closed Lost,31806.46
D21627,Maple Lake Engineering,Owen Brooks,Proposal,164360.15
D21628,Harbor Valley Agriculture,Priya Shah,Proposal,25445.65
D21629,Coral Lake Software,Jordan Ellis,Negotiation,19784.54
D21630,Cedar Springs Packaging,Priya Shah,New,82569.98
D21631,Sterling Point Software,Marcus Bell,New,74004.72
D21632,Canyon Valley Distribution,Marcus Bell,Closed Lost,107156.51
D21633,Birch Crest Hospitality,Lucas Reed,Qualified,78392.99
D21634,Pine Crest Retail,Nora Patel,Closed Won,41941.71
D21635,Canyon Crest Manufacturing,Marcus Bell,Qualified,308668.27
D21636,Copper Bend Agriculture,Jordan Ellis,New,41775.05
D21637,Juniper Lake Distribution,Priya Shah,New,36016.42
D21638,Coral Bend Distribution,Priya Shah,Qualified,22779.43
D21639,Pine Bend Logistics,Nora Patel,Proposal,95003.89
D21640,Aspen Grove Energy,Elena Cruz,Negotiation,54422.98
D21641,Cedar Hill Manufacturing,Elena Cruz,Closed Lost,127633.69
D21642,Birch Hill Manufacturing,Marcus Bell,Qualified,69969.63
D21643,Laurel Ridge Hospitality,Priya Shah,Closed Lost,20434.44
D21644,Orchard Heights Logistics,Maya Chen,Proposal,29897.94
D21645,Copper Hill Software,Marcus Bell,Negotiation,23256.48
D21646,Sierra Ridge Energy,Lucas Reed,Closed Lost,152175.34
D21647,Copper Creek Agriculture,Priya Shah,Closed Won,91055.56
D21648,Cypress Creek Packaging,Maya Chen,Closed Won,29982.98
D21649,Cedar Bend Energy,Priya Shah,Qualified,446647.74
D21650,Canyon Creek Agriculture,Jordan Ellis,Qualified,30546.53
D21651,Alder Bend Logistics,Priya Shah,New,78291.24
D21652,Cedar Creek Foods,Elena Cruz,Qualified,40645.06
D21653,Alder Bend Telecom,Priya Shah,Closed Won,67289.86
D21654,Sterling Hill Dental,Jordan Ellis,New,18218.81
D21655,Canyon Creek Construction,Marcus Bell,Qualified,40953.91
D21656,Willow Point Consulting,Nora Patel,Qualified,14663.44
D21657,Juniper Creek Software,Priya Shah,Qualified,41581.05
D21658,Coral Creek Distribution,Lucas Reed,Negotiation,58267.57
D21659,Redwood Heights Construction,Lucas Reed,Closed Won,46472.41
D21660,Maple Hill Hospitality,Priya Shah,Closed Won,28782.40
D21661,Juniper Crest Packaging,Lucas Reed,Qualified,29359.15
D21662,Summit Hill Software,Lucas Reed,New,58036.63
D21663,Maple Heights Logistics,Elena Cruz,New,18952.58
D21664,Aspen Hill Logistics,Jordan Ellis,Negotiation,111778.24
D21665,Harbor Park Hospitality,Nora Patel,Proposal,17802.50
D21666,Cedar Bend Packaging,Marcus Bell,Closed Won,63525.02
D21667,Sequoia Grove Logistics,Lucas Reed,Negotiation,45829.41
D21668,Silver Ridge Consulting,Nora Patel,New,29052.96
D21669,Birch Ridge Manufacturing,Owen Brooks,New,139818.28
D21670,Orchard Crest Foods,Owen Brooks,Closed Won,15673.35
D21671,Coral Springs Distribution,Owen Brooks,Proposal,94078.89
D21672,Copper Grove Telecom,Marcus Bell,Closed Won,61430.26
D21673,Aspen Hill Retail,Jordan Ellis,Proposal,30706.43
D21674,Prairie Hill Dental,Marcus Bell,Closed Lost,46805.54
D21675,Sierra Valley Logistics,Elena Cruz,New,34442.23
D21676,Alder Valley Telecom,Nora Patel,Proposal,90369.61
D21677,Canyon Crest Construction,Elena Cruz,Qualified,116112.33
D21678,Harbor Valley Software,Nora Patel,Negotiation,23727.74
D21679,Cypress Springs Distribution,Owen Brooks,Closed Lost,67607.51
D21680,Willow Park Dental,Elena Cruz,Closed Lost,61221.23
D21681,Cedar Grove Hospitality,Elena Cruz,Proposal,88903.54
D21682,Sequoia Valley Logistics,Marcus Bell,Negotiation,84868.16
D21683,Pine Creek Distribution,Nora Patel,Closed Lost,106832.81
D21684,Sequoia Lake Agriculture,Lucas Reed,Qualified,21239.93
D21685,Orchard Grove Logistics,Owen Brooks,Closed Lost,140337.41
D21686,Prairie Heights Manufacturing,Elena Cruz,Proposal,286030.71
D21687,Harbor Valley Construction,Nora Patel,Closed Won,167871.88
D21688,Maple Ridge Construction,Marcus Bell,Proposal,126071.69
D21689,Laurel Heights Foods,Elena Cruz,New,66218.39
D21690,Copper Park Retail,Maya Chen,Proposal,28155.23
D21691,Granite Bend Agriculture,Priya Shah,Qualified,43025.55
D21692,Sterling Grove Packaging,Maya Chen,Negotiation,30676.63
D21693,Mesa Heights Dental,Priya Shah,Closed Won,29443.10
D21694,Copper Springs Foods,Priya Shah,Qualified,43179.61
D21695,Aspen Valley Manufacturing,Maya Chen,Proposal,123684.97
D21696,Summit Point Telecom,Priya Shah,New,102722.03
D21697,Granite Hill Foods,Nora Patel,Negotiation,75641.32
D21698,Pine Heights Retail,Jordan Ellis,Qualified,19262.07
D21699,Juniper Grove Manufacturing,Elena Cruz,Qualified,117409.09
D21700,Silver Springs Telecom,Elena Cruz,Closed Lost,88852.23
D21701,Coral Ridge Manufacturing,Maya Chen,Qualified,161682.43
D21702,Summit Ridge Agriculture,Jordan Ellis,Proposal,73989.73
D21703,Coral Valley Hospitality,Maya Chen,Proposal,48741.40
D21704,Sterling Lake Software,Maya Chen,Closed Won,67129.08
D21705,Pine Bend Dental,Marcus Bell,Qualified,13108.55
D21706,Mesa Grove Construction,Elena Cruz,Closed Lost,54130.37
D21707,Willow Lake Energy,Marcus Bell,Qualified,362238.87
D21708,Cypress Heights Logistics,Nora Patel,Closed Lost,37723.76
D21709,Willow Springs Medical,Lucas Reed,Qualified,89185.62
D21710,Birch Hill Foods,Elena Cruz,Closed Won,42165.67
D21711,Sterling Crest Manufacturing,Marcus Bell,New,228467.70
D21712,Copper Springs Telecom,Maya Chen,Closed Lost,164477.12
D21713,Juniper Bend Agriculture,Marcus Bell,Closed Lost,82680.94
D21714,Willow Valley Telecom,Elena Cruz,Closed Won,32482.03
D21715,Silver Hill Packaging,Lucas Reed,New,32066.47
D21716,Summit Heights Energy,Marcus Bell,Proposal,276290.39
D21717,Alder Ridge Engineering,Nora Patel,Qualified,160825.42
D21718,Redwood Lake Agriculture,Maya Chen,Closed Won,79854.87
D21719,Alder Crest Agriculture,Maya Chen,Proposal,110199.73
D21720,Willow Grove Medical,Maya Chen,Closed Won,178661.02
D21721,Redwood Bend Dental,Marcus Bell,Closed Won,15259.86
D21722,Granite Ridge Retail,Nora Patel,Qualified,17996.03
D21723,Granite Lake Hospitality,Jordan Ellis,Closed Won,83001.97
D21724,Juniper Crest Distribution,Nora Patel,Proposal,56700.17
D21725,Orchard Creek Retail,Nora Patel,Qualified,65077.95
D21726,Granite Valley Construction,Priya Shah,Proposal,104474.77
D21727,Cypress Heights Dental,Marcus Bell,Closed Won,38785.66
D21728,Aspen Valley Packaging,Jordan Ellis,Closed Won,27217.06
D21729,Orchard Heights Retail,Maya Chen,Proposal,21384.53
D21730,Redwood Crest Packaging,Priya Shah,Proposal,92590.68
D21731,Coral Park Distribution,Owen Brooks,Closed Won,40593.73
D21732,Aspen Hill Construction,Lucas Reed,Qualified,33053.19
D21733,Harbor Hill Retail,Maya Chen,Proposal,77058.17
D21734,Willow Grove Distribution,Jordan Ellis,Closed Won,25982.59
D21735,Sequoia Hill Agriculture,Owen Brooks,Qualified,50156.83
D21736,Birch Bend Logistics,Priya Shah,Negotiation,70393.59
D21737,Summit Crest Construction,Lucas Reed,Closed Won,137017.77
D21738,Aspen Bend Foods,Lucas Reed,New,72477.31
D21739,Summit Park Telecom,Nora Patel,New,103420.16
D21740,Sequoia Park Dental,Marcus Bell,New,31279.72
D21741,Pine Heights Software,Lucas Reed,Proposal,54258.23
D21742,Cypress Lake Consulting,Elena Cruz,Closed Won,22686.93
D21743,Juniper Point Hospitality,Jordan Ellis,Qualified,38652.24
D21744,Willow Point Software,Lucas Reed,Closed Lost,126423.87
D21745,Summit Lake Packaging,Jordan Ellis,Proposal,30580.61
D21746,Prairie Valley Manufacturing,Marcus Bell,Closed Lost,179047.26
D21747,Sterling Ridge Software,Nora Patel,Proposal,91051.25
D21748,Birch Lake Software,Maya Chen,New,86027.29
D21749,Sequoia Creek Engineering,Elena Cruz,Proposal,109540.99
D21750,Redwood Park Packaging,Owen Brooks,Qualified,23856.21
D21751,Sterling Grove Agriculture,Priya Shah,Closed Won,55644.78
D21752,Silver Heights Engineering,Elena Cruz,Proposal,132336.96
D21753,Copper Crest Dental,Priya Shah,Closed Won,50888.57
D21754,Summit Point Software,Elena Cruz,Negotiation,153705.78
D21755,Sterling Heights Logistics,Marcus Bell,Qualified,93056.16
D21756,Juniper Grove Packaging,Marcus Bell,Closed Won,36021.76
D21757,Orchard Valley Telecom,Jordan Ellis,Proposal,112823.68
D21758,Willow Ridge Hospitality,Lucas Reed,Negotiation,121864.30
D21759,Mesa Heights Consulting,Maya Chen,Negotiation,21382.93
D21760,Aspen Crest Medical,Owen Brooks,Negotiation,28436.41
D21761,Cedar Point Retail,Priya Shah,New,22711.16
D21762,Laurel Springs Packaging,Maya Chen,Negotiation,86062.12
D21763,Harbor Creek Energy,Priya Shah,Closed Won,29487.78
D21764,Willow Heights Agriculture,Jordan Ellis,Qualified,121274.16
D21765,Orchard Point Distribution,Marcus Bell,Negotiation,136612.19
D21766,Willow Park Engineering,Owen Brooks,Closed Won,78687.00
D21767,Copper Ridge Agriculture,Lucas Reed,Proposal,64264.17
D21768,Sierra Heights Logistics,Lucas Reed,Qualified,66586.41
D21769,Coral Heights Packaging,Priya Shah,Closed Won,47857.17
D21770,Maple Bend Distribution,Maya Chen,Qualified,42852.79
D21771,Alder Creek Retail,Lucas Reed,Closed Won,44256.69
D21772,Cypress Bend Consulting,Maya Chen,Negotiation,36636.94
D21773,Aspen Ridge Distribution,Priya Shah,Negotiation,132801.15
D21774,Juniper Valley Agriculture,Jordan Ellis,Negotiation,64666.88
D21775,Pine Point Software,Jordan Ellis,Closed Lost,72928.87
D21776,Canyon Hill Packaging,Nora Patel,New,58022.57
D21777,Silver Creek Telecom,Maya Chen,Proposal,118995.99
D21778,Orchard Point Construction,Maya Chen,Closed Lost,32334.74
D21779,Summit Ridge Hospitality,Elena Cruz,New,41759.46
D21780,Maple Grove Engineering,Marcus Bell,Qualified,44837.73
D21781,Copper Heights Energy,Owen Brooks,New,52586.06
D21782,Granite Springs Agriculture,Owen Brooks,Closed Lost,112954.39
D21783,Maple Heights Dental,Lucas Reed,Qualified,46713.75
D21784,Copper Point Foods,Nora Patel,Closed Lost,88100.51
D21785,Canyon Ridge Engineering,Nora Patel,Proposal,95775.06
D21786,Canyon Valley Manufacturing,Jordan Ellis,Closed Won,327828.22
D21787,Cedar Grove Distribution,Priya Shah,Negotiation,81710.24
D21788,Mesa Park Consulting,Priya Shah,Proposal,45220.02
D21789,Sterling Grove Logistics,Elena Cruz,Negotiation,108770.58
D21790,Cypress Grove Construction,Owen Brooks,Negotiation,70821.97
D21791,Granite Hill Packaging,Maya Chen,Closed Lost,77181.33
D21792,Copper Grove Software,Owen Brooks,Closed Won,29035.97
D21793,Silver Heights Retail,Priya Shah,New,31866.10
D21794,Summit Ridge Distribution,Priya Shah,Closed Won,40913.35
D21795,Laurel Heights Manufacturing,Marcus Bell,Proposal,205996.08
D21796,Silver Bend Software,Jordan Ellis,Qualified,33227.08
D21797,Orchard Ridge Foods,Jordan Ellis,Closed Lost,57726.86
D21798,Orchard Point Dental,Marcus Bell,New,56262.56
D21799,Redwood Park Construction,Marcus Bell,Closed Won,124612.24
D21800,Cedar Heights Dental,Lucas Reed,New,20171.57
D21801,Birch Grove Logistics,Elena Cruz,Qualified,68946.68
D21802,Mesa Creek Packaging,Marcus Bell,Negotiation,28700.19
D21803,Laurel Hill Energy,Maya Chen,Proposal,365012.01
D21804,Cedar Hill Medical,Owen Brooks,Qualified,88355.22
D21805,Redwood Ridge Foods,Priya Shah,Negotiation,50904.42
D21806,Alder Park Medical,Marcus Bell,New,145669.25
D21807,Juniper Grove Engineering,Lucas Reed,Negotiation,93414.81
D21808,Alder Grove Consulting,Jordan Ellis,Negotiation,40378.64
D21809,Silver Park Medical,Priya Shah,Proposal,67570.66
D21810,Cypress Park Engineering,Priya Shah,Closed Won,106551.49
D21811,Sierra Creek Packaging,Marcus Bell,Proposal,24584.79
D21812,Canyon Grove Medical,Priya Shah,New,103032.45
D21813,Laurel Grove Engineering,Lucas Reed,Proposal,119957.15
D21814,Redwood Hill Telecom,Nora Patel,Proposal,162097.06
D21815,Willow Park Dental,Elena Cruz,Qualified,40004.76
D21816,Laurel Crest Dental,Nora Patel,New,28862.06
D21817,Willow Lake Distribution,Lucas Reed,Negotiation,17074.52
D21818,Prairie Point Dental,Nora Patel,Proposal,70599.43
D21819,Cedar Lake Consulting,Priya Shah,Qualified,9607.63
D21820,Sequoia Hill Medical,Owen Brooks,Closed Won,117030.42
D21821,Prairie Grove Hospitality,Jordan Ellis,New,64561.62
D21822,Prairie Lake Distribution,Jordan Ellis,Proposal,17543.03
D21823,Granite Bend Packaging,Maya Chen,Closed Lost,47245.37
D21824,Sequoia Crest Packaging,Marcus Bell,New,95000.20
D21825,Cedar Point Dental,Jordan Ellis,Closed Won,22411.77
D21826,Silver Lake Foods,Marcus Bell,Closed Lost,84024.98
D21827,Silver Springs Engineering,Nora Patel,Closed Won,119814.32
D21828,Alder Lake Foods,Maya Chen,New,44752.06
D21829,Mesa Valley Retail,Elena Cruz,Closed Lost,53070.82
D21830,Pine Grove Logistics,Maya Chen,Qualified,112966.38
D21831,Aspen Hill Consulting,Nora Patel,Closed Lost,13269.55
D21832,Birch Grove Medical,Priya Shah,Proposal,98410.59
D21833,Summit Bend Manufacturing,Elena Cruz,Qualified,237353.51
D21834,Orchard Crest Consulting,Priya Shah,Qualified,26752.07
D21835,Birch Bend Retail,Priya Shah,Proposal,42300.05
D21836,Birch Point Software,Marcus Bell,Proposal,137001.65
D21837,Harbor Point Medical,Owen Brooks,Closed Won,36566.83
D21838,Harbor Valley Agriculture,Priya Shah,Proposal,108422.53
D21839,Sierra Heights Telecom,Lucas Reed,Qualified,26663.26
D21840,Coral Hill Logistics,Lucas Reed,New,78144.53
D21841,Laurel Bend Consulting,Elena Cruz,Qualified,35419.89
D21842,Summit Point Medical,Maya Chen,Negotiation,171526.64
D21843,Prairie Point Engineering,Jordan Ellis,Negotiation,82245.78
D21844,Canyon Bend Dental,Jordan Ellis,Proposal,37329.48
D21845,Cypress Heights Dental,Marcus Bell,Proposal,10890.19
D21846,Sterling Park Dental,Nora Patel,New,21289.71
D21847,Summit Park Engineering,Maya Chen,Closed Lost,139551.83
D21848,Aspen Valley Distribution,Elena Cruz,Negotiation,68147.02
D21849,Prairie Lake Distribution,Jordan Ellis,New,39339.71
D21850,Sequoia Point Medical,Maya Chen,Qualified,139827.18
D21851,Silver Bend Agriculture,Marcus Bell,Closed Won,34021.85
D21852,Granite Hill Foods,Nora Patel,Qualified,79563.06
D21853,Coral Crest Telecom,Lucas Reed,Closed Won,109480.29
D21854,Copper Bend Hospitality,Elena Cruz,Closed Won,72105.61
D21855,Sequoia Springs Software,Maya Chen,Proposal,84834.27
D21856,Prairie Valley Software,Elena Cruz,Negotiation,30003.40
D21857,Silver Ridge Hospitality,Priya Shah,Proposal,17616.68
D21858,Granite Heights Agriculture,Marcus Bell,Closed Won,89536.19
D21859,Summit Valley Engineering,Owen Brooks,Proposal,129701.26
D21860,Alder Hill Engineering,Elena Cruz,Qualified,64453.45
D21861,Sterling Springs Foods,Jordan Ellis,Closed Won,40316.20
D21862,Maple Bend Retail,Jordan Ellis,New,27103.41
D21863,Prairie Crest Logistics,Nora Patel,Proposal,64600.65
D21864,Birch Grove Dental,Lucas Reed,Qualified,16803.98
D21865,Coral Ridge Construction,Owen Brooks,Proposal,27085.46
D21866,Maple Valley Construction,Owen Brooks,Qualified,89574.55
D21867,Juniper Lake Retail,Lucas Reed,Proposal,31817.34
D21868,Mesa Hill Telecom,Maya Chen,Closed Won,102199.67
D21869,Coral Ridge Telecom,Marcus Bell,New,235031.99
D21870,Pine Lake Agriculture,Maya Chen,Qualified,80864.59
D21871,Pine Ridge Medical,Nora Patel,Closed Won,212552.51
D21872,Sierra Point Distribution,Maya Chen,Qualified,68264.94
D21873,Laurel Heights Foods,Elena Cruz,New,54989.45
D21874,Harbor Park Logistics,Marcus Bell,New,111386.07
D21875,Sierra Park Manufacturing,Maya Chen,Qualified,225308.39
D21876,Pine Crest Dental,Marcus Bell,Qualified,29071.05
D21877,Sierra Heights Construction,Marcus Bell,Closed Lost,61404.17
D21878,Sierra Point Engineering,Lucas Reed,Proposal,92487.71
D21879,Harbor Grove Dental,Jordan Ellis,New,36987.03
D21880,Aspen Hill Agriculture,Owen Brooks,Qualified,126672.73
D21881,Laurel Springs Software,Nora Patel,Negotiation,55187.55
D21882,Sterling Crest Retail,Priya Shah,Negotiation,32041.01
D21883,Cedar Bend Energy,Priya Shah,Closed Won,87860.09
D21884,Sterling Point Logistics,Lucas Reed,Qualified,35390.27
D21885,Cedar Hill Distribution,Maya Chen,Proposal,102592.09
D21886,Sequoia Ridge Consulting,Maya Chen,Qualified,9956.56
D21887,Pine Point Medical,Marcus Bell,Qualified,112985.95
D21888,Summit Park Foods,Maya Chen,Negotiation,51578.54
D21889,Coral Park Telecom,Maya Chen,Qualified,232878.48
D21890,Birch Valley Manufacturing,Jordan Ellis,Negotiation,154849.63
D21891,Redwood Bend Consulting,Lucas Reed,Negotiation,74750.36
D21892,Harbor Crest Medical,Nora Patel,Closed Won,74041.47
D21893,Sierra Hill Logistics,Maya Chen,Qualified,70804.06
D21894,Canyon Ridge Consulting,Jordan Ellis,Proposal,24036.64
D21895,Sierra Ridge Hospitality,Lucas Reed,Closed Won,100632.65
D21896,Alder Hill Retail,Priya Shah,Negotiation,50835.36
D21897,Alder Hill Packaging,Nora Patel,Closed Won,126627.40
D21898,Mesa Hill Energy,Jordan Ellis,New,267721.83
D21899,Orchard Park Packaging,Nora Patel,Closed Lost,30658.51
D21900,Cedar Ridge Manufacturing,Nora Patel,Qualified,117273.49
D21901,Granite Creek Engineering,Owen Brooks,New,63736.74
D21902,Summit Heights Manufacturing,Owen Brooks,Proposal,101336.13
D21903,Juniper Park Agriculture,Priya Shah,Qualified,64779.35
D21904,Aspen Creek Retail,Priya Shah,Proposal,68318.25
D21905,Sierra Point Energy,Priya Shah,Proposal,102943.24
D21906,Silver Creek Agriculture,Nora Patel,Proposal,14072.73
D21907,Pine Ridge Energy,Jordan Ellis,Negotiation,129507.02
D21908,Laurel Grove Logistics,Jordan Ellis,Proposal,54157.51
D21909,Granite Springs Energy,Priya Shah,Qualified,190212.85
D21910,Alder Grove Hospitality,Marcus Bell,Closed Won,99374.88
D21911,Juniper Crest Engineering,Jordan Ellis,New,62301.43
D21912,Pine Hill Construction,Maya Chen,Proposal,166186.42
D21913,Cedar Lake Agriculture,Lucas Reed,Closed Won,25746.78
D21914,Granite Ridge Software,Maya Chen,Closed Won,41069.06
D21915,Copper Lake Agriculture,Marcus Bell,Qualified,134533.93
D21916,Cypress Heights Foods,Maya Chen,Closed Won,12417.35
D21917,Summit Heights Software,Nora Patel,Qualified,52164.89
D21918,Aspen Grove Distribution,Priya Shah,Negotiation,103308.01
D21919,Sequoia Crest Medical,Owen Brooks,Qualified,98397.15
D21920,Cypress Springs Foods,Priya Shah,Closed Won,44481.64
D21921,Canyon Creek Manufacturing,Nora Patel,New,106147.85
D21922,Sterling Bend Packaging,Nora Patel,Proposal,45399.16
D21923,Silver Valley Retail,Lucas Reed,Qualified,82583.21
D21924,Alder Point Construction,Marcus Bell,Closed Won,53750.89
D21925,Harbor Point Hospitality,Priya Shah,New,118071.64
D21926,Sierra Creek Retail,Jordan Ellis,New,12855.00
D21927,Laurel Hill Logistics,Owen Brooks,Qualified,76275.24
D21928,Cedar Hill Consulting,Nora Patel,Proposal,25526.83
D21929,Cedar Grove Logistics,Lucas Reed,Proposal,92285.72
D21930,Coral Springs Consulting,Marcus Bell,Closed Lost,15620.39
D21931,Maple Creek Foods,Elena Cruz,New,48737.95
D21932,Sterling Lake Medical,Elena Cruz,Closed Won,63202.20
D21933,Mesa Bend Medical,Nora Patel,New,60427.02
D21934,Sequoia Park Packaging,Priya Shah,New,10314.46
D21935,Maple Creek Manufacturing,Marcus Bell,Qualified,267395.44
D21936,Mesa Park Packaging,Jordan Ellis,Proposal,63457.07
D21937,Orchard Ridge Foods,Jordan Ellis,Closed Lost,54473.89
D21938,Granite Ridge Medical,Elena Cruz,Proposal,148579.90
D21939,Granite Valley Retail,Maya Chen,New,25114.61
D21940,Juniper Park Manufacturing,Owen Brooks,Closed Lost,237957.50
D21941,Coral Lake Retail,Owen Brooks,New,19624.28
D21942,Cedar Crest Logistics,Jordan Ellis,Negotiation,110204.55
D21943,Cypress Lake Logistics,Owen Brooks,Closed Lost,52849.79
D21944,Birch Lake Energy,Owen Brooks,Negotiation,88218.89
D21945,Mesa Crest Medical,Nora Patel,Closed Lost,201701.88
D21946,Redwood Crest Consulting,Lucas Reed,Closed Won,70207.28
D21947,Juniper Valley Hospitality,Elena Cruz,Proposal,88406.29
D21948,Pine Grove Agriculture,Nora Patel,Proposal,117329.08
D21949,Cypress Lake Dental,Nora Patel,Closed Lost,21346.95
D21950,Harbor Creek Energy,Priya Shah,Proposal,157734.81
D21951,Laurel Lake Manufacturing,Nora Patel,Qualified,129410.69
D21952,Granite Bend Distribution,Lucas Reed,Closed Won,80454.44
D21953,Summit Point Logistics,Priya Shah,New,53892.48
D21954,Sequoia Hill Agriculture,Owen Brooks,New,94241.52
D21955,Willow Bend Medical,Nora Patel,Closed Won,88876.40
D21956,Prairie Springs Energy,Elena Cruz,Proposal,77040.63
D21957,Silver Bend Medical,Marcus Bell,Closed Won,224965.06
D21958,Redwood Valley Distribution,Jordan Ellis,Proposal,68376.51
D21959,Canyon Creek Packaging,Owen Brooks,Negotiation,52981.98
D21960,Orchard Heights Agriculture,Nora Patel,Closed Won,92416.99
D21961,Coral Hill Construction,Marcus Bell,Qualified,62225.37
D21962,Granite Crest Distribution,Lucas Reed,Proposal,39285.24
D21963,Pine Creek Manufacturing,Priya Shah,Proposal,256900.79
D21964,Summit Creek Hospitality,Lucas Reed,Closed Won,58157.15
D21965,Sequoia Heights Construction,Nora Patel,New,147644.29
D21966,Harbor Point Consulting,Nora Patel,Negotiation,15578.83
D21967,Willow Bend Distribution,Owen Brooks,Closed Lost,89678.67
D21968,Coral Valley Software,Jordan Ellis,Closed Lost,73174.65
D21969,Willow Bend Logistics,Maya Chen,Proposal,37931.06
D21970,Willow Ridge Distribution,Jordan Ellis,New,138284.94
D21971,Cypress Creek Foods,Nora Patel,Qualified,15231.55
D21972,Cypress Springs Dental,Owen Brooks,Qualified,38666.08
D21973,Summit Springs Packaging,Priya Shah,Negotiation,20873.57
D21974,Redwood Park Energy,Elena Cruz,New,84753.94
D21975,Aspen Point Telecom,Priya Shah,Closed Won,104422.26
D21976,Sterling Grove Retail,Elena Cruz,Proposal,31546.73
D21977,Copper Heights Packaging,Priya Shah,Closed Won,139116.33
D21978,Prairie Park Agriculture,Jordan Ellis,Closed Lost,31682.04
D21979,Cedar Springs Engineering,Maya Chen,Negotiation,113381.14
D21980,Copper Springs Hospitality,Jordan Ellis,Closed Won,119439.46
D21981,Maple Bend Agriculture,Owen Brooks,Closed Won,22855.71
D21982,Silver Valley Hospitality,Elena Cruz,Closed Won,31542.58
D21983,Mesa Point Dental,Maya Chen,Closed Won,14336.44
D21984,Canyon Lake Retail,Nora Patel,Qualified,37753.02
D21985,Pine Grove Distribution,Owen Brooks,Qualified,129800.59
D21986,Coral Bend Telecom,Lucas Reed,Qualified,46007.42
D21987,Silver Heights Software,Elena Cruz,New,88439.45
D21988,Alder Bend Consulting,Owen Brooks,Negotiation,18882.18
D21989,Mesa Valley Packaging,Maya Chen,Closed Won,68477.03
D21990,Pine Lake Construction,Elena Cruz,Negotiation,57483.45
D21991,Willow Lake Medical,Priya Shah,Negotiation,182664.13
D21992,Juniper Bend Manufacturing,Priya Shah,New,307845.19
D21993,Cypress Heights Packaging,Priya Shah,Proposal,50288.18
D21994,Birch Heights Logistics,Marcus Bell,Negotiation,47583.67
D21995,Sequoia Creek Construction,Elena Cruz,Closed Won,112059.84
D21996,Harbor Bend Hospitality,Jordan Ellis,Closed Lost,47256.04
D21997,Birch Park Retail,Owen Brooks,Proposal,32059.72
D21998,Canyon Crest Consulting,Owen Brooks,Negotiation,19971.68
D21999,Birch Lake Telecom,Nora Patel,Proposal,177802.11
D22000,Cypress Heights Software,Maya Chen,Qualified,162867.79
D22001,Mesa Park Retail,Marcus Bell,Proposal,67158.41
D22002,Alder Heights Energy,Nora Patel,Qualified,132016.53
D22003,Aspen Point Dental,Jordan Ellis,Qualified,53065.15
D22004,Sequoia Creek Foods,Elena Cruz,Negotiation,93192.62
D22005,Cypress Creek Telecom,Elena Cruz,New,77480.40
D22006,Aspen Ridge Energy,Elena Cruz,Qualified,236166.82
D22007,Aspen Grove Telecom,Lucas Reed,Closed Lost,68085.04
D22008,Harbor Point Telecom,Jordan Ellis,Negotiation,77107.95
D22009,Prairie Lake Retail,Priya Shah,Proposal,36975.38
D22010,Laurel Grove Consulting,Nora Patel,Qualified,26484.88
D22011,Prairie Creek Construction,Jordan Ellis,Qualified,87677.65
D22012,Cedar Lake Packaging,Jordan Ellis,Negotiation,39089.51
D22013,Cedar Hill Distribution,Maya Chen,New,47762.23
D22014,Juniper Heights Hospitality,Lucas Reed,Closed Won,116165.89
D22015,Willow Point Construction,Lucas Reed,Qualified,68906.00
D22016,Sterling Park Manufacturing,Priya Shah,New,186609.74
D22017,Cedar Bend Engineering,Lucas Reed,Closed Lost,89264.27
D22018,Laurel Grove Medical,Owen Brooks,Negotiation,126196.77
D22019,Juniper Grove Agriculture,Owen Brooks,Proposal,65581.41
D22020,Sierra Bend Agriculture,Nora Patel,Closed Won,135618.74
D22021,Copper Springs Manufacturing,Lucas Reed,Negotiation,233636.90
D22022,Alder Bend Engineering,Elena Cruz,Closed Won,47682.84
D22023,Redwood Grove Logistics,Maya Chen,Closed Won,109333.52
D22024,Laurel Crest Construction,Jordan Ellis,New,89089.93
D22025,Silver Park Engineering,Nora Patel,Closed Won,78761.85
D22026,Willow Park Consulting,Priya Shah,Qualified,17855.67
D22027,Sterling Heights Packaging,Jordan Ellis,Closed Won,27858.68
D22028,Birch Heights Consulting,Priya Shah,Negotiation,27972.92
D22029,Aspen Bend Dental,Maya Chen,Negotiation,19383.88
D22030,Cypress Hill Agriculture,Jordan Ellis,Closed Won,80015.75
D22031,Pine Point Medical,Marcus Bell,Proposal,43135.21
D22032,Laurel Hill Retail,Owen Brooks,Qualified,22786.43
D22033,Birch Hill Foods,Elena Cruz,Closed Won,72137.94
D22034,Sequoia Bend Energy,Priya Shah,Closed Lost,88556.40
D22035,Mesa Point Energy,Priya Shah,Proposal,283591.66
D22036,Copper Creek Packaging,Maya Chen,Closed Lost,60778.12
D22037,Coral Creek Dental,Lucas Reed,Qualified,34371.00
D22038,Orchard Lake Dental,Maya Chen,Negotiation,29785.67
D22039,Sterling Park Packaging,Lucas Reed,Proposal,30938.92
D22040,Sierra Park Distribution,Elena Cruz,Qualified,70406.70
D22041,Granite Springs Engineering,Lucas Reed,Negotiation,52258.82
D22042,Redwood Crest Logistics,Nora Patel,Negotiation,60690.70
D22043,Prairie Park Software,Marcus Bell,Proposal,98654.91
D22044,Copper Bend Hospitality,Elena Cruz,New,98961.07
D22045,Cedar Springs Construction,Maya Chen,Proposal,59598.69
D22046,Prairie Grove Software,Priya Shah,Qualified,54944.29
D22047,Sterling Springs Engineering,Jordan Ellis,Proposal,96972.80
D22048,Coral Ridge Software,Owen Brooks,Closed Won,48166.19
D22049,Orchard Grove Dental,Nora Patel,Proposal,36168.40
D22050,Aspen Springs Agriculture,Elena Cruz,Negotiation,65549.53
D22051,Canyon Heights Packaging,Jordan Ellis,Closed Won,85499.74
D22052,Summit Lake Software,Owen Brooks,Proposal,97477.83
D22053,Pine Park Foods,Marcus Bell,Negotiation,26883.31
D22054,Laurel Hill Distribution,Nora Patel,Proposal,115026.52
D22055,Cypress Lake Foods,Jordan Ellis,New,56109.19
D22056,Sequoia Bend Medical,Owen Brooks,Closed Lost,33559.49
D22057,Willow Hill Dental,Owen Brooks,Proposal,42789.81
D22058,Juniper Ridge Engineering,Lucas Reed,Negotiation,125297.12
D22059,Birch Park Packaging,Lucas Reed,Closed Lost,123888.05
D22060,Coral Grove Consulting,Priya Shah,Negotiation,55312.62
D22061,Juniper Lake Foods,Marcus Bell,Proposal,58922.34
D22062,Summit Lake Engineering,Owen Brooks,Proposal,110792.05
D22063,Canyon Hill Consulting,Owen Brooks,Negotiation,17175.60
D22064,Harbor Crest Energy,Jordan Ellis,New,164844.43
D22065,Coral Crest Manufacturing,Nora Patel,Negotiation,63485.76
D22066,Prairie Grove Retail,Maya Chen,Closed Lost,34348.67
D22067,Copper Creek Engineering,Nora Patel,Proposal,41008.13
D22068,Prairie Valley Construction,Elena Cruz,Negotiation,45196.89
D22069,Sequoia Lake Medical,Lucas Reed,Closed Lost,195677.76
D22070,Coral Lake Construction,Jordan Ellis,Qualified,47133.20
D22071,Laurel Hill Distribution,Nora Patel,Qualified,162496.21
D22072,Harbor Ridge Hospitality,Lucas Reed,New,125345.47
D22073,Canyon Ridge Medical,Priya Shah,Negotiation,80635.69
D22074,Canyon Point Construction,Marcus Bell,Closed Won,113461.55
D22075,Cypress Lake Medical,Marcus Bell,Proposal,89151.82
D22076,Mesa Park Medical,Lucas Reed,Negotiation,63127.55
D22077,Sterling Valley Retail,Nora Patel,Proposal,6205.76
D22078,Juniper Heights Hospitality,Lucas Reed,Qualified,146295.05
D22079,Sequoia Ridge Packaging,Owen Brooks,Qualified,15079.39
D22080,Laurel Springs Foods,Nora Patel,Proposal,57259.75
D22081,Mesa Heights Manufacturing,Nora Patel,Proposal,90978.82
D22082,Cedar Bend Manufacturing,Elena Cruz,Closed Won,139119.87
D22083,Sierra Springs Engineering,Owen Brooks,New,198843.07
D22084,Summit Grove Medical,Jordan Ellis,Proposal,73141.34
D22085,Alder Crest Distribution,Jordan Ellis,Negotiation,143806.62
D22086,Maple Bend Telecom,Jordan Ellis,New,209664.95
D22087,Granite Creek Energy,Nora Patel,Negotiation,163588.10
D22088,Silver Heights Energy,Lucas Reed,New,149348.73
D22089,Sequoia Hill Manufacturing,Elena Cruz,Proposal,300945.85
D22090,Redwood Hill Medical,Elena Cruz,Proposal,146936.40
D22091,Sterling Heights Construction,Owen Brooks,Closed Won,106968.20
D22092,Cedar Point Dental,Jordan Ellis,Proposal,68863.27
D22093,Alder Heights Medical,Lucas Reed,New,149964.75
D22094,Birch Bend Packaging,Nora Patel,Closed Won,134174.57
D22095,Juniper Heights Logistics,Priya Shah,Qualified,110077.80
D22096,Sequoia Creek Medical,Maya Chen,Proposal,41199.80
D22097,Aspen Valley Telecom,Marcus Bell,Proposal,109099.44
D22098,Summit Lake Retail,Marcus Bell,Qualified,67574.47
D22099,Sterling Grove Packaging,Maya Chen,Proposal,53195.22
D22100,Canyon Ridge Telecom,Elena Cruz,Closed Lost,182717.32
D22101,Coral Hill Consulting,Maya Chen,Negotiation,28310.76
D22102,Alder Point Agriculture,Jordan Ellis,New,28255.65
D22103,Sierra Hill Construction,Priya Shah,Negotiation,53932.47
D22104,Silver Crest Foods,Jordan Ellis,Negotiation,18286.37
D22105,Maple Ridge Construction,Marcus Bell,New,50511.80
D22106,Aspen Valley Telecom,Marcus Bell,Closed Lost,77261.74
D22107,Redwood Park Agriculture,Jordan Ellis,Closed Won,83367.30
D22108,Laurel Park Energy,Marcus Bell,Negotiation,87017.87
D22109,Silver Creek Agriculture,Nora Patel,Closed Lost,34514.14
D22110,Orchard Point Energy,Owen Brooks,Proposal,211003.67
D22111,Copper Creek Hospitality,Marcus Bell,Proposal,44639.22
D22112,Orchard Bend Energy,Nora Patel,Closed Won,144427.89
D22113,Aspen Valley Medical,Lucas Reed,Qualified,56947.44
D22114,Laurel Lake Hospitality,Elena Cruz,Proposal,48867.64
D22115,Cedar Point Foods,Elena Cruz,Closed Won,75121.85
D22116,Granite Heights Retail,Owen Brooks,Qualified,78997.32
D22117,Cypress Ridge Energy,Nora Patel,Proposal,112549.75
D22118,Prairie Crest Software,Maya Chen,Qualified,43657.48
D22119,Mesa Bend Packaging,Elena Cruz,Closed Won,66315.17
D22120,Sierra Hill Consulting,Marcus Bell,Qualified,54196.76
D22121,Willow Crest Foods,Priya Shah,Closed Lost,101252.99
D22122,Mesa Valley Retail,Elena Cruz,Proposal,26853.97
D22123,Summit Lake Packaging,Jordan Ellis,Negotiation,143108.33
D22124,Sterling Lake Energy,Owen Brooks,Closed Won,97469.42
D22125,Canyon Grove Engineering,Nora Patel,New,125067.99
D22126,Pine Point Logistics,Owen Brooks,Closed Won,115191.74
D22127,Aspen Bend Dental,Maya Chen,Closed Won,45349.58
D22128,Harbor Hill Construction,Priya Shah,Closed Won,94905.94
D22129,Canyon Grove Medical,Priya Shah,Negotiation,78970.12
D22130,Canyon Hill Manufacturing,Marcus Bell,Negotiation,83314.64
D22131,Redwood Hill Telecom,Nora Patel,Proposal,116722.34
D22132,Sierra Creek Energy,Priya Shah,New,257515.67
D22133,Mesa Heights Dental,Priya Shah,Proposal,29540.16
D22134,Granite Point Software,Owen Brooks,Negotiation,62420.54
D22135,Sierra Park Telecom,Marcus Bell,Closed Lost,88126.24
D22136,Granite Valley Retail,Maya Chen,Qualified,12728.62
D22137,Laurel Springs Manufacturing,Owen Brooks,Closed Lost,243739.15
D22138,Maple Crest Hospitality,Priya Shah,New,58247.55
D22139,Aspen Ridge Software,Marcus Bell,Proposal,50484.38
D22140,Pine Heights Foods,Lucas Reed,Negotiation,102658.81
D22141,Harbor Park Engineering,Owen Brooks,New,66884.69
D22142,Sterling Heights Hospitality,Nora Patel,Proposal,39065.51
D22143,Sequoia Lake Software,Owen Brooks,Negotiation,90387.21
D22144,Pine Creek Logistics,Owen Brooks,Negotiation,21634.03
D22145,Summit Bend Software,Lucas Reed,Closed Lost,104875.16
D22146,Sequoia Hill Dental,Maya Chen,Proposal,22061.73
D22147,Juniper Hill Distribution,Nora Patel,Qualified,34011.96
D22148,Willow Lake Hospitality,Marcus Bell,Proposal,71910.39
D22149,Orchard Creek Medical,Elena Cruz,New,121798.81
D22150,Laurel Lake Telecom,Lucas Reed,Negotiation,112145.72
D22151,Birch Hill Manufacturing,Marcus Bell,Closed Won,64287.44
D22152,Alder Ridge Construction,Nora Patel,New,120858.72
D22153,Aspen Ridge Manufacturing,Nora Patel,Negotiation,174343.22
D22154,Maple Creek Logistics,Priya Shah,Closed Won,48029.50
D22155,Granite Valley Manufacturing,Lucas Reed,Qualified,155034.55
D22156,Granite Bend Logistics,Elena Cruz,Negotiation,25686.55
D22157,Summit Point Retail,Priya Shah,Proposal,56908.25
D22158,Silver Park Medical,Priya Shah,Closed Won,100872.94
D22159,Mesa Valley Software,Nora Patel,Closed Won,110545.30
D22160,Mesa Valley Manufacturing,Owen Brooks,Proposal,99031.99
D22161,Mesa Hill Engineering,Priya Shah,Proposal,99442.89
D22162,Juniper Bend Energy,Maya Chen,New,61516.18
D22163,Cedar Heights Packaging,Maya Chen,Proposal,41776.52
D22164,Alder Grove Medical,Priya Shah,Closed Won,42578.71
D22165,Redwood Grove Logistics,Maya Chen,Negotiation,119052.06
D22166,Willow Springs Logistics,Marcus Bell,Qualified,33708.97
D22167,Prairie Crest Foods,Maya Chen,New,78494.56
D22168,Pine Lake Telecom,Priya Shah,Qualified,87151.35
D22169,Sequoia Creek Agriculture,Maya Chen,Closed Won,30841.38
D22170,Harbor Crest Engineering,Priya Shah,Proposal,42351.59
D22171,Granite Point Hospitality,Nora Patel,Proposal,64772.34
D22172,Silver Crest Distribution,Nora Patel,Proposal,20427.93
D22173,Coral Ridge Manufacturing,Maya Chen,New,99357.81
D22174,Cedar Ridge Packaging,Owen Brooks,New,86930.31
D22175,Willow Springs Retail,Marcus Bell,Negotiation,91455.69
D22176,Willow Creek Construction,Lucas Reed,New,48826.09
D22177,Sterling Valley Medical,Elena Cruz,Negotiation,62993.41
D22178,Harbor Creek Dental,Maya Chen,Qualified,73649.42
D22179,Silver Creek Distribution,Owen Brooks,Closed Lost,125026.35
D22180,Sequoia Grove Medical,Jordan Ellis,New,60668.95
D22181,Laurel Point Packaging,Elena Cruz,Negotiation,97742.52
D22182,Copper Grove Consulting,Priya Shah,Proposal,54958.69
D22183,Canyon Crest Agriculture,Maya Chen,New,106597.24
D22184,Silver Valley Logistics,Lucas Reed,Negotiation,29784.60
D22185,Cedar Hill Logistics,Jordan Ellis,Negotiation,25058.76
D22186,Copper Ridge Medical,Lucas Reed,Negotiation,57242.52
D22187,Maple Grove Packaging,Owen Brooks,New,72897.32
D22188,Sequoia Grove Engineering,Marcus Bell,Negotiation,55688.04
D22189,Silver Park Logistics,Elena Cruz,Qualified,63886.84
D22190,Alder Bend Manufacturing,Marcus Bell,Proposal,59990.03
D22191,Alder Springs Packaging,Lucas Reed,Closed Won,61098.58
D22192,Alder Bend Energy,Lucas Reed,Negotiation,247826.75
D22193,Maple Bend Retail,Jordan Ellis,Closed Lost,20256.70
D22194,Granite Grove Dental,Marcus Bell,Proposal,26012.46
D22195,Maple Heights Foods,Nora Patel,Qualified,96819.73
D22196,Granite Grove Consulting,Lucas Reed,New,28445.11
D22197,Copper Hill Distribution,Priya Shah,New,131060.90
D22198,Mesa Creek Consulting,Nora Patel,Closed Lost,65060.48
D22199,Aspen Park Foods,Maya Chen,Closed Lost,96913.51
D22200,Maple Bend Construction,Lucas Reed,Negotiation,170262.34
D22201,Sequoia Crest Dental,Maya Chen,Closed Won,40968.72
D22202,Redwood Bend Medical,Elena Cruz,Closed Won,36399.91
D22203,Cypress Point Packaging,Maya Chen,Qualified,151643.71
D22204,Canyon Bend Medical,Maya Chen,Qualified,197753.11
D22205,Coral Lake Distribution,Nora Patel,Closed Won,33310.76
D22206,Cedar Lake Logistics,Marcus Bell,Closed Lost,101783.65
D22207,Sequoia Creek Telecom,Priya Shah,New,96863.45
D22208,Pine Park Distribution,Priya Shah,Qualified,87076.03
D22209,Aspen Hill Retail,Jordan Ellis,New,32002.33
D22210,Prairie Park Retail,Lucas Reed,Proposal,48327.51
D22211,Canyon Heights Foods,Owen Brooks,Closed Won,28907.21
D22212,Birch Crest Medical,Maya Chen,Closed Won,87001.50
D22213,Orchard Park Consulting,Owen Brooks,Proposal,37501.27
D22214,Cedar Park Foods,Maya Chen,Proposal,23813.63
D22215,Canyon Crest Logistics,Priya Shah,New,42807.38
D22216,Copper Heights Retail,Nora Patel,Negotiation,31151.46
D22217,Sierra Crest Hospitality,Jordan Ellis,New,124444.79
D22218,Cypress Valley Consulting,Elena Cruz,Qualified,17886.35
D22219,Orchard Bend Medical,Lucas Reed,Negotiation,99486.55
D22220,Silver Lake Medical,Jordan Ellis,Qualified,88587.88
D22221,Maple Ridge Engineering,Marcus Bell,Qualified,149896.25
D22222,Sierra Bend Construction,Priya Shah,New,128566.72
D22223,Alder Point Foods,Marcus Bell,Closed Won,37748.99
D22224,Maple Creek Agriculture,Maya Chen,Qualified,24654.64
D22225,Laurel Ridge Dental,Maya Chen,Negotiation,56075.98
D22226,Sierra Heights Engineering,Marcus Bell,Qualified,129888.94
D22227,Prairie Ridge Hospitality,Jordan Ellis,Closed Lost,36797.69
D22228,Cedar Hill Telecom,Jordan Ellis,Proposal,150286.80
D22229,Silver Grove Medical,Owen Brooks,Proposal,47665.24
D22230,Maple Bend Manufacturing,Elena Cruz,Negotiation,165549.14
D22231,Canyon Point Engineering,Marcus Bell,Closed Lost,51641.03
D22232,Canyon Lake Distribution,Marcus Bell,New,61114.66
D22233,Mesa Lake Packaging,Maya Chen,Closed Lost,48506.00
D22234,Redwood Grove Foods,Priya Shah,Qualified,60164.33
D22235,Juniper Crest Software,Jordan Ellis,Qualified,45841.66
D22236,Cedar Park Consulting,Lucas Reed,Qualified,39325.33
D22237,Aspen Lake Construction,Owen Brooks,New,212227.78
D22238,Willow Heights Engineering,Marcus Bell,Closed Won,208893.13
D22239,Juniper Ridge Distribution,Maya Chen,Proposal,56046.02
D22240,Juniper Hill Construction,Jordan Ellis,Proposal,148070.17
D22241,Cedar Park Telecom,Nora Patel,Negotiation,214706.72
D22242,Maple Ridge Construction,Marcus Bell,Closed Lost,81509.69
D22243,Cypress Crest Foods,Marcus Bell,Proposal,49498.74
D22244,Pine Springs Hospitality,Elena Cruz,Proposal,46262.69
D22245,Aspen Point Logistics,Priya Shah,Proposal,50246.45
D22246,Pine Hill Retail,Nora Patel,Negotiation,37457.33
D22247,Redwood Springs Software,Marcus Bell,Proposal,122793.33
D22248,Summit Crest Distribution,Maya Chen,Closed Won,42769.94
D22249,Sierra Grove Dental,Jordan Ellis,Negotiation,22292.94
D22250,Copper Grove Distribution,Elena Cruz,Proposal,109061.59
D22251,Granite Crest Construction,Nora Patel,New,26163.30
D22252,Sierra Grove Logistics,Priya Shah,Negotiation,81120.56
D22253,Cedar Park Construction,Maya Chen,New,35016.27
D22254,Orchard Springs Hospitality,Lucas Reed,Negotiation,26110.20
D22255,Willow Grove Medical,Maya Chen,New,46371.96
D22256,Redwood Heights Dental,Maya Chen,Negotiation,30398.71
D22257,Juniper Bend Foods,Jordan Ellis,Negotiation,6669.63
D22258,Silver Crest Energy,Maya Chen,Qualified,248845.39
D22259,Mesa Lake Construction,Nora Patel,Closed Lost,54229.69
D22260,Sequoia Creek Medical,Maya Chen,Closed Won,26471.61
D22261,Maple Heights Consulting,Jordan Ellis,Proposal,61430.24
D22262,Juniper Hill Hospitality,Maya Chen,Closed Won,27122.76
D22263,Aspen Bend Engineering,Lucas Reed,Proposal,128096.02
D22264,Juniper Crest Packaging,Lucas Reed,Closed Won,59534.69
D22265,Maple Park Packaging,Priya Shah,Qualified,30066.54
D22266,Birch Park Retail,Owen Brooks,Proposal,43925.56
D22267,Maple Creek Software,Elena Cruz,New,73136.72
D22268,Granite Bend Packaging,Maya Chen,Qualified,45107.33
D22269,Aspen Point Construction,Elena Cruz,New,137284.71
D22270,Redwood Park Logistics,Lucas Reed,Negotiation,91525.60
D22271,Copper Bend Retail,Lucas Reed,Negotiation,82986.84
D22272,Alder Heights Telecom,Marcus Bell,New,215671.90
D22273,Granite Crest Medical,Priya Shah,Qualified,92085.15
D22274,Coral Heights Telecom,Nora Patel,Closed Lost,39006.26
D22275,Coral Valley Agriculture,Marcus Bell,New,119756.75
D22276,Granite Point Foods,Owen Brooks,Proposal,56674.57
D22277,Coral Creek Construction,Nora Patel,Closed Won,198259.39
D22278,Laurel Park Packaging,Maya Chen,Closed Lost,90156.28
D22279,Willow Lake Logistics,Elena Cruz,New,36324.67
D22280,Laurel Grove Software,Lucas Reed,New,97087.51
D22281,Summit Crest Engineering,Lucas Reed,Closed Won,141701.17
D22282,Sequoia Ridge Software,Marcus Bell,New,33794.03
D22283,Aspen Bend Construction,Lucas Reed,Qualified,25833.93
D22284,Redwood Grove Construction,Priya Shah,Closed Lost,124117.90
D22285,Canyon Point Telecom,Lucas Reed,New,124273.97
D22286,Juniper Grove Consulting,Nora Patel,Qualified,12331.77
D22287,Birch Park Telecom,Owen Brooks,Closed Won,160384.86
D22288,Silver Creek Construction,Priya Shah,Closed Won,211369.01
D22289,Willow Grove Logistics,Priya Shah,Qualified,81713.23
D22290,Summit Point Construction,Elena Cruz,Proposal,33134.56
D22291,Cedar Creek Agriculture,Maya Chen,Proposal,82760.88
D22292,Alder Grove Hospitality,Marcus Bell,New,48217.40
D22293,Cedar Springs Retail,Nora Patel,Closed Won,63322.07
D22294,Orchard Valley Consulting,Nora Patel,Closed Won,68860.53
D22295,Coral Valley Foods,Jordan Ellis,Closed Won,26092.37
D22296,Alder Springs Construction,Jordan Ellis,Qualified,216270.92
D22297,Mesa Hill Hospitality,Jordan Ellis,Closed Won,46573.66
D22298,Copper Park Logistics,Maya Chen,Closed Won,114582.09
D22299,Pine Bend Medical,Elena Cruz,New,140970.18
D22300,Birch Creek Retail,Lucas Reed,New,73624.77
D22301,Sequoia Springs Logistics,Nora Patel,Qualified,53180.03
D22302,Juniper Lake Medical,Jordan Ellis,Negotiation,82308.36
D22303,Willow Crest Foods,Priya Shah,Qualified,35740.66
D22304,Sequoia Bend Construction,Lucas Reed,Closed Won,228602.31
D22305,Laurel Creek Consulting,Marcus Bell,Qualified,53003.85
D22306,Alder Bend Agriculture,Maya Chen,New,75543.63
D22307,Granite Valley Distribution,Owen Brooks,Closed Lost,43894.40
D22308,Willow Park Distribution,Elena Cruz,New,96272.43
D22309,Copper Grove Manufacturing,Maya Chen,Closed Won,81374.50
D22310,Laurel Valley Telecom,Lucas Reed,Proposal,45945.46
D22311,Redwood Ridge Software,Priya Shah,Proposal,80031.28
D22312,Redwood Lake Distribution,Jordan Ellis,Qualified,89133.27
D22313,Sierra Lake Logistics,Elena Cruz,Proposal,144490.80
D22314,Aspen Grove Packaging,Owen Brooks,Proposal,66661.48
D22315,Mesa Ridge Distribution,Jordan Ellis,Closed Won,120333.96
D22316,Laurel Springs Consulting,Jordan Ellis,Qualified,20591.14
D22317,Copper Crest Consulting,Maya Chen,Proposal,64346.07
D22318,Orchard Grove Packaging,Lucas Reed,Closed Won,55622.85
D22319,Sterling Hill Construction,Elena Cruz,Closed Won,59530.61
D22320,Copper Creek Dental,Lucas Reed,Closed Won,42531.35
D22321,Coral Bend Distribution,Priya Shah,Proposal,81624.18
D22322,Coral Hill Logistics,Lucas Reed,New,68425.97
D22323,Summit Springs Construction,Maya Chen,Closed Lost,111785.66
D22324,Cypress Point Consulting,Jordan Ellis,Qualified,26935.12
D22325,Coral Point Manufacturing,Owen Brooks,Proposal,143200.84
D22326,Mesa Crest Construction,Priya Shah,New,121021.53
D22327,Granite Bend Distribution,Lucas Reed,Proposal,55886.58
D22328,Sequoia Ridge Energy,Elena Cruz,Qualified,192166.88
D22329,Cedar Lake Distribution,Elena Cruz,Qualified,144052.26
D22330,Orchard Bend Foods,Owen Brooks,New,22553.25
D22331,Orchard Springs Construction,Elena Cruz,Proposal,200815.38
D22332,Coral Creek Software,Nora Patel,Closed Lost,100122.44
D22333,Maple Creek Engineering,Elena Cruz,Proposal,88055.55
D22334,Maple Point Logistics,Priya Shah,Closed Won,97159.46
D22335,Copper Creek Energy,Marcus Bell,Closed Lost,100112.87
D22336,Silver Creek Construction,Priya Shah,Closed Lost,142413.20
D22337,Juniper Lake Medical,Jordan Ellis,New,164037.08
D22338,Coral Ridge Energy,Nora Patel,Proposal,150951.60
D22339,Alder Heights Hospitality,Nora Patel,Closed Won,65330.47
D22340,Redwood Ridge Manufacturing,Lucas Reed,Closed Won,159684.83
D22341,Aspen Point Foods,Elena Cruz,Negotiation,58334.27
D22342,Cedar Ridge Telecom,Lucas Reed,Proposal,37530.22
D22343,Cedar Creek Dental,Jordan Ellis,Negotiation,67866.41
D22344,Silver Lake Energy,Elena Cruz,Closed Won,240562.59
D22345,Birch Heights Manufacturing,Maya Chen,Qualified,63192.64
D22346,Silver Park Engineering,Nora Patel,Closed Won,172989.01
D22347,Canyon Creek Packaging,Owen Brooks,Qualified,22094.99
D22348,Pine Grove Telecom,Maya Chen,New,38473.32
D22349,Birch Crest Retail,Priya Shah,Proposal,30811.73
D22350,Summit Heights Manufacturing,Owen Brooks,Proposal,124297.61
D22351,Summit Crest Distribution,Maya Chen,Qualified,44798.12
D22352,Summit Crest Engineering,Lucas Reed,Closed Lost,38677.57
D22353,Willow Crest Foods,Priya Shah,Closed Won,51651.47
D22354,Sterling Crest Medical,Maya Chen,Proposal,110959.78
D22355,Willow Heights Medical,Jordan Ellis,Closed Won,98366.62
D22356,Prairie Hill Construction,Maya Chen,Closed Won,96585.76
D22357,Sierra Lake Retail,Elena Cruz,Closed Lost,87080.97
D22358,Alder Park Medical,Marcus Bell,Negotiation,40131.94
D22359,Sequoia Park Consulting,Lucas Reed,Negotiation,34317.87
D22360,Alder Ridge Consulting,Jordan Ellis,Proposal,16963.51
D22361,Orchard Grove Foods,Jordan Ellis,Qualified,14362.21
D22362,Laurel Springs Logistics,Elena Cruz,Qualified,55447.61
D22363,Pine Ridge Consulting,Marcus Bell,Proposal,22252.26
D22364,Alder Point Agriculture,Jordan Ellis,Closed Lost,86890.49
D22365,Granite Valley Medical,Nora Patel,Qualified,48786.18
D22366,Juniper Bend Hospitality,Maya Chen,Negotiation,25354.02
D22367,Silver Creek Software,Priya Shah,Proposal,52790.41
D22368,Silver Lake Consulting,Maya Chen,Proposal,13216.41
D22369,Cypress Valley Dental,Nora Patel,New,21512.97
D22370,Silver Valley Energy,Elena Cruz,Proposal,104640.99
D22371,Orchard Grove Telecom,Owen Brooks,Closed Won,139616.00
D22372,Silver Grove Foods,Lucas Reed,Qualified,24528.32
D22373,Granite Bend Consulting,Jordan Ellis,Qualified,21330.86
D22374,Maple Point Construction,Elena Cruz,Proposal,180906.95
D22375,Juniper Valley Medical,Jordan Ellis,Qualified,38931.05
D22376,Granite Creek Dental,Elena Cruz,Proposal,9907.06
D22377,Juniper Hill Software,Jordan Ellis,New,31216.33
D22378,Willow Creek Construction,Lucas Reed,Closed Lost,42403.07
D22379,Orchard Point Manufacturing,Jordan Ellis,Proposal,176878.65
D22380,Sterling Grove Logistics,Elena Cruz,New,74064.26
D22381,Copper Ridge Agriculture,Lucas Reed,Qualified,60781.67
D22382,Summit Crest Retail,Jordan Ellis,Proposal,45968.83
D22383,Canyon Heights Packaging,Jordan Ellis,Qualified,97116.09
D22384,Prairie Crest Construction,Maya Chen,Closed Won,150713.75
D22385,Copper Heights Consulting,Lucas Reed,Qualified,25669.34
D22386,Orchard Valley Logistics,Jordan Ellis,New,33595.20
D22387,Aspen Park Consulting,Lucas Reed,Closed Won,7794.44
D22388,Cypress Valley Distribution,Nora Patel,Closed Won,50759.27
D22389,Laurel Crest Logistics,Owen Brooks,Closed Lost,139041.48
D22390,Coral Heights Medical,Elena Cruz,Proposal,107391.63
D22391,Silver Springs Distribution,Lucas Reed,Proposal,114808.37
D22392,Coral Bend Retail,Lucas Reed,Proposal,17572.55
D22393,Redwood Ridge Energy,Jordan Ellis,Qualified,182096.15
D22394,Copper Creek Telecom,Elena Cruz,Negotiation,80427.01
D22395,Copper Springs Agriculture,Nora Patel,Proposal,36979.55
D22396,Silver Springs Software,Nora Patel,Closed Won,74710.89
D22397,Harbor Ridge Dental,Jordan Ellis,Closed Won,9158.06
D22398,Sequoia Springs Foods,Maya Chen,Negotiation,5784.04
D22399,Cypress Crest Agriculture,Jordan Ellis,New,83377.75
D22400,Silver Heights Agriculture,Maya Chen,Negotiation,73779.15
D22401,Harbor Creek Foods,Lucas Reed,Negotiation,51111.27
D22402,Birch Valley Distribution,Marcus Bell,Proposal,27336.20
D22403,Coral Lake Distribution,Nora Patel,Proposal,167724.62
D22404,Coral Lake Logistics,Owen Brooks,Negotiation,72372.88
D22405,Prairie Bend Hospitality,Owen Brooks,New,66178.96
D22406,Redwood Springs Dental,Priya Shah,New,47199.14
D22407,Alder Hill Medical,Maya Chen,Qualified,142015.52
D22408,Sierra Hill Dental,Owen Brooks,Negotiation,16686.79
D22409,Laurel Point Distribution,Owen Brooks,Closed Won,55021.29
D22410,Sterling Ridge Engineering,Nora Patel,Closed Won,149863.44
D22411,Sequoia Springs Telecom,Nora Patel,Qualified,159720.25
D22412,Canyon Lake Construction,Maya Chen,Closed Won,160816.76
D22413,Silver Heights Consulting,Owen Brooks,Qualified,23479.30
D22414,Aspen Lake Retail,Marcus Bell,Closed Won,38868.82
D22415,Pine Hill Foods,Maya Chen,New,41753.83
D22416,Alder Park Agriculture,Marcus Bell,Closed Won,39251.06
D22417,Silver Creek Distribution,Owen Brooks,Closed Won,59630.94
D22418,Birch Hill Dental,Jordan Ellis,Closed Lost,46830.72
D22419,Granite Creek Dental,Elena Cruz,New,20619.30
D22420,Cypress Creek Consulting,Jordan Ellis,Proposal,28183.25
D22421,Mesa Grove Hospitality,Lucas Reed,Negotiation,64604.33
D22422,Prairie Ridge Retail,Maya Chen,Proposal,45376.55
D22423,Maple Heights Energy,Marcus Bell,Closed Won,115467.16
D22424,Birch Park Energy,Maya Chen,Negotiation,79364.89
D22425,Coral Lake Foods,Jordan Ellis,Qualified,15444.41
D22426,Mesa Creek Construction,Lucas Reed,Closed Won,104989.68
D22427,Coral Heights Medical,Elena Cruz,Qualified,22474.20
D22428,Redwood Ridge Packaging,Elena Cruz,Closed Lost,102829.61
D22429,Sterling Point Engineering,Marcus Bell,Proposal,69088.84
D22430,Aspen Springs Hospitality,Owen Brooks,Closed Won,23280.86
D22431,Orchard Hill Dental,Elena Cruz,Closed Won,37000.38
D22432,Cedar Hill Software,Lucas Reed,Proposal,29243.39
D22433,Aspen Bend Distribution,Maya Chen,New,80862.72
D22434,Summit Lake Distribution,Elena Cruz,Proposal,37399.85
D22435,Cedar Hill Software,Lucas Reed,Closed Won,30050.37
D22436,Maple Bend Consulting,Nora Patel,Proposal,16933.16
D22437,Aspen Lake Foods,Owen Brooks,New,36807.82
D22438,Copper Ridge Retail,Marcus Bell,Qualified,34209.91
D22439,Silver Lake Construction,Marcus Bell,Proposal,34130.18
D22440,Mesa Crest Telecom,Maya Chen,Closed Won,52435.22
D22441,Canyon Springs Logistics,Owen Brooks,New,74543.32
D22442,Summit Lake Consulting,Priya Shah,Closed Lost,15533.56
D22443,Coral Bend Dental,Priya Shah,Qualified,9260.57
D22444,Birch Grove Retail,Elena Cruz,Closed Won,55260.55
D22445,Sequoia Bend Telecom,Jordan Ellis,Proposal,180099.97
D22446,Pine Ridge Construction,Priya Shah,Proposal,113219.45
D22447,Alder Lake Construction,Maya Chen,Negotiation,32067.42
D22448,Cedar Heights Foods,Nora Patel,New,100360.08
D22449,Redwood Creek Hospitality,Maya Chen,Closed Won,21911.99
D22450,Cedar Heights Distribution,Lucas Reed,Qualified,80271.00
D22451,Aspen Creek Dental,Jordan Ellis,Qualified,26288.55
D22452,Cypress Point Engineering,Nora Patel,New,47168.77
D22453,Harbor Lake Hospitality,Marcus Bell,Closed Won,109446.23
D22454,Willow Point Foods,Lucas Reed,Qualified,35476.14
D22455,Canyon Lake Software,Maya Chen,New,65437.26
D22456,Mesa Heights Retail,Lucas Reed,New,61939.94
D22457,Copper Valley Manufacturing,Priya Shah,Negotiation,105406.04
D22458,Harbor Creek Telecom,Jordan Ellis,Closed Lost,35305.50
D22459,Cedar Creek Foods,Elena Cruz,Closed Won,69944.93
D22460,Silver Hill Dental,Nora Patel,Proposal,15672.90
D22461,Harbor Creek Construction,Lucas Reed,Closed Won,60267.78
D22462,Birch Crest Foods,Elena Cruz,Qualified,40022.71
D22463,Coral Point Logistics,Elena Cruz,Closed Won,65969.57
D22464,Maple Valley Energy,Nora Patel,New,147787.59
D22465,Sierra Lake Hospitality,Marcus Bell,Qualified,140011.39
D22466,Silver Lake Construction,Marcus Bell,Proposal,54328.06
D22467,Willow Lake Engineering,Nora Patel,Closed Lost,170023.37
D22468,Cedar Bend Distribution,Maya Chen,Closed Won,130309.69
D22469,Aspen Springs Foods,Maya Chen,Qualified,15280.16
D22470,Granite Lake Dental,Owen Brooks,Negotiation,20339.03
D22471,Sequoia Ridge Foods,Marcus Bell,Closed Lost,49373.06
D22472,Prairie Springs Distribution,Priya Shah,Qualified,159436.01
D22473,Sterling Point Retail,Lucas Reed,New,14296.68
D22474,Sterling Heights Consulting,Priya Shah,Qualified,28201.83
D22475,Willow Bend Foods,Priya Shah,Closed Won,62615.64
D22476,Prairie Heights Distribution,Maya Chen,Closed Won,43934.14
D22477,Cedar Point Engineering,Elena Cruz,New,143259.14
D22478,Harbor Valley Software,Nora Patel,Closed Won,124202.02
D22479,Aspen Crest Hospitality,Priya Shah,Closed Lost,60247.86
D22480,Pine Ridge Retail,Maya Chen,New,36542.03
D22481,Willow Park Distribution,Elena Cruz,Proposal,32109.60
D22482,Prairie Lake Agriculture,Maya Chen,Closed Lost,80206.84
D22483,Alder Hill Retail,Priya Shah,Proposal,44071.40
D22484,Cedar Grove Telecom,Lucas Reed,Closed Won,62565.91
D22485,Granite Hill Telecom,Elena Cruz,Qualified,170632.79
D22486,Canyon Hill Construction,Elena Cruz,Negotiation,45788.48
D22487,Coral Lake Engineering,Jordan Ellis,Closed Won,68685.11
D22488,Maple Bend Distribution,Maya Chen,Qualified,104019.89
D22489,Sequoia Crest Retail,Jordan Ellis,Qualified,7694.45
D22490,Coral Point Logistics,Elena Cruz,Closed Won,42308.30
D22491,Sterling Springs Dental,Nora Patel,Closed Lost,15258.59
D22492,Cedar Creek Logistics,Priya Shah,Closed Won,55912.94
D22493,Summit Ridge Manufacturing,Nora Patel,Proposal,227772.34
D22494,Silver Springs Construction,Nora Patel,Proposal,75205.01
D22495,Sequoia Heights Construction,Nora Patel,Negotiation,163726.46
D22496,Prairie Valley Dental,Jordan Ellis,New,11860.46
D22497,Mesa Crest Foods,Priya Shah,Qualified,44074.25
D22498,Pine Heights Energy,Priya Shah,Closed Lost,117101.88
D22499,Juniper Grove Hospitality,Priya Shah,Proposal,31038.01
D22500,Harbor Heights Telecom,Lucas Reed,Qualified,153302.61
D22501,Mesa Grove Logistics,Priya Shah,Closed Won,168218.41
D22502,Sterling Ridge Engineering,Nora Patel,New,54389.84
D22503,Coral Creek Packaging,Maya Chen,Qualified,47461.43
D22504,Mesa Park Engineering,Owen Brooks,Closed Won,140468.90
D22505,Mesa Lake Energy,Marcus Bell,Closed Won,216687.96
D22506,Cypress Point Consulting,Jordan Ellis,Proposal,23399.64
D22507,Maple Park Logistics,Nora Patel,Proposal,48465.32
D22508,Sierra Valley Packaging,Maya Chen,Closed Won,102414.11
D22509,Laurel Lake Energy,Elena Cruz,Proposal,376447.84
D22510,Willow Springs Construction,Owen Brooks,Proposal,188297.62
D22511,Juniper Crest Packaging,Lucas Reed,Closed Won,85925.04
D22512,Willow Lake Construction,Nora Patel,New,65416.65
D22513,Maple Crest Construction,Lucas Reed,Proposal,106965.81
D22514,Sequoia Valley Energy,Nora Patel,Qualified,228685.27
D22515,Copper Ridge Medical,Lucas Reed,Qualified,36199.37
D22516,Laurel Hill Packaging,Lucas Reed,Proposal,140699.94
D22517,Alder Valley Hospitality,Owen Brooks,Closed Won,13561.93
D22518,Canyon Lake Medical,Elena Cruz,Proposal,94970.71
D22519,Sierra Point Medical,Owen Brooks,Proposal,72813.62
D22520,Harbor Lake Retail,Elena Cruz,New,12882.77
D22521,Alder Crest Dental,Jordan Ellis,Proposal,11724.54
D22522,Sequoia Creek Consulting,Owen Brooks,Closed Won,19591.85
D22523,Copper Grove Distribution,Elena Cruz,Negotiation,179168.25
D22524,Cedar Park Software,Maya Chen,Negotiation,25517.98
D22525,Pine Heights Foods,Lucas Reed,New,46644.40
D22526,Canyon Ridge Distribution,Lucas Reed,Qualified,89298.11
D22527,Silver Ridge Hospitality,Priya Shah,Negotiation,22246.81
D22528,Cypress Park Logistics,Maya Chen,Closed Won,66920.70
D22529,Granite Crest Distribution,Lucas Reed,Negotiation,30207.30
D22530,Maple Lake Construction,Owen Brooks,Closed Won,161357.41
D22531,Aspen Hill Dental,Maya Chen,Qualified,28364.98
D22532,Sterling Hill Energy,Lucas Reed,Closed Lost,264476.94
D22533,Mesa Crest Engineering,Priya Shah,Negotiation,41107.95
D22534,Maple Valley Consulting,Priya Shah,Qualified,76157.28
D22535,Sterling Hill Manufacturing,Marcus Bell,Negotiation,163726.57
D22536,Laurel Creek Distribution,Owen Brooks,Qualified,108170.85
D22537,Sierra Bend Retail,Maya Chen,Closed Won,81008.10
D22538,Granite Crest Medical,Priya Shah,Qualified,62259.06
D22539,Prairie Springs Distribution,Priya Shah,Closed Won,26362.66
D22540,Harbor Crest Agriculture,Nora Patel,Qualified,86255.93
D22541,Maple Springs Engineering,Maya Chen,Closed Lost,95315.68
D22542,Canyon Creek Logistics,Lucas Reed,Proposal,22048.50
D22543,Alder Park Hospitality,Maya Chen,Negotiation,39425.04
D22544,Copper Springs Foods,Priya Shah,New,36080.42
D22545,Cedar Springs Hospitality,Owen Brooks,Closed Won,38499.01
D22546,Redwood Hill Energy,Owen Brooks,Closed Lost,246629.54
D22547,Summit Hill Foods,Lucas Reed,Negotiation,78429.70
D22548,Orchard Springs Engineering,Elena Cruz,Closed Lost,129274.48
D22549,Mesa Ridge Retail,Priya Shah,Qualified,48223.69
D22550,Canyon Crest Consulting,Owen Brooks,Qualified,55431.64
D22551,Birch Hill Medical,Maya Chen,Closed Won,63091.49
D22552,Prairie Ridge Dental,Owen Brooks,Negotiation,8902.29
D22553,Aspen Springs Medical,Elena Cruz,Negotiation,90616.71
D22554,Prairie Point Packaging,Lucas Reed,Closed Lost,22410.36
D22555,Sequoia Heights Manufacturing,Owen Brooks,Closed Won,112281.95
D22556,Maple Heights Packaging,Maya Chen,Closed Won,19474.98
D22557,Mesa Grove Software,Elena Cruz,Proposal,47950.98
D22558,Copper Lake Manufacturing,Priya Shah,Qualified,251568.98
D22559,Sierra Lake Energy,Marcus Bell,Qualified,200419.87
D22560,Alder Bend Packaging,Nora Patel,New,100893.55
D22561,Juniper Lake Engineering,Marcus Bell,Closed Lost,47797.63
D22562,Cedar Point Dental,Jordan Ellis,New,37330.08
D22563,Aspen Bend Agriculture,Owen Brooks,Qualified,45996.86
D22564,Sequoia Crest Manufacturing,Elena Cruz,Proposal,105785.56
D22565,Prairie Ridge Consulting,Marcus Bell,Negotiation,28010.62
D22566,Willow Bend Construction,Priya Shah,Proposal,40716.29
D22567,Juniper Hill Telecom,Owen Brooks,Qualified,123174.43
D22568,Sierra Ridge Agriculture,Maya Chen,Qualified,60632.55
D22569,Sterling Bend Consulting,Owen Brooks,Proposal,37993.64
D22570,Birch Point Agriculture,Jordan Ellis,Qualified,54846.93
D22571,Summit Crest Logistics,Jordan Ellis,Negotiation,44051.42
D22572,Granite Bend Manufacturing,Owen Brooks,Negotiation,108024.40
D22573,Cedar Park Logistics,Nora Patel,New,83810.15
D22574,Silver Bend Retail,Owen Brooks,Qualified,34681.50
D22575,Pine Bend Engineering,Maya Chen,Proposal,43072.26
D22576,Cypress Hill Foods,Marcus Bell,Qualified,48438.30
D22577,Redwood Hill Dental,Marcus Bell,Negotiation,52020.70
D22578,Alder Valley Software,Maya Chen,Negotiation,68723.95
D22579,Sequoia Valley Hospitality,Nora Patel,Closed Lost,42974.26
D22580,Mesa Valley Packaging,Maya Chen,New,23472.18
D22581,Sterling Heights Construction,Owen Brooks,Negotiation,30910.71
D22582,Birch Bend Consulting,Owen Brooks,Closed Won,47577.68
D22583,Mesa Lake Packaging,Maya Chen,Closed Won,77337.84
D22584,Juniper Lake Packaging,Owen Brooks,New,115685.94
D22585,Prairie Park Packaging,Owen Brooks,Negotiation,116374.72
D22586,Summit Creek Hospitality,Lucas Reed,Qualified,77424.00
D22587,Prairie Lake Dental,Jordan Ellis,Proposal,39762.73
D22588,Pine Hill Agriculture,Elena Cruz,Qualified,111919.50
D22589,Aspen Creek Energy,Lucas Reed,Closed Lost,127356.31
D22590,Willow Creek Dental,Maya Chen,Closed Lost,15999.08
D22591,Sterling Springs Consulting,Elena Cruz,Closed Won,34223.82
D22592,Harbor Springs Foods,Owen Brooks,Proposal,39393.42
D22593,Sterling Creek Telecom,Lucas Reed,Closed Won,54879.00
D22594,Cedar Crest Telecom,Jordan Ellis,New,70895.33
D22595,Coral Hill Retail,Lucas Reed,Proposal,21588.88
D22596,Sterling Springs Distribution,Nora Patel,Negotiation,87297.06
D22597,Laurel Park Packaging,Maya Chen,Closed Lost,68420.47
D22598,Cedar Heights Dental,Lucas Reed,Qualified,30056.90
D22599,Granite Heights Telecom,Owen Brooks,Closed Won,191080.46
D22600,Coral Grove Construction,Owen Brooks,Negotiation,109610.90
D22601,Cedar Springs Consulting,Lucas Reed,Qualified,35307.99
D22602,Willow Creek Manufacturing,Elena Cruz,Proposal,141306.99
D22603,Harbor Valley Medical,Priya Shah,Negotiation,150351.94
D22604,Cedar Grove Medical,Jordan Ellis,Closed Lost,120704.21
D22605,Silver Lake Dental,Priya Shah,New,65090.79
D22606,Cedar Valley Distribution,Elena Cruz,Negotiation,54764.33
D22607,Willow Lake Engineering,Nora Patel,Proposal,66336.63
D22608,Sierra Heights Packaging,Owen Brooks,Qualified,59966.41
D22609,Summit Bend Agriculture,Owen Brooks,New,22415.51
D22610,Coral Lake Construction,Jordan Ellis,Qualified,181100.06
D22611,Sequoia Bend Logistics,Jordan Ellis,Negotiation,123079.36
D22612,Maple Creek Engineering,Elena Cruz,Qualified,58570.25
D22613,Copper Point Hospitality,Marcus Bell,Closed Lost,41944.85
D22614,Silver Hill Manufacturing,Priya Shah,Proposal,249631.18
D22615,Silver Creek Agriculture,Nora Patel,Qualified,39108.55
D22616,Alder Valley Foods,Maya Chen,New,37221.95
D22617,Cedar Park Medical,Elena Cruz,Closed Won,136172.04
D22618,Redwood Point Distribution,Nora Patel,Closed Won,33458.28
D22619,Granite Park Energy,Priya Shah,Proposal,92375.16
D22620,Mesa Springs Telecom,Marcus Bell,Proposal,178634.25
D22621,Birch Hill Consulting,Owen Brooks,New,32547.72
D22622,Willow Ridge Hospitality,Lucas Reed,Negotiation,61073.36
D22623,Juniper Heights Distribution,Jordan Ellis,Proposal,83419.25
D22624,Granite Hill Energy,Marcus Bell,Negotiation,179871.81
D22625,Maple Heights Medical,Priya Shah,New,87802.30
D22626,Granite Valley Agriculture,Nora Patel,New,37645.24
D22627,Laurel Springs Packaging,Maya Chen,Qualified,74775.59
D22628,Willow Hill Foods,Priya Shah,Closed Won,46723.21
D22629,Copper Bend Telecom,Lucas Reed,New,78188.34
D22630,Sequoia Park Consulting,Lucas Reed,Qualified,61842.59
D22631,Sequoia Ridge Telecom,Lucas Reed,Proposal,117347.20
D22632,Granite Grove Medical,Elena Cruz,Qualified,130613.44
D22633,Sierra Valley Engineering,Nora Patel,New,67491.55
D22634,Summit Park Energy,Owen Brooks,Closed Lost,244059.19
D22635,Birch Springs Engineering,Jordan Ellis,Proposal,159325.67
D22636,Laurel Park Medical,Priya Shah,Qualified,64199.75
D22637,Cedar Springs Software,Maya Chen,Proposal,38387.21
D22638,Granite Ridge Medical,Elena Cruz,Negotiation,124932.20
D22639,Sequoia Point Energy,Lucas Reed,Closed Won,150729.91
D22640,Canyon Ridge Engineering,Nora Patel,Negotiation,24558.27
D22641,Maple Ridge Consulting,Maya Chen,Closed Lost,62389.12
D22642,Redwood Ridge Telecom,Maya Chen,Proposal,156253.80
D22643,Maple Creek Distribution,Jordan Ellis,Closed Lost,108737.88
D22644,Birch Ridge Packaging,Maya Chen,New,102230.33
D22645,Canyon Park Logistics,Owen Brooks,Negotiation,26533.95
D22646,Aspen Springs Manufacturing,Jordan Ellis,Proposal,147234.55
D22647,Canyon Grove Dental,Lucas Reed,Negotiation,57137.39
D22648,Summit Point Agriculture,Maya Chen,Qualified,14461.92
D22649,Redwood Point Retail,Owen Brooks,New,63300.60
D22650,Harbor Hill Packaging,Elena Cruz,Proposal,38752.76
D22651,Sequoia Point Engineering,Elena Cruz,Closed Lost,67095.05
D22652,Canyon Lake Foods,Maya Chen,Qualified,29208.37
D22653,Harbor Lake Construction,Nora Patel,Negotiation,69360.39
D22654,Orchard Creek Hospitality,Owen Brooks,Negotiation,110883.37
D22655,Pine Springs Manufacturing,Nora Patel,New,87508.81
D22656,Canyon Crest Consulting,Owen Brooks,Closed Won,11729.15
D22657,Sterling Point Energy,Elena Cruz,Closed Won,200530.76
D22658,Orchard Park Manufacturing,Marcus Bell,New,175046.23
D22659,Sterling Point Distribution,Priya Shah,Closed Lost,46099.25
D22660,Summit Creek Packaging,Nora Patel,New,92168.53
D22661,Redwood Springs Retail,Lucas Reed,Qualified,42175.18
D22662,Birch Grove Consulting,Jordan Ellis,Proposal,26567.49
D22663,Silver Valley Distribution,Priya Shah,Qualified,109489.18
D22664,Willow Creek Dental,Maya Chen,Qualified,14267.43
D22665,Sierra Grove Engineering,Elena Cruz,New,99058.74
D22666,Orchard Bend Agriculture,Lucas Reed,New,22330.19
D22667,Orchard Ridge Foods,Jordan Ellis,Proposal,71243.66
D22668,Cypress Crest Foods,Marcus Bell,Closed Lost,43783.81
D22669,Copper Valley Consulting,Elena Cruz,Closed Won,28948.44
D22670,Willow Lake Energy,Marcus Bell,Proposal,104347.34
D22671,Harbor Hill Distribution,Owen Brooks,Proposal,127810.09
D22672,Copper Ridge Manufacturing,Maya Chen,Negotiation,173164.53
D22673,Orchard Grove Medical,Marcus Bell,New,113951.73
D22674,Redwood Grove Dental,Owen Brooks,Qualified,46930.65
D22675,Sierra Ridge Retail,Priya Shah,Proposal,48075.28
D22676,Prairie Creek Dental,Nora Patel,Negotiation,30317.44
D22677,Laurel Creek Medical,Nora Patel,Closed Won,132074.66
D22678,Sequoia Point Manufacturing,Marcus Bell,New,188325.91
D22679,Summit Heights Packaging,Maya Chen,Proposal,72189.20
D22680,Mesa Bend Packaging,Elena Cruz,Qualified,25083.77
D22681,Canyon Park Telecom,Owen Brooks,Negotiation,114997.78
D22682,Willow Point Telecom,Jordan Ellis,Proposal,100902.01
D22683,Summit Hill Foods,Lucas Reed,Closed Won,37988.25
D22684,Copper Crest Foods,Marcus Bell,Qualified,51315.09
D22685,Redwood Hill Dental,Marcus Bell,Qualified,49211.63
D22686,Juniper Crest Medical,Marcus Bell,Closed Lost,37317.86
D22687,Maple Park Logistics,Nora Patel,Closed Won,23249.25
D22688,Harbor Lake Packaging,Maya Chen,Qualified,67993.97
D22689,Aspen Grove Logistics,Lucas Reed,Negotiation,130632.76
D22690,Aspen Park Dental,Marcus Bell,Proposal,6883.80
D22691,Sterling Park Logistics,Owen Brooks,Negotiation,40445.61
D22692,Aspen Lake Foods,Owen Brooks,Qualified,67997.39
D22693,Laurel Lake Logistics,Lucas Reed,New,19878.57
D22694,Orchard Heights Agriculture,Nora Patel,New,20694.94
D22695,Granite Point Consulting,Priya Shah,Negotiation,49484.30
D22696,Birch Valley Agriculture,Elena Cruz,Negotiation,72056.67
D22697,Pine Creek Foods,Jordan Ellis,Closed Won,76226.77
D22698,Alder Ridge Retail,Elena Cruz,Proposal,28220.81
D22699,Granite Hill Distribution,Lucas Reed,Negotiation,142443.83
D22700,Sterling Ridge Medical,Priya Shah,Qualified,38068.72
D22701,Maple Creek Foods,Elena Cruz,New,22979.33
D22702,Orchard Bend Hospitality,Nora Patel,Closed Lost,61889.98
D22703,Granite Hill Manufacturing,Owen Brooks,Qualified,232289.85
D22704,Mesa Heights Consulting,Maya Chen,Qualified,66155.29
D22705,Alder Ridge Packaging,Maya Chen,Negotiation,27211.36
D22706,Pine Bend Energy,Owen Brooks,Closed Won,224883.11
D22707,Orchard Valley Construction,Lucas Reed,Negotiation,27469.77
D22708,Sequoia Crest Construction,Lucas Reed,Proposal,80227.21
D22709,Sierra Point Telecom,Jordan Ellis,Closed Lost,176521.88
D22710,Silver Grove Foods,Lucas Reed,Qualified,19782.10
D22711,Coral Bend Medical,Jordan Ellis,New,110318.64
D22712,Granite Hill Hospitality,Marcus Bell,Negotiation,47692.93
D22713,Mesa Ridge Software,Elena Cruz,New,70089.36
D22714,Sierra Valley Hospitality,Marcus Bell,Closed Lost,27702.53
D22715,Copper Grove Energy,Nora Patel,Negotiation,84319.84
D22716,Prairie Grove Medical,Nora Patel,New,111968.29
D22717,Mesa Creek Foods,Lucas Reed,New,58515.73
D22718,Sterling Lake Agriculture,Elena Cruz,Qualified,80890.65
D22719,Copper Ridge Energy,Nora Patel,Qualified,53128.71
D22720,Mesa Grove Foods,Elena Cruz,Closed Lost,11707.51
D22721,Cedar Bend Medical,Owen Brooks,New,185816.94
D22722,Harbor Springs Consulting,Priya Shah,Negotiation,48560.78
D22723,Canyon Bend Distribution,Jordan Ellis,Closed Won,25342.35
D22724,Birch Grove Logistics,Elena Cruz,Proposal,54167.82
D22725,Maple Valley Dental,Elena Cruz,Closed Won,15357.29
D22726,Copper Crest Construction,Marcus Bell,Closed Won,121620.74
D22727,Granite Crest Manufacturing,Owen Brooks,Qualified,40148.52
D22728,Alder Lake Distribution,Marcus Bell,New,90407.64
D22729,Pine Grove Software,Priya Shah,Qualified,69289.83
D22730,Copper Ridge Telecom,Marcus Bell,Closed Won,106332.54
D22731,Harbor Lake Construction,Nora Patel,Closed Won,59477.39
D22732,Granite Bend Construction,Nora Patel,Qualified,73219.97
D22733,Cypress Lake Agriculture,Marcus Bell,Proposal,44896.63
D22734,Willow Springs Software,Owen Brooks,Qualified,31771.90
D22735,Cypress Lake Construction,Jordan Ellis,Qualified,32504.33
D22736,Coral Heights Foods,Maya Chen,Closed Lost,27626.51
D22737,Pine Grove Agriculture,Nora Patel,Negotiation,43808.54
D22738,Sterling Ridge Logistics,Elena Cruz,New,26612.40
D22739,Silver Point Distribution,Owen Brooks,New,33167.64
D22740,Cypress Springs Hospitality,Jordan Ellis,Negotiation,59217.50
D22741,Birch Crest Telecom,Priya Shah,Closed Won,232504.46
D22742,Laurel Heights Foods,Elena Cruz,Proposal,97097.32
D22743,Copper Ridge Hospitality,Nora Patel,Negotiation,32514.34
D22744,Coral Park Construction,Priya Shah,Negotiation,235195.47
D22745,Sterling Lake Agriculture,Elena Cruz,Qualified,20647.20
D22746,Maple Park Manufacturing,Jordan Ellis,Proposal,172291.48
D22747,Coral Lake Construction,Jordan Ellis,Closed Won,61441.47
D22748,Mesa Point Energy,Priya Shah,Closed Lost,98377.47
D22749,Canyon Crest Construction,Elena Cruz,Closed Lost,127629.94
D22750,Sterling Heights Distribution,Elena Cruz,New,168444.04
D22751,Cypress Creek Hospitality,Marcus Bell,Proposal,53014.47
D22752,Harbor Valley Retail,Elena Cruz,Proposal,41934.73
D22753,Cedar Heights Telecom,Elena Cruz,Closed Lost,175603.91
D22754,Alder Springs Retail,Owen Brooks,New,29611.73
D22755,Laurel Park Foods,Nora Patel,Qualified,32401.18
D22756,Canyon Lake Hospitality,Owen Brooks,Proposal,26637.89
D22757,Orchard Creek Medical,Elena Cruz,Closed Won,33380.51
D22758,Redwood Hill Software,Maya Chen,Qualified,115917.39
D22759,Sterling Valley Manufacturing,Jordan Ellis,Closed Won,347932.51
D22760,Alder Hill Hospitality,Lucas Reed,Closed Won,13540.69
D22761,Sequoia Hill Construction,Lucas Reed,Negotiation,78558.57
D22762,Aspen Heights Medical,Priya Shah,Qualified,85379.21
D22763,Maple Grove Engineering,Marcus Bell,Closed Won,37031.41
D22764,Coral Park Manufacturing,Lucas Reed,Closed Won,105004.11
D22765,Aspen Grove Software,Marcus Bell,Proposal,54330.97
D22766,Orchard Valley Telecom,Jordan Ellis,Closed Lost,83512.07
D22767,Pine Heights Consulting,Nora Patel,Negotiation,37927.20
D22768,Granite Creek Packaging,Jordan Ellis,New,18526.62
D22769,Copper Bend Retail,Lucas Reed,Qualified,45069.87
D22770,Sierra Bend Logistics,Maya Chen,Proposal,33111.26
D22771,Cypress Lake Retail,Owen Brooks,Negotiation,48919.46
D22772,Sterling Lake Engineering,Maya Chen,Closed Won,184219.44
D22773,Copper Lake Energy,Maya Chen,Closed Won,153418.80
D22774,Prairie Hill Dental,Marcus Bell,Proposal,38950.36
D22775,Juniper Point Consulting,Marcus Bell,Negotiation,85378.18
D22776,Harbor Point Construction,Lucas Reed,Negotiation,214067.44
D22777,Pine Crest Telecom,Nora Patel,Proposal,164600.73
D22778,Aspen Springs Construction,Maya Chen,Qualified,48055.62
D22779,Sterling Crest Engineering,Elena Cruz,Negotiation,133020.77
D22780,Canyon Hill Logistics,Priya Shah,New,146449.78
D22781,Laurel Ridge Retail,Jordan Ellis,Qualified,23669.53
D22782,Maple Heights Foods,Nora Patel,Qualified,69957.44
D22783,Alder Hill Packaging,Nora Patel,Negotiation,111074.21
D22784,Canyon Crest Manufacturing,Marcus Bell,Closed Won,241178.10
D22785,Mesa Creek Telecom,Jordan Ellis,Closed Lost,38381.92
D22786,Orchard Point Telecom,Nora Patel,Closed Won,18907.67
D22787,Alder Valley Agriculture,Elena Cruz,Proposal,83854.49
D22788,Silver Heights Medical,Maya Chen,New,104269.89
D22789,Orchard Springs Logistics,Priya Shah,Proposal,86524.28
D22790,Silver Grove Manufacturing,Elena Cruz,Closed Lost,176036.87
D22791,Silver Valley Construction,Marcus Bell,Closed Lost,62124.83
D22792,Laurel Bend Medical,Marcus Bell,Proposal,144524.63
D22793,Copper Lake Packaging,Lucas Reed,Proposal,74872.24
D22794,Prairie Park Packaging,Owen Brooks,Proposal,120216.44
D22795,Sequoia Bend Engineering,Lucas Reed,New,94240.09
D22796,Birch Park Distribution,Nora Patel,Qualified,42336.15
D22797,Canyon Springs Software,Jordan Ellis,Proposal,132779.01
D22798,Mesa Creek Energy,Priya Shah,Proposal,89398.64
D22799,Sterling Heights Medical,Lucas Reed,Qualified,120751.78
D22800,Canyon Creek Construction,Marcus Bell,Proposal,21621.28
D22801,Summit Lake Software,Owen Brooks,New,66704.46
D22802,Sierra Lake Energy,Marcus Bell,Qualified,280563.30
D22803,Birch Crest Engineering,Elena Cruz,Closed Lost,74285.56
D22804,Granite Point Packaging,Jordan Ellis,Closed Won,41819.57
D22805,Maple Heights Energy,Marcus Bell,Qualified,268911.08
D22806,Copper Heights Dental,Marcus Bell,Closed Won,19011.91
D22807,Sequoia Bend Distribution,Maya Chen,Closed Lost,34771.13
D22808,Pine Bend Hospitality,Owen Brooks,New,32343.56
D22809,Granite Point Manufacturing,Maya Chen,Proposal,189763.47
D22810,Juniper Ridge Packaging,Marcus Bell,Closed Won,60716.59
D22811,Mesa Heights Logistics,Lucas Reed,New,92674.17
D22812,Pine Hill Foods,Maya Chen,Closed Won,23034.26
D22813,Copper Crest Construction,Marcus Bell,Proposal,200651.62
D22814,Prairie Point Retail,Owen Brooks,Closed Lost,22670.36
D22815,Copper Park Engineering,Priya Shah,Closed Won,106458.27
D22816,Cypress Bend Foods,Marcus Bell,Qualified,30920.27
D22817,Cedar Park Hospitality,Owen Brooks,Closed Lost,63985.94
D22818,Granite Hill Construction,Nora Patel,Closed Lost,42949.06
D22819,Harbor Park Medical,Lucas Reed,Negotiation,136562.82
D22820,Laurel Park Distribution,Lucas Reed,Closed Lost,106777.45
D22821,Willow Bend Logistics,Maya Chen,Qualified,43021.23
D22822,Juniper Springs Manufacturing,Owen Brooks,Proposal,132222.60
D22823,Mesa Creek Manufacturing,Elena Cruz,Closed Lost,96400.15
D22824,Redwood Heights Retail,Jordan Ellis,Qualified,88939.05
D22825,Laurel Lake Telecom,Lucas Reed,Negotiation,100246.06
D22826,Prairie Ridge Dental,Owen Brooks,Qualified,28263.60
D22827,Copper Hill Engineering,Marcus Bell,Proposal,145737.67
D22828,Prairie Bend Energy,Owen Brooks,Proposal,116713.94
D22829,Sequoia Bend Logistics,Jordan Ellis,Proposal,25812.60
D22830,Sequoia Bend Energy,Priya Shah,Closed Lost,150998.19
D22831,Pine Park Manufacturing,Nora Patel,Proposal,69597.92
D22832,Maple Hill Distribution,Maya Chen,Qualified,36068.42
D22833,Juniper Hill Engineering,Jordan Ellis,Negotiation,59288.25
D22834,Prairie Springs Medical,Jordan Ellis,Qualified,129886.59
D22835,Laurel Crest Energy,Maya Chen,New,344588.83
D22836,Birch Bend Packaging,Nora Patel,Proposal,87294.81
D22837,Granite Bend Energy,Marcus Bell,New,117604.44
D22838,Harbor Ridge Energy,Lucas Reed,New,260096.91
D22839,Birch Bend Telecom,Priya Shah,Closed Won,183790.92
D22840,Cedar Valley Consulting,Priya Shah,Closed Lost,19713.62
D22841,Cedar Park Medical,Elena Cruz,Closed Lost,166043.13
D22842,Granite Creek Consulting,Priya Shah,New,16980.22
D22843,Copper Point Manufacturing,Owen Brooks,New,163760.94
D22844,Juniper Creek Energy,Jordan Ellis,Proposal,103676.35
D22845,Alder Bend Consulting,Owen Brooks,Qualified,25331.48
D22846,Cypress Valley Retail,Owen Brooks,Closed Lost,48240.49
D22847,Willow Ridge Medical,Maya Chen,Closed Lost,73244.91
D22848,Silver Point Logistics,Maya Chen,Proposal,13895.82
D22849,Willow Valley Medical,Priya Shah,Proposal,93062.33
D22850,Mesa Park Packaging,Jordan Ellis,New,48853.89
D22851,Canyon Hill Hospitality,Lucas Reed,Qualified,24723.96
D22852,Aspen Valley Consulting,Priya Shah,Closed Lost,33617.32
D22853,Orchard Lake Construction,Lucas Reed,Negotiation,97483.98
D22854,Orchard Lake Packaging,Marcus Bell,Qualified,63144.04
D22855,Coral Bend Manufacturing,Nora Patel,Negotiation,256716.10
D22856,Maple Creek Retail,Priya Shah,Negotiation,41157.10
D22857,Sequoia Point Software,Elena Cruz,Qualified,48839.57
D22858,Aspen Ridge Consulting,Maya Chen,Proposal,32864.89
D22859,Mesa Grove Medical,Maya Chen,Closed Won,92019.72
D22860,Orchard Heights Logistics,Maya Chen,Negotiation,52390.65
D22861,Granite Ridge Logistics,Nora Patel,Proposal,120418.37
D22862,Coral Bend Medical,Jordan Ellis,Qualified,226920.47
D22863,Granite Heights Retail,Owen Brooks,Qualified,81929.62
D22864,Sterling Crest Consulting,Owen Brooks,Closed Lost,49998.89
D22865,Pine Valley Energy,Lucas Reed,Closed Lost,279256.18
D22866,Redwood Grove Construction,Priya Shah,Negotiation,128224.27
D22867,Redwood Heights Foods,Lucas Reed,Closed Won,21226.23
D22868,Aspen Valley Medical,Lucas Reed,Negotiation,89661.73
D22869,Willow Crest Telecom,Maya Chen,New,208900.58
D22870,Coral Point Agriculture,Priya Shah,New,137862.30
D22871,Orchard Point Consulting,Lucas Reed,Negotiation,53958.54
D22872,Sterling Creek Agriculture,Jordan Ellis,Qualified,53395.10
D22873,Sterling Bend Consulting,Owen Brooks,Qualified,47531.74
D22874,Harbor Bend Manufacturing,Lucas Reed,Negotiation,90263.05
D22875,Sierra Crest Energy,Jordan Ellis,New,182346.59
D22876,Orchard Park Consulting,Owen Brooks,Qualified,89287.87
D22877,Cedar Park Energy,Owen Brooks,New,52105.95
D22878,Cypress Bend Medical,Jordan Ellis,Proposal,239315.69
D22879,Canyon Valley Telecom,Nora Patel,Proposal,54012.74
D22880,Sterling Lake Energy,Owen Brooks,Closed Lost,89400.39
D22881,Cypress Hill Hospitality,Elena Cruz,Proposal,100901.50
D22882,Coral Ridge Consulting,Priya Shah,Proposal,37010.73
D22883,Maple Point Software,Elena Cruz,Proposal,57133.74
D22884,Canyon Crest Medical,Maya Chen,New,147173.42
D22885,Maple Ridge Engineering,Marcus Bell,Closed Won,88687.70
D22886,Canyon Springs Foods,Jordan Ellis,Qualified,64075.83
D22887,Juniper Valley Energy,Elena Cruz,Negotiation,272302.11
D22888,Cypress Lake Software,Jordan Ellis,Closed Won,75781.52
D22889,Aspen Grove Agriculture,Jordan Ellis,New,129100.16
D22890,Laurel Creek Construction,Priya Shah,Qualified,75443.45
D22891,Canyon Park Distribution,Nora Patel,Proposal,33108.19
D22892,Alder Crest Hospitality,Lucas Reed,Qualified,87667.81
D22893,Cedar Creek Dental,Jordan Ellis,Closed Lost,21234.77
D22894,Alder Hill Energy,Lucas Reed,Negotiation,144086.90
D22895,Birch Springs Manufacturing,Priya Shah,Proposal,225562.07
D22896,Sterling Springs Foods,Jordan Ellis,Closed Won,36375.78
D22897,Alder Creek Medical,Jordan Ellis,Closed Won,71134.19
D22898,Birch Hill Medical,Maya Chen,Proposal,112660.15
D22899,Silver Creek Hospitality,Jordan Ellis,New,31343.89
D22900,Pine Crest Consulting,Lucas Reed,Closed Lost,66981.72
D22901,Sierra Heights Packaging,Owen Brooks,Closed Won,121047.05
D22902,Sterling Valley Manufacturing,Jordan Ellis,Closed Won,100403.89
D22903,Harbor Crest Packaging,Elena Cruz,Qualified,111879.98
D22904,Redwood Hill Logistics,Nora Patel,Closed Lost,67342.83
D22905,Alder Hill Engineering,Elena Cruz,Negotiation,105225.86
D22906,Redwood Hill Logistics,Nora Patel,Proposal,18620.31
D22907,Alder Bend Manufacturing,Marcus Bell,Qualified,334147.47
D22908,Sierra Lake Packaging,Maya Chen,Proposal,46680.53
D22909,Sterling Lake Telecom,Nora Patel,Qualified,38605.09
D22910,Orchard Creek Packaging,Priya Shah,New,38862.25
D22911,Summit Point Logistics,Priya Shah,Proposal,51861.68
D22912,Canyon Crest Manufacturing,Marcus Bell,Negotiation,209482.92
D22913,Cedar Springs Logistics,Nora Patel,Negotiation,33499.99
D22914,Redwood Crest Agriculture,Elena Cruz,New,120848.87
D22915,Alder Park Medical,Marcus Bell,Closed Lost,125419.40
D22916,Maple Park Retail,Nora Patel,New,60549.74
D22917,Silver Lake Packaging,Owen Brooks,Proposal,41583.96
D22918,Coral Park Manufacturing,Lucas Reed,Closed Won,95351.70
D22919,Alder Park Foods,Jordan Ellis,Negotiation,17216.30
D22920,Aspen Springs Engineering,Maya Chen,New,47736.27
D22921,Aspen Springs Energy,Owen Brooks,Qualified,362912.12
D22922,Birch Point Medical,Jordan Ellis,Qualified,189925.35
D22923,Cedar Ridge Logistics,Lucas Reed,Negotiation,28088.43
D22924,Orchard Springs Agriculture,Maya Chen,Proposal,104325.53
D22925,Summit Ridge Manufacturing,Nora Patel,Proposal,211018.04
D22926,Maple Heights Agriculture,Priya Shah,Closed Won,32224.31
D22927,Prairie Bend Engineering,Maya Chen,Proposal,137658.27
D22928,Prairie Grove Software,Priya Shah,Proposal,91006.90
D22929,Aspen Grove Hospitality,Elena Cruz,Closed Won,30115.35
D22930,Coral Valley Software,Jordan Ellis,Closed Lost,36302.58
D22931,Cypress Creek Logistics,Elena Cruz,Qualified,131212.40
D22932,Pine Bend Foods,Maya Chen,New,75354.29
D22933,Copper Bend Retail,Lucas Reed,Closed Lost,63382.38
D22934,Sierra Crest Packaging,Elena Cruz,Proposal,146623.30
D22935,Juniper Lake Packaging,Owen Brooks,Proposal,126828.95
D22936,Willow Ridge Engineering,Elena Cruz,New,133454.75
D22937,Summit Crest Foods,Lucas Reed,Qualified,73653.96
D22938,Prairie Ridge Consulting,Marcus Bell,Closed Won,13187.74
D22939,Mesa Grove Energy,Lucas Reed,Negotiation,107762.38
D22940,Cypress Creek Consulting,Jordan Ellis,Closed Won,17311.07
D22941,Maple Valley Hospitality,Nora Patel,Negotiation,40888.87
D22942,Maple Valley Distribution,Elena Cruz,Qualified,90402.08
D22943,Maple Crest Distribution,Maya Chen,Closed Won,53144.98
D22944,Prairie Bend Logistics,Nora Patel,Proposal,25899.31
D22945,Harbor Heights Foods,Marcus Bell,Qualified,70767.12
D22946,Granite Heights Consulting,Elena Cruz,Closed Won,10530.20
D22947,Laurel Bend Software,Jordan Ellis,New,68221.14
D22948,Orchard Hill Logistics,Marcus Bell,Proposal,22569.32
D22949,Canyon Park Construction,Jordan Ellis,Qualified,161812.59
D22950,Laurel Heights Dental,Jordan Ellis,Closed Won,20205.18
D22951,Laurel Creek Distribution,Owen Brooks,New,140743.24
D22952,Harbor Crest Manufacturing,Lucas Reed,Closed Won,201049.05
D22953,Willow Springs Logistics,Marcus Bell,New,63157.96
D22954,Granite Valley Medical,Nora Patel,Proposal,105148.17
D22955,Juniper Point Telecom,Maya Chen,Proposal,127341.12
D22956,Granite Crest Hospitality,Marcus Bell,New,50600.90
D22957,Sterling Park Distribution,Nora Patel,Closed Won,123971.19
D22958,Maple Springs Hospitality,Owen Brooks,Proposal,24893.15
D22959,Coral Point Dental,Lucas Reed,Closed Lost,17854.19
D22960,Aspen Bend Distribution,Maya Chen,Proposal,119935.72
D22961,Granite Valley Packaging,Elena Cruz,Qualified,19982.68
D22962,Willow Grove Consulting,Owen Brooks,New,20314.18
D22963,Harbor Heights Telecom,Lucas Reed,Qualified,152323.17
D22964,Copper Grove Distribution,Elena Cruz,New,40659.15
D22965,Redwood Creek Distribution,Nora Patel,Proposal,127736.44
D22966,Willow Park Distribution,Elena Cruz,Negotiation,94306.92
D22967,Prairie Point Retail,Owen Brooks,Qualified,29895.93
D22968,Mesa Springs Hospitality,Nora Patel,Closed Won,51843.85
D22969,Coral Grove Retail,Marcus Bell,Proposal,29531.15
D22970,Willow Point Manufacturing,Elena Cruz,Closed Won,179314.16
D22971,Mesa Park Distribution,Elena Cruz,Qualified,138499.61
D22972,Pine Point Packaging,Lucas Reed,Proposal,34705.99
D22973,Copper Crest Distribution,Priya Shah,Negotiation,29936.80
D22974,Cypress Lake Engineering,Jordan Ellis,Negotiation,147545.71
D22975,Pine Park Retail,Lucas Reed,Negotiation,21728.32
D22976,Copper Point Packaging,Maya Chen,Proposal,41620.44
D22977,Prairie Springs Consulting,Maya Chen,Qualified,67325.44
D22978,Orchard Bend Telecom,Marcus Bell,Proposal,37434.73
D22979,Laurel Park Hospitality,Marcus Bell,Qualified,46274.00
D22980,Cypress Heights Telecom,Nora Patel,Closed Won,149570.75
D22981,Canyon Lake Agriculture,Elena Cruz,Negotiation,59392.57
D22982,Pine Point Telecom,Owen Brooks,New,128646.25
D22983,Mesa Lake Foods,Nora Patel,Closed Won,21910.55
D22984,Juniper Bend Consulting,Elena Cruz,New,25381.42
D22985,Pine Ridge Hospitality,Jordan Ellis,Closed Won,28408.43
D22986,Cedar Creek Medical,Maya Chen,Qualified,181525.31
D22987,Harbor Springs Construction,Owen Brooks,Proposal,109408.52
D22988,Sterling Springs Retail,Owen Brooks,Qualified,39895.66
D22989,Willow Heights Dental,Priya Shah,Qualified,33263.48
D22990,Redwood Valley Telecom,Priya Shah,Closed Won,41954.50
D22991,Mesa Creek Engineering,Lucas Reed,Proposal,112560.77
D22992,Canyon Ridge Engineering,Nora Patel,New,115230.57
D22993,Cedar Ridge Software,Marcus Bell,Qualified,66696.87
D22994,Laurel Valley Logistics,Lucas Reed,Proposal,33050.59
D22995,Granite Point Retail,Marcus Bell,Proposal,28066.67
D22996,Prairie Springs Packaging,Owen Brooks,Proposal,54683.94
D22997,Sequoia Grove Distribution,Priya Shah,Qualified,24832.05
D22998,Silver Valley Distribution,Priya Shah,Proposal,40387.34
D22999,Sequoia Lake Engineering,Owen Brooks,Proposal,140741.59
D23000,Sterling Valley Packaging,Priya Shah,Closed Won,60136.24
D23001,Birch Point Construction,Marcus Bell,Closed Lost,129168.59
D23002,Summit Heights Distribution,Lucas Reed,Negotiation,126514.19
D23003,Cypress Springs Construction,Priya Shah,Qualified,242201.44
D23004,Coral Point Dental,Lucas Reed,Closed Lost,36873.11
D23005,Cedar Springs Retail,Nora Patel,Closed Won,60377.17
D23006,Birch Springs Retail,Owen Brooks,Negotiation,79925.91
D23007,Birch Ridge Telecom,Elena Cruz,Closed Lost,202804.40
D23008,Canyon Grove Medical,Priya Shah,Closed Won,46884.74
D23009,Canyon Bend Energy,Lucas Reed,Proposal,130910.48
D23010,Willow Crest Agriculture,Nora Patel,Closed Won,42389.16
D23011,Aspen Creek Retail,Priya Shah,Negotiation,17652.28
D23012,Aspen Lake Manufacturing,Maya Chen,Closed Won,103050.33
D23013,Aspen Ridge Logistics,Lucas Reed,Proposal,130792.26
D23014,Cedar Hill Consulting,Nora Patel,Qualified,75254.73
D23015,Alder Lake Agriculture,Elena Cruz,Qualified,119705.42
D23016,Birch Hill Consulting,Owen Brooks,Negotiation,69563.00
D23017,Cedar Lake Software,Owen Brooks,Qualified,121218.22
D23018,Granite Hill Manufacturing,Owen Brooks,Negotiation,123150.90
D23019,Sequoia Crest Medical,Owen Brooks,Qualified,143724.76
D23020,Harbor Creek Manufacturing,Elena Cruz,Qualified,190402.47
D23021,Pine Heights Telecom,Jordan Ellis,Qualified,77281.98
D23022,Prairie Crest Manufacturing,Jordan Ellis,Negotiation,215121.59
D23023,Summit Creek Packaging,Nora Patel,Closed Won,75439.23
D23024,Birch Hill Logistics,Priya Shah,Closed Won,87634.02
D23025,Laurel Ridge Packaging,Marcus Bell,Closed Lost,33886.20
D23026,Alder Springs Foods,Jordan Ellis,Closed Won,90274.96
D23027,Granite Crest Distribution,Lucas Reed,Qualified,102471.65
D23028,Coral Valley Packaging,Lucas Reed,Qualified,107657.78
D23029,Birch Valley Distribution,Marcus Bell,Qualified,125997.56
D23030,Birch Lake Packaging,Priya Shah,Proposal,78932.38
D23031,Summit Point Agriculture,Maya Chen,New,45503.95
D23032,Sierra Bend Engineering,Priya Shah,Proposal,40783.10
D23033,Silver Grove Packaging,Marcus Bell,Negotiation,70177.35
D23034,Silver Heights Manufacturing,Marcus Bell,Proposal,124720.41
D23035,Mesa Heights Manufacturing,Nora Patel,Proposal,130946.88
D23036,Sierra Grove Hospitality,Lucas Reed,Negotiation,125747.17
D23037,Maple Crest Agriculture,Owen Brooks,New,95003.98
D23038,Sierra Valley Manufacturing,Owen Brooks,Qualified,240855.37
D23039,Sterling Grove Consulting,Jordan Ellis,Qualified,20203.94
D23040,Coral Valley Hospitality,Maya Chen,Proposal,46485.04
D23041,Alder Grove Medical,Priya Shah,New,115574.40
D23042,Harbor Crest Dental,Owen Brooks,Negotiation,23626.37
D23043,Alder Park Construction,Jordan Ellis,Closed Won,107007.33
D23044,Willow Valley Foods,Nora Patel,Closed Won,24725.68
D23045,Cedar Lake Hospitality,Nora Patel,Proposal,40149.78
D23046,Mesa Grove Logistics,Priya Shah,Qualified,134649.78
D23047,Alder Springs Agriculture,Marcus Bell,Proposal,81258.12
D23048,Sequoia Grove Manufacturing,Nora Patel,Proposal,222889.46
D23049,Cedar Heights Logistics,Elena Cruz,Closed Won,99057.41
D23050,Alder Valley Energy,Owen Brooks,Qualified,296635.01
D23051,Silver Crest Software,Jordan Ellis,Closed Won,132259.18
D23052,Birch Lake Foods,Maya Chen,Qualified,100472.76
D23053,Sequoia Ridge Engineering,Marcus Bell,New,94879.94
D23054,Redwood Creek Distribution,Nora Patel,Proposal,184849.52
D23055,Coral Valley Manufacturing,Priya Shah,Closed Lost,325731.38
D23056,Sequoia Hill Manufacturing,Elena Cruz,Closed Won,87250.90
D23057,Canyon Lake Packaging,Priya Shah,New,90981.97
D23058,Sequoia Crest Construction,Lucas Reed,Proposal,173077.19
D23059,Aspen Creek Engineering,Elena Cruz,Qualified,78277.09
D23060,Laurel Creek Packaging,Elena Cruz,Proposal,89657.11
D23061,Coral Lake Foods,Jordan Ellis,Negotiation,36448.50
D23062,Sequoia Valley Foods,Owen Brooks,Closed Won,11517.89
D23063,Cypress Park Engineering,Priya Shah,Negotiation,89278.15
D23064,Pine Park Agriculture,Jordan Ellis,Closed Lost,21735.65
D23065,Maple Bend Energy,Priya Shah,Closed Won,125062.48
D23066,Willow Creek Energy,Priya Shah,Qualified,244830.75
D23067,Willow Heights Distribution,Priya Shah,Negotiation,102626.33
D23068,Sterling Creek Construction,Marcus Bell,New,10922.20
D23069,Willow Grove Software,Elena Cruz,Proposal,158095.32
D23070,Cedar Hill Agriculture,Owen Brooks,Closed Lost,49347.69
D23071,Silver Heights Distribution,Jordan Ellis,Negotiation,85037.49
D23072,Sterling Creek Dental,Priya Shah,Negotiation,8283.57
D23073,Granite Hill Manufacturing,Owen Brooks,Closed Won,65947.22
D23074,Summit Hill Packaging,Marcus Bell,Proposal,62495.16
D23075,Sierra Hill Distribution,Owen Brooks,Closed Won,113869.22
D23076,Silver Hill Software,Jordan Ellis,Closed Lost,22344.90
D23077,Birch Creek Construction,Marcus Bell,Qualified,72375.07
D23078,Cedar Creek Construction,Elena Cruz,Qualified,115391.19
D23079,Maple Creek Distribution,Jordan Ellis,Closed Won,36209.82
D23080,Canyon Hill Software,Elena Cruz,Proposal,151478.18
D23081,Alder Heights Manufacturing,Maya Chen,New,64711.11
D23082,Redwood Hill Telecom,Nora Patel,Closed Won,196863.55
D23083,Laurel Lake Telecom,Lucas Reed,Negotiation,64576.03
D23084,Prairie Grove Software,Priya Shah,Closed Won,125401.14
D23085,Summit Creek Packaging,Nora Patel,Qualified,43938.01
D23086,Prairie Park Foods,Marcus Bell,Closed Lost,16874.58
D23087,Sierra Park Retail,Marcus Bell,Qualified,36242.53
D23088,Cypress Creek Construction,Nora Patel,Closed Won,121913.74
D23089,Sterling Crest Construction,Elena Cruz,Proposal,50042.60
D23090,Cypress Point Telecom,Elena Cruz,Closed Won,190186.62
D23091,Summit Valley Software,Owen Brooks,Qualified,35672.19
D23092,Sterling Crest Foods,Elena Cruz,Negotiation,34286.21
D23093,Sequoia Crest Software,Lucas Reed,Closed Won,85115.74
D23094,Alder Springs Dental,Nora Patel,New,33056.76
D23095,Aspen Ridge Foods,Marcus Bell,Proposal,25317.36
D23096,Summit Hill Retail,Jordan Ellis,Proposal,20656.29
D23097,Sequoia Lake Medical,Lucas Reed,Closed Lost,58496.32
D23098,Sterling Valley Software,Maya Chen,Qualified,92835.03
D23099,Pine Heights Energy,Priya Shah,Closed Lost,180863.32
D23100,Granite Grove Consulting,Lucas Reed,Closed Won,45506.86
D23101,Sterling Ridge Medical,Priya Shah,Qualified,89807.45
D23102,Juniper Heights Hospitality,Lucas Reed,Closed Lost,46700.30
D23103,Alder Point Software,Marcus Bell,Proposal,65556.58
D23104,Summit Grove Software,Marcus Bell,Proposal,22889.21
D23105,Alder Point Manufacturing,Nora Patel,Negotiation,45426.90
D23106,Harbor Park Agriculture,Lucas Reed,Proposal,39421.15
D23107,Redwood Crest Construction,Maya Chen,Closed Won,80436.38
D23108,Cedar Springs Engineering,Maya Chen,Closed Won,59775.40
D23109,Cypress Lake Agriculture,Marcus Bell,Closed Won,106607.18
D23110,Silver Heights Engineering,Elena Cruz,Closed Won,35685.33
D23111,Cypress Valley Construction,Jordan Ellis,Proposal,142555.77
D23112,Silver Springs Engineering,Nora Patel,Closed Won,55612.36
D23113,Granite Bend Dental,Lucas Reed,Negotiation,6933.54
D23114,Alder Grove Agriculture,Priya Shah,Closed Won,105802.30
D23115,Prairie Lake Distribution,Jordan Ellis,New,40168.08
D23116,Copper Crest Engineering,Marcus Bell,Closed Won,170767.41
D23117,Cedar Point Engineering,Elena Cruz,Closed Won,74228.10
D23118,Birch Springs Construction,Jordan Ellis,Negotiation,75968.06
D23119,Sequoia Creek Logistics,Priya Shah,Closed Lost,45516.54
D23120,Maple Crest Hospitality,Priya Shah,Proposal,17638.70
D23121,Granite Hill Foods,Nora Patel,Qualified,27713.68
D23122,Redwood Park Medical,Jordan Ellis,New,98179.19
D23123,Coral Springs Energy,Jordan Ellis,Closed Lost,271368.00
D23124,Silver Point Manufacturing,Lucas Reed,Proposal,242505.92
D23125,Sequoia Lake Manufacturing,Maya Chen,Proposal,130412.72
D23126,Prairie Creek Hospitality,Maya Chen,New,10284.87
D23127,Orchard Springs Retail,Priya Shah,Closed Won,63920.83
D23128,Prairie Creek Foods,Jordan Ellis,New,103429.32
D23129,Willow Park Construction,Owen Brooks,Proposal,62971.90
D23130,Birch Grove Manufacturing,Owen Brooks,Closed Won,79996.47
D23131,Willow Ridge Medical,Maya Chen,New,133514.70
D23132,Maple Springs Foods,Maya Chen,Closed Won,73564.94
D23133,Cedar Grove Consulting,Maya Chen,Proposal,44783.22
D23134,Summit Lake Engineering,Owen Brooks,Negotiation,171888.71
D23135,Coral Creek Hospitality,Marcus Bell,Proposal,49464.38
D23136,Coral Ridge Logistics,Marcus Bell,Proposal,161049.94
D23137,Pine Ridge Construction,Priya Shah,Closed Won,139354.40
D23138,Laurel Grove Distribution,Maya Chen,New,67159.38
D23139,Willow Point Foods,Lucas Reed,Closed Won,35440.79
D23140,Silver Crest Engineering,Jordan Ellis,Closed Lost,69827.58
D23141,Sierra Lake Retail,Elena Cruz,Qualified,50813.82
D23142,Pine Heights Foods,Lucas Reed,Proposal,44514.35
D23143,Sequoia Crest Agriculture,Owen Brooks,Negotiation,49920.29
D23144,Laurel Lake Consulting,Maya Chen,Negotiation,75730.90
D23145,Cypress Creek Engineering,Nora Patel,Closed Won,101695.19
D23146,Willow Hill Packaging,Elena Cruz,Closed Lost,62554.88
D23147,Cypress Grove Foods,Owen Brooks,Proposal,17921.62
D23148,Maple Valley Software,Owen Brooks,Negotiation,88587.87
D23149,Silver Grove Construction,Lucas Reed,Negotiation,87932.99
D23150,Laurel Park Logistics,Elena Cruz,Negotiation,90334.77
D23151,Pine Creek Software,Jordan Ellis,Qualified,31191.84
D23152,Mesa Crest Logistics,Maya Chen,Negotiation,144614.21
D23153,Sierra Point Manufacturing,Elena Cruz,Qualified,150158.03
D23154,Prairie Park Retail,Lucas Reed,Closed Lost,93986.80
D23155,Copper Point Distribution,Lucas Reed,New,49195.25
D23156,Granite Bend Engineering,Nora Patel,Proposal,56776.21
D23157,Alder Bend Hospitality,Lucas Reed,Negotiation,21618.16
D23158,Redwood Springs Consulting,Maya Chen,Proposal,32275.50
D23159,Cypress Lake Foods,Jordan Ellis,Negotiation,25040.59
D23160,Copper Creek Energy,Marcus Bell,Proposal,401871.76
D23161,Canyon Lake Engineering,Maya Chen,Negotiation,219731.07
D23162,Canyon Grove Packaging,Maya Chen,Negotiation,87609.32
D23163,Pine Creek Engineering,Jordan Ellis,Negotiation,93065.36
D23164,Copper Bend Manufacturing,Nora Patel,Negotiation,336393.40
D23165,Granite Creek Manufacturing,Maya Chen,New,135121.83
D23166,Prairie Springs Agriculture,Jordan Ellis,Qualified,30312.50
D23167,Sequoia Bend Construction,Lucas Reed,Qualified,177826.00
D23168,Juniper Hill Construction,Jordan Ellis,New,182748.04
D23169,Copper Grove Logistics,Marcus Bell,Proposal,77717.51
D23170,Aspen Lake Agriculture,Lucas Reed,Proposal,35386.49
D23171,Pine Hill Telecom,Nora Patel,Closed Lost,120771.88
D23172,Pine Grove Manufacturing,Lucas Reed,Proposal,102082.95
D23173,Juniper Heights Medical,Maya Chen,New,143864.47
D23174,Prairie Valley Agriculture,Maya Chen,Qualified,60645.61
D23175,Sierra Grove Retail,Priya Shah,Qualified,65738.70
D23176,Birch Heights Retail,Marcus Bell,Proposal,17010.54
D23177,Aspen Hill Distribution,Maya Chen,Closed Lost,97692.82
D23178,Harbor Lake Foods,Nora Patel,Qualified,21118.15
D23179,Cypress Springs Construction,Priya Shah,Negotiation,82197.21
D23180,Sterling Valley Telecom,Nora Patel,Qualified,30895.97
D23181,Cypress Springs Dental,Owen Brooks,Closed Won,31656.98
D23182,Maple Crest Logistics,Jordan Ellis,Qualified,67368.84
D23183,Maple Lake Telecom,Marcus Bell,Negotiation,68410.28
D23184,Cypress Grove Software,Owen Brooks,Qualified,63677.65
D23185,Willow Hill Dental,Owen Brooks,Closed Won,15343.13
D23186,Sierra Point Telecom,Jordan Ellis,Closed Won,126952.17
D23187,Willow Heights Foods,Marcus Bell,Qualified,37390.03
D23188,Summit Crest Software,Lucas Reed,Closed Won,83129.82
D23189,Willow Hill Engineering,Priya Shah,Negotiation,52778.61
D23190,Cypress Crest Telecom,Lucas Reed,Qualified,169667.24
D23191,Sequoia Lake Retail,Marcus Bell,Closed Won,41376.16
D23192,Laurel Heights Foods,Elena Cruz,Qualified,70843.39
D23193,Cypress Park Medical,Nora Patel,Negotiation,36728.01
D23194,Sequoia Bend Dental,Maya Chen,Qualified,64488.96
D23195,Juniper Ridge Logistics,Jordan Ellis,Proposal,86933.85
D23196,Orchard Valley Dental,Maya Chen,Qualified,26812.08
D23197,Maple Ridge Manufacturing,Nora Patel,New,137094.22
D23198,Maple Lake Manufacturing,Maya Chen,Proposal,332163.99
D23199,Coral Springs Foods,Priya Shah,Qualified,34431.75
D23200,Granite Bend Medical,Priya Shah,Negotiation,61590.69
D23201,Pine Park Medical,Jordan Ellis,Negotiation,140577.41
D23202,Pine Springs Distribution,Priya Shah,New,51973.09
D23203,Coral Lake Energy,Maya Chen,Proposal,168899.59
D23204,Alder Bend Dental,Jordan Ellis,New,59408.49
D23205,Sequoia Heights Consulting,Jordan Ellis,Closed Won,44211.68
D23206,Aspen Point Construction,Elena Cruz,Closed Lost,182583.82
D23207,Prairie Lake Medical,Maya Chen,New,151053.08
D23208,Harbor Springs Telecom,Marcus Bell,Qualified,205259.57
D23209,Orchard Lake Medical,Owen Brooks,Closed Won,75530.76
D23210,Cypress Springs Retail,Maya Chen,Qualified,51127.22
D23211,Juniper Springs Logistics,Elena Cruz,New,72744.37
D23212,Orchard Valley Software,Lucas Reed,Negotiation,81680.98
D23213,Mesa Valley Agriculture,Priya Shah,Negotiation,90181.24
D23214,Sequoia Grove Dental,Priya Shah,Negotiation,39498.80
D23215,Maple Ridge Medical,Jordan Ellis,Qualified,43992.06
D23216,Pine Park Software,Marcus Bell,New,99708.12
D23217,Mesa Hill Energy,Jordan Ellis,Negotiation,187228.07
D23218,Silver Valley Retail,Lucas Reed,Closed Won,66539.24
D23219,Sierra Lake Packaging,Maya Chen,Closed Lost,47017.02
D23220,Birch Ridge Construction,Nora Patel,Proposal,112360.16
D23221,Cedar Lake Packaging,Jordan Ellis,Negotiation,118925.61
D23222,Laurel Bend Software,Jordan Ellis,Proposal,27385.75
D23223,Sierra Park Engineering,Owen Brooks,Qualified,90600.47
D23224,Juniper Valley Telecom,Lucas Reed,Proposal,114533.87
D23225,Juniper Lake Medical,Jordan Ellis,Closed Lost,116153.37
D23226,Redwood Crest Packaging,Priya Shah,Qualified,42857.33
D23227,Canyon Creek Foods,Marcus Bell,Closed Lost,9778.35
D23228,Birch Grove Hospitality,Marcus Bell,Qualified,110951.92
D23229,Mesa Lake Distribution,Lucas Reed,Closed Lost,83292.79
D23230,Sierra Heights Software,Marcus Bell,Closed Lost,51245.31
D23231,Juniper Creek Medical,Nora Patel,Proposal,51497.91
D23232,Copper Hill Foods,Marcus Bell,Closed Won,39117.92
D23233,Summit Heights Medical,Priya Shah,Closed Lost,46674.14
D23234,Harbor Park Distribution,Elena Cruz,Closed Won,164221.45
D23235,Granite Grove Consulting,Lucas Reed,New,48378.01
D23236,Cedar Grove Manufacturing,Nora Patel,New,283570.82
D23237,Granite Lake Consulting,Marcus Bell,Negotiation,23472.93
D23238,Laurel Grove Energy,Priya Shah,Qualified,303717.15
D23239,Silver Lake Dental,Priya Shah,Negotiation,37834.89
D23240,Redwood Park Construction,Marcus Bell,Qualified,52577.80
D23241,Willow Ridge Retail,Priya Shah,New,21069.28
D23242,Redwood Park Packaging,Owen Brooks,Qualified,60710.57
D23243,Aspen Valley Foods,Owen Brooks,Proposal,89917.02
D23244,Aspen Ridge Hospitality,Elena Cruz,Qualified,106592.12
D23245,Silver Heights Telecom,Priya Shah,New,120123.86
D23246,Orchard Park Packaging,Nora Patel,New,49832.61
D23247,Sequoia Hill Agriculture,Owen Brooks,New,75817.17
D23248,Sierra Bend Software,Priya Shah,Negotiation,30314.36
D23249,Granite Crest Consulting,Jordan Ellis,Qualified,27844.31
D23250,Canyon Grove Distribution,Lucas Reed,New,36329.52
D23251,Redwood Creek Software,Jordan Ellis,Closed Won,119160.43
D23252,Harbor Heights Dental,Priya Shah,New,12362.47
D23253,Pine Ridge Dental,Owen Brooks,Closed Lost,61207.31
D23254,Copper Hill Consulting,Maya Chen,Qualified,16810.39
D23255,Pine Valley Packaging,Nora Patel,Proposal,11891.65
D23256,Sterling Springs Retail,Owen Brooks,Closed Won,40602.04
D23257,Granite Ridge Hospitality,Owen Brooks,Proposal,63920.65
D23258,Pine Bend Telecom,Nora Patel,New,70890.86
D23259,Mesa Ridge Retail,Priya Shah,Proposal,15068.66
D23260,Aspen Heights Telecom,Elena Cruz,Closed Lost,68687.78
D23261,Coral Creek Hospitality,Marcus Bell,Proposal,28934.62
D23262,Willow Grove Construction,Elena Cruz,Proposal,22611.89
D23263,Aspen Ridge Manufacturing,Nora Patel,Proposal,117422.26
D23264,Mesa Valley Manufacturing,Owen Brooks,New,179275.69
D23265,Birch Springs Packaging,Lucas Reed,Qualified,38858.39
D23266,Redwood Bend Telecom,Nora Patel,Closed Won,158574.99
D23267,Coral Park Distribution,Owen Brooks,Closed Won,31754.51
D23268,Birch Park Consulting,Elena Cruz,Proposal,60990.06
D23269,Redwood Bend Medical,Elena Cruz,Proposal,187827.42
D23270,Juniper Lake Consulting,Maya Chen,Proposal,55542.75
D23271,Alder Crest Manufacturing,Marcus Bell,Closed Won,327924.88
D23272,Mesa Crest Software,Priya Shah,Negotiation,37735.52
D23273,Pine Valley Retail,Priya Shah,Negotiation,41119.29
D23274,Pine Lake Medical,Maya Chen,Closed Won,53309.55
D23275,Granite Bend Packaging,Maya Chen,Qualified,19143.03
D23276,Granite Hill Logistics,Elena Cruz,Negotiation,111262.42
D23277,Birch Springs Retail,Owen Brooks,Qualified,54525.11
D23278,Silver Heights Hospitality,Lucas Reed,Proposal,77657.39
D23279,Maple Heights Logistics,Elena Cruz,Proposal,64753.77
D23280,Laurel Point Construction,Priya Shah,Qualified,67635.90
D23281,Summit Park Engineering,Maya Chen,Closed Won,139448.47
D23282,Pine Crest Construction,Maya Chen,Closed Lost,37866.43
D23283,Copper Springs Logistics,Maya Chen,Closed Won,48080.29
D23284,Prairie Grove Dental,Owen Brooks,Proposal,67037.01
D23285,Sierra Springs Engineering,Owen Brooks,Negotiation,36029.92
D23286,Sequoia Grove Medical,Jordan Ellis,New,108056.28
D23287,Cypress Hill Software,Marcus Bell,New,57747.10
D23288,Summit Grove Telecom,Lucas Reed,Negotiation,151831.49
D23289,Pine Bend Manufacturing,Jordan Ellis,Negotiation,236533.85
D23290,Cedar Crest Agriculture,Owen Brooks,Negotiation,60212.12
D23291,Orchard Bend Telecom,Marcus Bell,Closed Won,161145.19
D23292,Copper Park Foods,Priya Shah,Qualified,54189.98
D23293,Silver Point Agriculture,Nora Patel,Closed Won,33892.10
D23294,Redwood Point Hospitality,Maya Chen,Negotiation,33896.49
D23295,Coral Valley Hospitality,Maya Chen,Closed Lost,59889.73
D23296,Cypress Park Software,Priya Shah,New,85314.52
D23297,Orchard Grove Logistics,Owen Brooks,Proposal,42772.68
D23298,Sierra Springs Software,Owen Brooks,Proposal,100861.76
D23299,Granite Park Distribution,Maya Chen,Qualified,77560.58
D23300,Cedar Crest Energy,Priya Shah,Closed Lost,153253.87
D23301,Birch Creek Dental,Priya Shah,Proposal,20378.80
D23302,Redwood Bend Energy,Owen Brooks,New,380987.46
D23303,Harbor Lake Energy,Marcus Bell,Qualified,116652.72
D23304,Laurel Ridge Logistics,Jordan Ellis,Negotiation,58783.55
D23305,Laurel Hill Engineering,Jordan Ellis,Proposal,87513.40
D23306,Summit Heights Agriculture,Priya Shah,Closed Won,38572.70
D23307,Juniper Lake Retail,Lucas Reed,Qualified,25926.86
D23308,Copper Park Logistics,Maya Chen,Qualified,97452.84
D23309,Sterling Bend Retail,Priya Shah,New,16037.13
D23310,Sterling Point Consulting,Maya Chen,Negotiation,35240.25
D23311,Juniper Ridge Construction,Lucas Reed,Negotiation,201612.94
D23312,Canyon Point Logistics,Lucas Reed,Proposal,102758.41
D23313,Willow Hill Consulting,Marcus Bell,Proposal,68261.12
D23314,Mesa Valley Packaging,Maya Chen,Proposal,94899.22
D23315,Cedar Grove Dental,Priya Shah,Closed Won,42404.79
D23316,Sequoia Springs Software,Maya Chen,Negotiation,38893.61
D23317,Canyon Valley Packaging,Priya Shah,Qualified,22439.08
D23318,Laurel Hill Distribution,Nora Patel,Closed Lost,131953.94
D23319,Laurel Bend Consulting,Elena Cruz,Closed Won,19797.36
D23320,Coral Bend Software,Marcus Bell,Qualified,66631.82
D23321,Sierra Hill Packaging,Elena Cruz,Qualified,73539.24
D23322,Redwood Valley Distribution,Jordan Ellis,Closed Won,129901.14
D23323,Canyon Bend Manufacturing,Marcus Bell,New,106988.63
D23324,Sterling Ridge Logistics,Elena Cruz,Qualified,74489.17
D23325,Sequoia Point Dental,Jordan Ellis,Negotiation,57065.06
D23326,Birch Ridge Software,Nora Patel,Negotiation,32733.32
D23327,Juniper Crest Software,Jordan Ellis,Negotiation,123598.42
D23328,Prairie Point Distribution,Nora Patel,Closed Lost,44045.17
D23329,Copper Lake Hospitality,Maya Chen,Qualified,135001.65
D23330,Cedar Hill Energy,Priya Shah,Closed Lost,248158.15
D23331,Granite Heights Foods,Jordan Ellis,Proposal,21900.01
D23332,Sierra Creek Medical,Owen Brooks,Proposal,220206.09
D23333,Canyon Creek Construction,Marcus Bell,New,201231.51
D23334,Orchard Valley Energy,Priya Shah,Closed Won,185787.93
D23335,Granite Park Consulting,Nora Patel,Closed Lost,14461.55
D23336,Aspen Lake Consulting,Priya Shah,Qualified,62435.56
D23337,Mesa Point Construction,Lucas Reed,Negotiation,67890.17
D23338,Maple Creek Retail,Priya Shah,Negotiation,16806.57
D23339,Harbor Lake Dental,Lucas Reed,New,63047.50
D23340,Sierra Lake Agriculture,Priya Shah,Proposal,27903.70
D23341,Silver Crest Software,Jordan Ellis,Closed Lost,21817.44
D23342,Birch Valley Foods,Maya Chen,Closed Won,28350.07
D23343,Copper Crest Packaging,Owen Brooks,New,71101.43
D23344,Laurel Lake Software,Marcus Bell,Proposal,42264.60
D23345,Maple Park Construction,Maya Chen,Closed Won,31176.23
D23346,Maple Creek Medical,Maya Chen,Negotiation,144588.04
D23347,Sequoia Grove Foods,Marcus Bell,Closed Won,47148.84
D23348,Orchard Springs Construction,Elena Cruz,Closed Won,101347.81
D23349,Coral Ridge Manufacturing,Maya Chen,Qualified,135839.99
D23350,Aspen Valley Foods,Owen Brooks,Closed Won,61606.21
D23351,Alder Crest Software,Elena Cruz,Negotiation,24378.60
D23352,Sequoia Grove Hospitality,Elena Cruz,New,15671.01
D23353,Juniper Creek Manufacturing,Lucas Reed,Proposal,91729.85
D23354,Copper Bend Software,Marcus Bell,New,87811.84
D23355,Willow Bend Foods,Priya Shah,Negotiation,63713.43
D23356,Copper Crest Energy,Elena Cruz,Qualified,65650.47
D23357,Prairie Hill Engineering,Maya Chen,Closed Won,81014.75
D23358,Sterling Springs Manufacturing,Priya Shah,Proposal,108404.65
D23359,Canyon Grove Engineering,Nora Patel,Proposal,39507.30
D23360,Birch Heights Dental,Elena Cruz,Closed Won,33186.80
D23361,Sierra Valley Hospitality,Marcus Bell,New,28752.93
D23362,Maple Bend Packaging,Marcus Bell,New,73979.43
D23363,Canyon Grove Packaging,Maya Chen,New,118658.71
D23364,Sierra Hill Dental,Owen Brooks,Closed Won,18379.58
D23365,Aspen Hill Construction,Lucas Reed,New,48956.15
D23366,Aspen Hill Agriculture,Owen Brooks,Proposal,53294.79
D23367,Copper Springs Hospitality,Jordan Ellis,Negotiation,46677.75
D23368,Sierra Heights Agriculture,Jordan Ellis,Negotiation,31724.57
D23369,Harbor Point Medical,Owen Brooks,Proposal,99087.74
D23370,Maple Grove Hospitality,Elena Cruz,Closed Won,70186.65
D23371,Granite Valley Manufacturing,Lucas Reed,Negotiation,33242.16
D23372,Harbor Creek Medical,Owen Brooks,Proposal,104016.53
D23373,Coral Grove Distribution,Elena Cruz,Proposal,107774.48
D23374,Birch Lake Construction,Maya Chen,Proposal,53614.88
D23375,Sequoia Point Energy,Lucas Reed,Closed Lost,268852.30
D23376,Harbor Springs Construction,Owen Brooks,Closed Won,168253.38
D23377,Silver Springs Energy,Marcus Bell,Qualified,183843.26
D23378,Sequoia Park Agriculture,Elena Cruz,New,32638.57
D23379,Cypress Hill Energy,Elena Cruz,Qualified,91399.84
D23380,Cedar Creek Manufacturing,Marcus Bell,Proposal,158237.30
D23381,Harbor Ridge Engineering,Elena Cruz,Closed Won,86647.12
D23382,Coral Hill Packaging,Owen Brooks,Proposal,33349.80
D23383,Willow Ridge Medical,Maya Chen,Proposal,128770.79
D23384,Prairie Hill Software,Maya Chen,Proposal,61551.07
D23385,Willow Valley Distribution,Lucas Reed,Negotiation,95423.40
D23386,Birch Ridge Dental,Lucas Reed,Negotiation,7518.05
D23387,Orchard Springs Energy,Lucas Reed,Qualified,225786.22
D23388,Juniper Valley Energy,Elena Cruz,Negotiation,368407.90
D23389,Mesa Ridge Retail,Priya Shah,Proposal,50362.92
D23390,Cedar Valley Energy,Nora Patel,Proposal,364705.43
D23391,Canyon Ridge Medical,Priya Shah,Negotiation,183494.30
D23392,Prairie Heights Engineering,Lucas Reed,Negotiation,109765.39
D23393,Canyon Grove Telecom,Elena Cruz,New,140419.14
D23394,Orchard Bend Engineering,Owen Brooks,Proposal,213520.30
D23395,Laurel Grove Manufacturing,Elena Cruz,New,40396.79
D23396,Birch Crest Dental,Jordan Ellis,Proposal,33513.77
D23397,Cedar Grove Retail,Lucas Reed,New,58659.56
D23398,Orchard Ridge Agriculture,Marcus Bell,Qualified,67471.19
D23399,Harbor Ridge Construction,Elena Cruz,Closed Lost,21548.05
D23400,Mesa Valley Construction,Nora Patel,Proposal,158412.93
D23401,Sierra Point Distribution,Maya Chen,Proposal,164682.30
D23402,Laurel Crest Manufacturing,Priya Shah,Closed Lost,39148.40
D23403,Granite Bend Hospitality,Marcus Bell,Proposal,116456.58
D23404,Maple Heights Packaging,Maya Chen,Proposal,110915.20
D23405,Willow Grove Software,Elena Cruz,Negotiation,14491.86
D23406,Summit Valley Dental,Elena Cruz,Qualified,38606.52
D23407,Canyon Crest Engineering,Elena Cruz,New,134134.56
D23408,Juniper Grove Software,Lucas Reed,Negotiation,40054.09
D23409,Juniper Bend Foods,Jordan Ellis,Closed Lost,92260.48
D23410,Sierra Grove Medical,Maya Chen,Proposal,185827.98
D23411,Orchard Park Telecom,Priya Shah,Proposal,207510.20
D23412,Harbor Crest Telecom,Maya Chen,Proposal,145096.80
D23413,Copper Lake Hospitality,Maya Chen,Proposal,67863.03
D23414,Redwood Lake Construction,Elena Cruz,Negotiation,85441.82
D23415,Granite Valley Software,Priya Shah,Closed Lost,28399.57
D23416,Alder Springs Telecom,Owen Brooks,Negotiation,76842.09
D23417,Laurel Point Hospitality,Jordan Ellis,Closed Lost,142992.15
D23418,Sierra Crest Distribution,Owen Brooks,New,34985.36
D23419,Birch Ridge Construction,Nora Patel,Qualified,62887.99
D23420,Harbor Grove Energy,Lucas Reed,Negotiation,288329.28
D23421,Harbor Heights Packaging,Owen Brooks,Qualified,68071.38
D23422,Pine Creek Construction,Jordan Ellis,Closed Lost,51577.03
D23423,Birch Springs Energy,Maya Chen,Proposal,122918.19
D23424,Copper Crest Foods,Marcus Bell,Negotiation,55851.42
D23425,Maple Grove Agriculture,Jordan Ellis,New,48067.56
D23426,Alder Crest Engineering,Elena Cruz,Proposal,93572.74
D23427,Laurel Grove Logistics,Jordan Ellis,Proposal,68516.75
D23428,Maple Creek Consulting,Owen Brooks,Negotiation,49488.38
D23429,Birch Grove Energy,Marcus Bell,Proposal,118367.18
D23430,Sterling Creek Software,Marcus Bell,Qualified,53280.96
D23431,Redwood Creek Consulting,Elena Cruz,Closed Won,30341.43
D23432,Granite Lake Engineering,Priya Shah,Proposal,67562.67
D23433,Maple Springs Software,Maya Chen,Negotiation,98866.05
D23434,Cypress Bend Medical,Jordan Ellis,Negotiation,154217.61
D23435,Cypress Park Energy,Jordan Ellis,Proposal,278744.48
D23436,Sequoia Bend Hospitality,Priya Shah,Proposal,53563.14
D23437,Pine Valley Energy,Lucas Reed,Closed Lost,244165.06
D23438,Harbor Lake Software,Nora Patel,Negotiation,33005.53
D23439,Sierra Lake Distribution,Lucas Reed,Closed Won,126318.36
D23440,Aspen Bend Hospitality,Priya Shah,Qualified,60903.45
D23441,Juniper Valley Agriculture,Jordan Ellis,Closed Lost,58626.58
D23442,Maple Valley Consulting,Priya Shah,Qualified,23968.82
D23443,Sterling Lake Medical,Elena Cruz,Qualified,90965.10
D23444,Harbor Park Logistics,Marcus Bell,Negotiation,79873.56
D23445,Sierra Lake Retail,Elena Cruz,Proposal,64000.39
D23446,Juniper Bend Consulting,Elena Cruz,Proposal,68536.39
D23447,Aspen Point Telecom,Priya Shah,Proposal,217378.57
D23448,Orchard Grove Consulting,Elena Cruz,Closed Won,27006.76
D23449,Granite Ridge Foods,Maya Chen,Negotiation,14899.17
D23450,Summit Hill Dental,Maya Chen,Proposal,44884.21
D23451,Juniper Ridge Construction,Lucas Reed,New,124273.80
D23452,Alder Heights Logistics,Marcus Bell,New,51640.71
D23453,Sequoia Creek Foods,Elena Cruz,Negotiation,31620.74
D23454,Alder Valley Energy,Owen Brooks,Proposal,299862.95
D23455,Alder Springs Packaging,Lucas Reed,Proposal,147237.34
D23456,Silver Creek Packaging,Elena Cruz,Proposal,53363.67
D23457,Maple Grove Retail,Lucas Reed,New,31527.71
D23458,Cedar Springs Software,Maya Chen,Closed Won,33166.22
D23459,Juniper Hill Software,Jordan Ellis,Qualified,120533.80
D23460,Canyon Lake Distribution,Marcus Bell,Qualified,129811.26
D23461,Prairie Point Consulting,Elena Cruz,Proposal,25606.14
D23462,Mesa Creek Medical,Owen Brooks,Qualified,126097.78
D23463,Alder Park Dental,Nora Patel,Proposal,33812.27
D23464,Orchard Hill Logistics,Marcus Bell,Closed Lost,46910.64
D23465,Sequoia Bend Consulting,Nora Patel,Negotiation,12953.61
D23466,Birch Grove Engineering,Nora Patel,Negotiation,91294.86
D23467,Juniper Springs Logistics,Elena Cruz,Proposal,98454.04
D23468,Aspen Park Logistics,Nora Patel,Negotiation,57027.50
D23469,Granite Lake Medical,Nora Patel,Negotiation,64062.48
D23470,Prairie Ridge Software,Priya Shah,Qualified,50348.76
D23471,Summit Ridge Packaging,Owen Brooks,Proposal,63155.62
D23472,Sierra Creek Foods,Lucas Reed,Closed Lost,33712.87
D23473,Copper Point Manufacturing,Owen Brooks,Negotiation,293033.10
D23474,Summit Crest Dental,Maya Chen,Closed Won,10509.51
D23475,Coral Lake Consulting,Elena Cruz,Proposal,24292.15
D23476,Aspen Ridge Construction,Marcus Bell,Closed Won,121205.65
D23477,Cedar Creek Retail,Priya Shah,Closed Won,24988.33
D23478,Prairie Ridge Distribution,Owen Brooks,Closed Lost,101829.15
D23479,Cypress Ridge Medical,Lucas Reed,Qualified,195603.21
D23480,Pine Park Medical,Jordan Ellis,Proposal,49511.04
D23481,Mesa Bend Engineering,Priya Shah,Negotiation,105366.01
D23482,Willow Grove Consulting,Owen Brooks,Negotiation,45618.34
D23483,Cypress Ridge Hospitality,Nora Patel,Proposal,26117.34
D23484,Cedar Valley Medical,Lucas Reed,Qualified,210817.69
D23485,Copper Springs Construction,Priya Shah,Closed Lost,93862.72
D23486,Aspen Creek Telecom,Priya Shah,Qualified,247136.65
D23487,Sterling Point Packaging,Owen Brooks,New,76497.88
D23488,Sequoia Point Packaging,Nora Patel,Closed Won,56810.51
D23489,Prairie Lake Distribution,Jordan Ellis,Negotiation,106856.05
D23490,Cedar Heights Manufacturing,Owen Brooks,New,128669.44
D23491,Sierra Creek Consulting,Nora Patel,New,8433.24
D23492,Cypress Valley Packaging,Lucas Reed,Closed Won,54836.17
D23493,Cypress Ridge Consulting,Priya Shah,Closed Lost,52611.51
D23494,Cypress Bend Construction,Marcus Bell,Qualified,103354.71
D23495,Aspen Grove Energy,Elena Cruz,New,350228.19
D23496,Pine Point Software,Jordan Ellis,Negotiation,76225.49
D23497,Summit Hill Energy,Priya Shah,Qualified,187735.20
D23498,Maple Springs Manufacturing,Jordan Ellis,Proposal,180011.00
D23499,Mesa Hill Retail,Maya Chen,Qualified,25859.29
D23500,Canyon Hill Logistics,Priya Shah,Proposal,30229.15
D23501,Pine Crest Construction,Maya Chen,Closed Won,174527.63
D23502,Cypress Grove Retail,Marcus Bell,Qualified,52928.20
D23503,Copper Grove Hospitality,Nora Patel,Proposal,34196.51
D23504,Aspen Hill Energy,Priya Shah,Qualified,86481.88
D23505,Copper Grove Construction,Owen Brooks,Closed Won,40783.97
D23506,Cedar Park Manufacturing,Jordan Ellis,Qualified,285143.24
D23507,Prairie Heights Engineering,Lucas Reed,Closed Lost,99363.45
D23508,Pine Crest Medical,Elena Cruz,Proposal,96289.40
D23509,Laurel Springs Hospitality,Marcus Bell,New,62154.35
D23510,Juniper Valley Manufacturing,Nora Patel,Negotiation,160993.62
D23511,Willow Hill Energy,Jordan Ellis,Closed Won,281385.86
D23512,Sterling Lake Engineering,Maya Chen,Qualified,110741.36
D23513,Cedar Bend Agriculture,Owen Brooks,Negotiation,60012.09
D23514,Orchard Ridge Manufacturing,Priya Shah,Negotiation,63166.09
D23515,Sierra Creek Software,Lucas Reed,Closed Won,45090.55
D23516,Laurel Heights Software,Elena Cruz,Proposal,18755.78
D23517,Sierra Valley Packaging,Maya Chen,Negotiation,78419.83
D23518,Maple Lake Engineering,Owen Brooks,Proposal,58084.39
D23519,Orchard Ridge Logistics,Owen Brooks,Proposal,138485.55
D23520,Granite Heights Medical,Marcus Bell,Qualified,240310.18
D23521,Maple Bend Software,Lucas Reed,Closed Won,47162.10
D23522,Cypress Ridge Consulting,Priya Shah,New,31382.76
D23523,Sierra Creek Manufacturing,Elena Cruz,Qualified,209363.26
D23524,Mesa Park Consulting,Priya Shah,Qualified,81288.32
D23525,Sequoia Bend Agriculture,Owen Brooks,Closed Won,45760.65
D23526,Maple Creek Software,Elena Cruz,Closed Lost,115963.31
D23527,Harbor Creek Hospitality,Priya Shah,Qualified,21027.49
D23528,Sequoia Creek Foods,Elena Cruz,Qualified,32584.69
D23529,Prairie Ridge Hospitality,Jordan Ellis,Qualified,52375.79
D23530,Prairie Point Medical,Marcus Bell,Proposal,158382.46
D23531,Copper Park Hospitality,Jordan Ellis,Closed Lost,92438.31
D23532,Cedar Bend Hospitality,Priya Shah,Closed Lost,39366.35
D23533,Cypress Lake Foods,Jordan Ellis,Closed Won,44036.72
D23534,Prairie Hill Distribution,Marcus Bell,Closed Lost,52360.01
D23535,Prairie Valley Hospitality,Lucas Reed,Negotiation,75765.10
D23536,Willow Lake Software,Nora Patel,Proposal,30777.53
D23537,Mesa Point Hospitality,Priya Shah,Negotiation,83224.28
D23538,Copper Creek Dental,Lucas Reed,Closed Won,29091.04
D23539,Summit Creek Medical,Maya Chen,Negotiation,67263.50
D23540,Canyon Hill Foods,Elena Cruz,Proposal,81825.70
D23541,Cypress Point Construction,Nora Patel,Proposal,103456.73
D23542,Alder Bend Packaging,Nora Patel,Closed Won,28792.58
D23543,Sterling Valley Dental,Marcus Bell,Proposal,50906.36
D23544,Alder Ridge Distribution,Lucas Reed,Proposal,171732.46
D23545,Copper Hill Packaging,Owen Brooks,Qualified,46985.84
D23546,Summit Lake Retail,Marcus Bell,New,21454.37
D23547,Silver Hill Consulting,Elena Cruz,Negotiation,24387.81
D23548,Birch Ridge Medical,Priya Shah,Proposal,237394.87
D23549,Canyon Crest Dental,Jordan Ellis,Negotiation,4100.63
D23550,Coral Heights Dental,Marcus Bell,Closed Won,60575.60
D23551,Canyon Creek Software,Marcus Bell,New,114790.53
D23552,Willow Grove Hospitality,Lucas Reed,Proposal,29633.50
D23553,Birch Lake Foods,Maya Chen,New,59638.27
D23554,Juniper Point Manufacturing,Lucas Reed,Qualified,77428.02
D23555,Sequoia Point Consulting,Owen Brooks,New,18591.23
D23556,Silver Bend Engineering,Jordan Ellis,Qualified,43780.26
D23557,Birch Crest Agriculture,Maya Chen,Qualified,119533.48
D23558,Sequoia Creek Packaging,Nora Patel,Closed Lost,97319.92
D23559,Maple Point Manufacturing,Marcus Bell,Proposal,221966.15
D23560,Willow Ridge Construction,Elena Cruz,Closed Lost,184083.95
D23561,Maple Crest Distribution,Maya Chen,Qualified,82065.56
D23562,Pine Grove Distribution,Owen Brooks,Qualified,76394.30
D23563,Orchard Ridge Manufacturing,Priya Shah,Negotiation,226898.64
D23564,Mesa Park Retail,Marcus Bell,New,45966.19
D23565,Copper Ridge Construction,Owen Brooks,Negotiation,190226.74
D23566,Silver Springs Energy,Marcus Bell,Negotiation,129681.60
D23567,Pine Heights Distribution,Maya Chen,Closed Lost,141263.85
D23568,Canyon Hill Hospitality,Lucas Reed,Negotiation,81199.29
D23569,Alder Valley Engineering,Maya Chen,Closed Won,182758.82
D23570,Cypress Grove Energy,Nora Patel,New,99438.92
D23571,Cypress Bend Packaging,Owen Brooks,New,52824.67
D23572,Willow Bend Manufacturing,Lucas Reed,New,91931.93
D23573,Summit Heights Distribution,Lucas Reed,Qualified,100576.41
D23574,Summit Springs Engineering,Maya Chen,Negotiation,68705.27
D23575,Alder Valley Telecom,Nora Patel,Closed Lost,26656.14
D23576,Sequoia Valley Distribution,Elena Cruz,Proposal,98938.50
D23577,Maple Crest Dental,Maya Chen,Proposal,27664.91
D23578,Laurel Point Dental,Owen Brooks,Qualified,15737.35
D23579,Coral Point Agriculture,Priya Shah,Proposal,14191.71
D23580,Harbor Point Logistics,Jordan Ellis,Closed Won,103555.10
D23581,Juniper Springs Software,Nora Patel,Negotiation,70712.90
D23582,Harbor Crest Foods,Priya Shah,Closed Won,47825.80
D23583,Laurel Crest Agriculture,Marcus Bell,New,87017.93
D23584,Sequoia Springs Manufacturing,Jordan Ellis,Closed Won,47090.89
D23585,Granite Grove Consulting,Lucas Reed,Negotiation,56446.00
D23586,Redwood Springs Engineering,Marcus Bell,Proposal,85243.46
D23587,Willow Point Logistics,Jordan Ellis,Negotiation,37670.57
D23588,Alder Bend Packaging,Nora Patel,Closed Lost,27042.11
D23589,Sterling Valley Medical,Elena Cruz,Closed Won,107302.64
D23590,Orchard Point Retail,Nora Patel,Closed Lost,83403.77
D23591,Pine Hill Retail,Nora Patel,Qualified,7786.70
D23592,Coral Ridge Energy,Nora Patel,Negotiation,168863.01
D23593,Laurel Heights Energy,Lucas Reed,Qualified,117421.60
D23594,Sierra Springs Energy,Nora Patel,Closed Won,312851.29
D23595,Redwood Point Construction,Jordan Ellis,Proposal,129980.69
D23596,Orchard Point Retail,Nora Patel,Negotiation,48081.89
D23597,Juniper Point Retail,Maya Chen,Closed Lost,46728.19
D23598,Harbor Park Foods,Owen Brooks,Negotiation,75484.22
D23599,Birch Lake Consulting,Lucas Reed,Negotiation,13452.21
D23600,Coral Springs Packaging,Elena Cruz,Qualified,47869.03
D23601,Alder Crest Logistics,Priya Shah,Qualified,71240.84
D23602,Redwood Crest Engineering,Maya Chen,New,121084.13
D23603,Aspen Grove Software,Marcus Bell,Qualified,22465.90
D23604,Maple Lake Hospitality,Nora Patel,Qualified,78121.52
D23605,Prairie Valley Telecom,Priya Shah,Qualified,203863.88
D23606,Orchard Springs Packaging,Nora Patel,New,75649.57
D23607,Canyon Ridge Agriculture,Priya Shah,Negotiation,91400.00
D23608,Willow Point Packaging,Marcus Bell,New,123613.41
D23609,Cedar Ridge Hospitality,Elena Cruz,Closed Won,37130.00
D23610,Sequoia Hill Hospitality,Priya Shah,Negotiation,106554.51
D23611,Prairie Hill Energy,Owen Brooks,New,362361.48
D23612,Birch Bend Manufacturing,Marcus Bell,Negotiation,171948.44
D23613,Silver Hill Energy,Maya Chen,Closed Won,40526.93
D23614,Granite Springs Consulting,Nora Patel,Negotiation,61190.00
D23615,Pine Valley Dental,Jordan Ellis,Proposal,39619.02
D23616,Aspen Hill Dental,Maya Chen,Qualified,39387.07
D23617,Silver Point Manufacturing,Lucas Reed,Closed Lost,68258.90
D23618,Cypress Grove Energy,Nora Patel,Qualified,144527.22
D23619,Sterling Springs Software,Jordan Ellis,Qualified,25314.17
D23620,Cypress Heights Construction,Maya Chen,New,55215.39
D23621,Pine Valley Dental,Jordan Ellis,Negotiation,23320.09
D23622,Copper Bend Consulting,Maya Chen,New,30928.81
D23623,Redwood Valley Dental,Jordan Ellis,Qualified,27767.31
D23624,Cypress Point Packaging,Maya Chen,Negotiation,95859.63
D23625,Maple Bend Software,Lucas Reed,Closed Lost,93961.01
D23626,Sequoia Grove Logistics,Lucas Reed,Negotiation,42481.53
D23627,Silver Bend Retail,Owen Brooks,Closed Won,42228.33
D23628,Prairie Crest Consulting,Lucas Reed,Qualified,14183.82
D23629,Birch Creek Foods,Marcus Bell,Closed Won,50432.56
D23630,Redwood Valley Logistics,Priya Shah,Proposal,37309.54
D23631,Harbor Park Energy,Nora Patel,Closed Won,324561.40
D23632,Maple Heights Telecom,Elena Cruz,Negotiation,117713.18
D23633,Sequoia Springs Packaging,Priya Shah,New,33418.72
D23634,Granite Heights Manufacturing,Priya Shah,Qualified,237322.00
D23635,Cedar Point Dental,Jordan Ellis,Closed Lost,38865.68
D23636,Sequoia Park Dental,Marcus Bell,Closed Won,13589.17
D23637,Silver Heights Telecom,Priya Shah,Qualified,231760.37
D23638,Granite Lake Construction,Priya Shah,New,81373.51
D23639,Summit Point Dental,Jordan Ellis,Proposal,66738.08
D23640,Laurel Hill Energy,Maya Chen,Closed Won,120458.61
D23641,Juniper Point Consulting,Marcus Bell,Closed Won,10286.28
D23642,Maple Creek Foods,Elena Cruz,Proposal,21230.39
D23643,Cedar Bend Agriculture,Owen Brooks,Proposal,46980.65
D23644,Granite Heights Hospitality,Maya Chen,Proposal,48937.30
D23645,Silver Hill Agriculture,Marcus Bell,New,45046.81
D23646,Juniper Park Foods,Nora Patel,Qualified,72859.63
D23647,Laurel Point Foods,Priya Shah,Closed Won,21713.22
D23648,Summit Crest Telecom,Jordan Ellis,Closed Won,72410.14
D23649,Aspen Valley Agriculture,Lucas Reed,Closed Won,42311.12
D23650,Mesa Crest Consulting,Marcus Bell,Negotiation,23155.21
D23651,Sterling Bend Medical,Maya Chen,Proposal,212907.17
D23652,Cedar Springs Foods,Maya Chen,Negotiation,19129.96
D23653,Orchard Ridge Logistics,Owen Brooks,Proposal,45325.91
D23654,Sequoia Hill Software,Lucas Reed,Closed Won,147885.63
D23655,Cypress Park Energy,Jordan Ellis,New,68742.83
D23656,Juniper Grove Engineering,Lucas Reed,Proposal,35150.54
D23657,Coral Point Software,Nora Patel,Negotiation,128458.56
D23658,Harbor Ridge Dental,Jordan Ellis,Qualified,7509.82
D23659,Granite Grove Software,Maya Chen,Proposal,21545.28
D23660,Redwood Heights Medical,Owen Brooks,Qualified,120405.58
D23661,Orchard Valley Foods,Lucas Reed,Negotiation,63557.30
D23662,Alder Park Foods,Jordan Ellis,Closed Lost,10264.47
D23663,Copper Lake Medical,Marcus Bell,Proposal,40395.63
D23664,Granite Park Hospitality,Priya Shah,Qualified,31973.72
D23665,Pine Valley Consulting,Owen Brooks,Qualified,42767.57
D23666,Mesa Grove Distribution,Jordan Ellis,Qualified,125237.09
D23667,Copper Bend Construction,Marcus Bell,Closed Won,30603.65
D23668,Cedar Heights Telecom,Elena Cruz,Negotiation,96064.55
D23669,Sequoia Crest Retail,Jordan Ellis,Closed Won,52407.30
D23670,Prairie Ridge Construction,Priya Shah,Closed Won,165919.79
D23671,Redwood Springs Foods,Marcus Bell,Proposal,34251.75
D23672,Coral Park Packaging,Elena Cruz,Proposal,102493.37
D23673,Redwood Hill Agriculture,Elena Cruz,Negotiation,49433.73
D23674,Laurel Hill Retail,Owen Brooks,Qualified,19348.64
D23675,Juniper Point Packaging,Elena Cruz,Proposal,45733.27
D23676,Alder Ridge Consulting,Jordan Ellis,Closed Lost,20416.31
D23677,Sequoia Point Construction,Elena Cruz,Proposal,131059.56
D23678,Sequoia Creek Foods,Elena Cruz,Qualified,22073.40
D23679,Cedar Bend Energy,Priya Shah,Qualified,275240.83
D23680,Summit Lake Software,Owen Brooks,Qualified,20911.01
D23681,Juniper Hill Retail,Owen Brooks,New,41615.29
D23682,Summit Springs Hospitality,Owen Brooks,Closed Won,34099.92
D23683,Alder Hill Energy,Lucas Reed,Closed Won,70982.33
D23684,Silver Hill Consulting,Elena Cruz,Qualified,15706.64
D23685,Juniper Bend Construction,Jordan Ellis,Closed Won,48900.57
D23686,Pine Park Packaging,Owen Brooks,Proposal,28779.75
D23687,Laurel Grove Distribution,Maya Chen,Qualified,95146.51
D23688,Maple Heights Foods,Nora Patel,Qualified,61643.55
D23689,Orchard Springs Software,Elena Cruz,Negotiation,165247.39
D23690,Sequoia Heights Manufacturing,Owen Brooks,Closed Won,189475.18
D23691,Orchard Park Software,Elena Cruz,New,28444.42
D23692,Granite Heights Engineering,Jordan Ellis,Negotiation,193819.40
D23693,Juniper Crest Dental,Nora Patel,Closed Won,36822.68
D23694,Mesa Grove Agriculture,Maya Chen,Proposal,43542.27
D23695,Sierra Crest Hospitality,Jordan Ellis,Proposal,75048.54
D23696,Sequoia Point Consulting,Owen Brooks,Qualified,27099.51
D23697,Silver Hill Manufacturing,Priya Shah,Closed Won,195047.00
D23698,Cedar Hill Hospitality,Priya Shah,Qualified,43277.64
D23699,Granite Bend Foods,Nora Patel,Proposal,18613.55
D23700,Granite Hill Hospitality,Marcus Bell,New,107155.81
D23701,Redwood Creek Engineering,Jordan Ellis,Qualified,69381.95
D23702,Pine Heights Distribution,Maya Chen,Closed Won,87114.37
D23703,Aspen Grove Agriculture,Jordan Ellis,Proposal,34673.58
D23704,Birch Valley Telecom,Nora Patel,Proposal,118591.86
D23705,Aspen Grove Consulting,Maya Chen,Proposal,26281.32
D23706,Alder Lake Dental,Marcus Bell,Negotiation,37154.71
D23707,Cypress Crest Energy,Elena Cruz,Proposal,75813.85
D23708,Juniper Creek Retail,Maya Chen,Qualified,94376.73
D23709,Redwood Hill Packaging,Priya Shah,Qualified,114018.99
D23710,Birch Hill Packaging,Nora Patel,Closed Won,25038.93
D23711,Aspen Hill Distribution,Maya Chen,Qualified,139061.51
D23712,Redwood Valley Manufacturing,Marcus Bell,New,168832.06
D23713,Juniper Grove Dental,Maya Chen,Qualified,29094.67
D23714,Birch Heights Foods,Owen Brooks,Proposal,67793.14
D23715,Sterling Point Dental,Priya Shah,Negotiation,32604.01
D23716,Mesa Hill Logistics,Maya Chen,Negotiation,76103.12
D23717,Granite Creek Consulting,Priya Shah,New,60708.57
D23718,Sierra Creek Packaging,Marcus Bell,Negotiation,34243.03
D23719,Sierra Springs Consulting,Priya Shah,Negotiation,68516.18
D23720,Alder Springs Agriculture,Marcus Bell,New,22055.76
D23721,Aspen Crest Retail,Jordan Ellis,Proposal,32400.20
D23722,Redwood Valley Hospitality,Lucas Reed,Closed Won,76164.38
D23723,Mesa Valley Retail,Elena Cruz,New,12530.55
D23724,Prairie Point Engineering,Jordan Ellis,Closed Lost,171825.96
D23725,Pine Heights Dental,Maya Chen,Negotiation,37443.23
D23726,Granite Hill Agriculture,Priya Shah,Closed Won,100187.62
D23727,Coral Point Foods,Nora Patel,Closed Lost,66263.79
D23728,Birch Crest Retail,Priya Shah,Qualified,32010.34
D23729,Laurel Valley Dental,Priya Shah,Closed Won,18135.21
D23730,Willow Bend Foods,Priya Shah,Closed Lost,82847.42
D23731,Willow Valley Dental,Lucas Reed,Qualified,6659.55
D23732,Silver Heights Dental,Jordan Ellis,Negotiation,75141.50
D23733,Sequoia Hill Dental,Maya Chen,Qualified,23023.75
D23734,Silver Springs Distribution,Lucas Reed,Closed Won,45155.25
D23735,Juniper Hill Foods,Jordan Ellis,Negotiation,89906.17
D23736,Harbor Creek Software,Lucas Reed,Qualified,10293.56
D23737,Birch Heights Logistics,Marcus Bell,New,42206.04
D23738,Birch Grove Logistics,Elena Cruz,Closed Lost,55292.38
D23739,Sierra Lake Telecom,Elena Cruz,New,132530.24
D23740,Birch Hill Consulting,Owen Brooks,Proposal,25551.76
D23741,Copper Valley Energy,Maya Chen,New,175774.36
D23742,Sterling Springs Engineering,Jordan Ellis,Negotiation,157291.30
D23743,Granite Bend Construction,Nora Patel,Negotiation,151413.47
D23744,Mesa Grove Packaging,Nora Patel,New,63336.25
D23745,Coral Ridge Packaging,Jordan Ellis,Closed Lost,92769.83
D23746,Cypress Bend Logistics,Lucas Reed,New,92620.82
D23747,Mesa Springs Medical,Lucas Reed,Negotiation,18416.78
D23748,Alder Hill Hospitality,Lucas Reed,Closed Lost,80325.07
D23749,Orchard Hill Foods,Owen Brooks,Qualified,31904.31
D23750,Willow Heights Foods,Marcus Bell,New,46602.25
D23751,Mesa Lake Engineering,Nora Patel,Proposal,37706.99
D23752,Pine Crest Software,Maya Chen,Qualified,153755.36
D23753,Cypress Valley Foods,Jordan Ellis,Negotiation,27996.44
D23754,Willow Creek Medical,Owen Brooks,Proposal,69464.75
D23755,Summit Heights Medical,Priya Shah,Proposal,24680.61
D23756,Silver Park Logistics,Elena Cruz,Closed Lost,92918.63
D23757,Aspen Park Medical,Elena Cruz,Qualified,134554.74
D23758,Prairie Heights Foods,Lucas Reed,New,80149.59
D23759,Maple Valley Medical,Lucas Reed,Qualified,34052.53
D23760,Copper Ridge Packaging,Jordan Ellis,Proposal,83254.74
D23761,Silver Hill Distribution,Nora Patel,New,75893.74
D23762,Harbor Bend Engineering,Priya Shah,Qualified,155969.71
D23763,Redwood Springs Medical,Jordan Ellis,Qualified,140787.48
D23764,Coral Ridge Packaging,Jordan Ellis,Negotiation,35029.71
D23765,Summit Grove Retail,Lucas Reed,Qualified,33114.53
D23766,Prairie Springs Distribution,Priya Shah,Closed Won,53407.45
D23767,Juniper Heights Software,Elena Cruz,Closed Won,125903.64
D23768,Cypress Ridge Energy,Nora Patel,Qualified,377786.87
D23769,Cypress Heights Distribution,Marcus Bell,Proposal,149107.71
D23770,Granite Ridge Distribution,Marcus Bell,Negotiation,155230.11
D23771,Orchard Crest Dental,Elena Cruz,Closed Won,10452.30
D23772,Mesa Lake Foods,Nora Patel,Proposal,20984.37
D23773,Laurel Park Foods,Nora Patel,Closed Won,62173.59
D23774,Prairie Bend Packaging,Priya Shah,Negotiation,63258.43
D23775,Cypress Crest Consulting,Maya Chen,New,39023.25
D23776,Coral Ridge Dental,Elena Cruz,Closed Won,22465.33
D23777,Willow Heights Retail,Lucas Reed,Closed Won,27670.34
D23778,Harbor Lake Manufacturing,Owen Brooks,Negotiation,110548.48
D23779,Coral Ridge Distribution,Elena Cruz,Qualified,24845.59
D23780,Pine Park Medical,Jordan Ellis,Proposal,158123.43
D23781,Pine Hill Dental,Marcus Bell,New,59024.02
D23782,Sequoia Bend Energy,Priya Shah,Closed Won,236943.42
D23783,Harbor Lake Hospitality,Marcus Bell,New,57888.22
D23784,Sterling Crest Hospitality,Lucas Reed,Proposal,50971.34
D23785,Cypress Ridge Foods,Owen Brooks,Proposal,22475.67
D23786,Willow Hill Dental,Owen Brooks,Negotiation,13983.24
D23787,Orchard Springs Software,Elena Cruz,Qualified,67136.63
D23788,Birch Grove Logistics,Elena Cruz,New,38856.75
D23789,Coral Point Manufacturing,Owen Brooks,Qualified,293449.24
D23790,Summit Grove Medical,Jordan Ellis,New,145236.95
D23791,Prairie Heights Telecom,Jordan Ellis,Closed Won,51020.34
D23792,Harbor Ridge Consulting,Owen Brooks,Closed Won,38533.76
D23793,Sierra Point Telecom,Jordan Ellis,New,130763.50
D23794,Laurel Creek Foods,Priya Shah,Negotiation,19061.73
D23795,Redwood Crest Retail,Nora Patel,Proposal,46568.10
D23796,Birch Grove Engineering,Nora Patel,Closed Won,127187.15
D23797,Maple Heights Packaging,Maya Chen,Negotiation,66740.50
D23798,Harbor Springs Distribution,Elena Cruz,New,159897.89
D23799,Alder Heights Foods,Owen Brooks,Qualified,73477.15
D23800,Maple Valley Foods,Owen Brooks,Qualified,85959.98
D23801,Copper Lake Medical,Marcus Bell,Proposal,33426.77
D23802,Birch Park Agriculture,Marcus Bell,Qualified,28629.45
D23803,Cedar Heights Construction,Nora Patel,Closed Lost,48593.26
D23804,Juniper Bend Energy,Maya Chen,Qualified,134970.07
D23805,Sierra Ridge Telecom,Priya Shah,Closed Won,152262.48
D23806,Sierra Ridge Hospitality,Lucas Reed,Closed Won,86743.85
D23807,Willow Creek Consulting,Nora Patel,Closed Lost,51664.08
D23808,Sierra Valley Telecom,Elena Cruz,Closed Lost,66422.09
D23809,Mesa Heights Packaging,Owen Brooks,Proposal,30850.32
D23810,Sierra Bend Dental,Owen Brooks,Qualified,30056.65
D23811,Silver Lake Telecom,Lucas Reed,New,99817.92
D23812,Orchard Heights Engineering,Priya Shah,Qualified,209609.56
D23813,Sierra Point Software,Lucas Reed,Negotiation,35849.63
D23814,Alder Valley Manufacturing,Jordan Ellis,Qualified,115888.63
D23815,Harbor Bend Manufacturing,Lucas Reed,Proposal,123349.05
D23816,Willow Creek Dental,Maya Chen,Qualified,53211.12
D23817,Willow Bend Construction,Priya Shah,Proposal,108919.77
D23818,Orchard Park Retail,Priya Shah,Closed Lost,9623.09
D23819,Sierra Ridge Agriculture,Maya Chen,Closed Lost,22584.58
D23820,Silver Valley Consulting,Maya Chen,Proposal,31230.09
D23821,Mesa Point Software,Lucas Reed,Qualified,108247.34
D23822,Juniper Crest Packaging,Lucas Reed,Proposal,77290.98
D23823,Granite Springs Medical,Owen Brooks,Closed Won,149487.79
D23824,Silver Bend Energy,Maya Chen,Qualified,62528.98
D23825,Maple Valley Construction,Owen Brooks,New,225585.95
D23826,Prairie Valley Medical,Maya Chen,Closed Lost,125452.49
D23827,Alder Hill Hospitality,Lucas Reed,Qualified,40967.40
D23828,Mesa Park Packaging,Jordan Ellis,Qualified,57829.47
D23829,Pine Park Agriculture,Jordan Ellis,Proposal,53910.82
D23830,Prairie Creek Medical,Marcus Bell,Negotiation,81828.45
D23831,Birch Bend Distribution,Jordan Ellis,Closed Won,100637.51
D23832,Laurel Grove Hospitality,Priya Shah,Proposal,41105.43
D23833,Birch Heights Foods,Owen Brooks,Closed Lost,65552.33
D23834,Cedar Grove Hospitality,Elena Cruz,Closed Won,103986.23
D23835,Cypress Crest Distribution,Priya Shah,Closed Won,31981.56
D23836,Sierra Crest Foods,Priya Shah,Negotiation,83764.05
D23837,Canyon Grove Packaging,Maya Chen,Closed Lost,96736.01
D23838,Silver Ridge Retail,Jordan Ellis,New,35349.38
D23839,Sierra Ridge Dental,Jordan Ellis,Negotiation,16380.83
D23840,Willow Hill Agriculture,Nora Patel,Negotiation,26189.10
D23841,Cypress Park Engineering,Priya Shah,Qualified,92233.13
D23842,Juniper Grove Software,Lucas Reed,New,84430.64
D23843,Willow Creek Medical,Owen Brooks,Closed Won,110893.64
D23844,Harbor Lake Software,Nora Patel,Closed Lost,42839.32
D23845,Harbor Ridge Logistics,Priya Shah,Qualified,133785.41
D23846,Sierra Park Manufacturing,Maya Chen,Qualified,85177.00
D23847,Granite Springs Logistics,Jordan Ellis,Proposal,51217.07
D23848,Summit Lake Construction,Owen Brooks,Negotiation,45675.67
D23849,Copper Grove Distribution,Elena Cruz,Qualified,38294.49
D23850,Maple Springs Distribution,Marcus Bell,New,97560.46
D23851,Harbor Lake Engineering,Nora Patel,New,123301.67
D23852,Granite Springs Construction,Lucas Reed,Negotiation,145848.62
D23853,Orchard Valley Telecom,Jordan Ellis,Proposal,166242.37
D23854,Canyon Hill Logistics,Priya Shah,Closed Won,62839.91
D23855,Laurel Bend Medical,Marcus Bell,Closed Lost,36950.21
D23856,Silver Hill Dental,Nora Patel,Negotiation,42090.11
D23857,Cedar Springs Engineering,Maya Chen,Closed Won,93797.79
D23858,Prairie Park Medical,Jordan Ellis,Closed Lost,145690.10
D23859,Redwood Grove Agriculture,Nora Patel,Qualified,48051.45
D23860,Willow Valley Packaging,Maya Chen,Qualified,18491.08
D23861,Copper Springs Agriculture,Nora Patel,Proposal,64654.44
D23862,Laurel Hill Medical,Marcus Bell,Proposal,64918.41
D23863,Sierra Creek Distribution,Maya Chen,New,113344.54
D23864,Silver Springs Retail,Elena Cruz,Qualified,72330.95
D23865,Copper Park Logistics,Maya Chen,Proposal,76744.27
D23866,Silver Lake Foods,Marcus Bell,Negotiation,114792.98
D23867,Sterling Bend Software,Elena Cruz,Qualified,43987.67
D23868,Juniper Valley Consulting,Maya Chen,Qualified,48195.60
D23869,Canyon Heights Construction,Owen Brooks,Closed Lost,20660.34
D23870,Sierra Springs Distribution,Elena Cruz,New,148250.90
D23871,Birch Grove Software,Nora Patel,Closed Won,85046.66
D23872,Birch Heights Retail,Marcus Bell,Closed Won,13022.59
D23873,Willow Springs Medical,Lucas Reed,Proposal,163555.84
D23874,Redwood Grove Foods,Priya Shah,Closed Lost,87585.62
D23875,Pine Point Medical,Marcus Bell,Closed Won,62746.31
D23876,Coral Point Foods,Nora Patel,Proposal,53734.81
D23877,Laurel Crest Energy,Maya Chen,Proposal,354000.79
D23878,Prairie Creek Manufacturing,Priya Shah,Closed Won,119507.08
D23879,Cypress Bend Telecom,Lucas Reed,Proposal,123486.84
D23880,Prairie Bend Logistics,Nora Patel,Closed Won,145070.65
D23881,Alder Grove Dental,Lucas Reed,Closed Won,30127.19
D23882,Alder Heights Software,Owen Brooks,Closed Won,50345.21
D23883,Aspen Springs Packaging,Priya Shah,Closed Won,52716.34
D23884,Laurel Springs Engineering,Nora Patel,Qualified,159161.92
D23885,Birch Heights Telecom,Marcus Bell,Proposal,28671.63
D23886,Maple Bend Logistics,Jordan Ellis,New,76097.28
D23887,Willow Springs Medical,Lucas Reed,Closed Won,82554.82
D23888,Sequoia Point Telecom,Priya Shah,New,186299.63
D23889,Canyon Ridge Agriculture,Priya Shah,Qualified,14298.02
D23890,Birch Point Packaging,Owen Brooks,Proposal,85981.27
D23891,Juniper Grove Packaging,Marcus Bell,New,36552.59
D23892,Silver Park Manufacturing,Owen Brooks,Closed Won,80906.70
D23893,Pine Park Energy,Elena Cruz,New,171124.10
D23894,Copper Lake Agriculture,Marcus Bell,Qualified,95771.30
D23895,Laurel Springs Engineering,Nora Patel,New,141832.96
D23896,Sierra Springs Energy,Nora Patel,Closed Won,273548.65
D23897,Sterling Creek Retail,Lucas Reed,Closed Won,89138.81
D23898,Juniper Crest Telecom,Owen Brooks,Closed Won,159017.26
D23899,Sierra Bend Software,Priya Shah,Proposal,72520.98
D23900,Orchard Hill Distribution,Elena Cruz,Closed Won,80799.95
D23901,Cypress Lake Agriculture,Marcus Bell,Qualified,121568.19
D23902,Juniper Park Packaging,Maya Chen,Closed Lost,92165.39
D23903,Silver Park Hospitality,Marcus Bell,Negotiation,34492.56
D23904,Harbor Park Software,Owen Brooks,Proposal,136544.29
D23905,Pine Point Agriculture,Marcus Bell,New,11087.25
D23906,Redwood Ridge Packaging,Elena Cruz,Negotiation,136571.08
D23907,Pine Crest Logistics,Nora Patel,Negotiation,63815.21
D23908,Laurel Creek Packaging,Elena Cruz,Closed Won,26309.28
D23909,Prairie Hill Telecom,Nora Patel,Negotiation,218386.22
D23910,Laurel Creek Foods,Priya Shah,Closed Lost,13793.11
D23911,Cypress Ridge Foods,Owen Brooks,Closed Won,41384.48
D23912,Cypress Crest Manufacturing,Nora Patel,Negotiation,112609.17
D23913,Summit Lake Retail,Marcus Bell,Qualified,45225.06
D23914,Sierra Park Foods,Owen Brooks,New,69847.22
D23915,Aspen Crest Consulting,Nora Patel,New,16176.62
D23916,Juniper Park Energy,Marcus Bell,Qualified,75769.89
D23917,Maple Park Foods,Maya Chen,New,54033.39
D23918,Alder Bend Energy,Lucas Reed,Closed Lost,183274.82
D23919,Summit Hill Logistics,Jordan Ellis,Negotiation,38415.16
D23920,Sequoia Creek Software,Elena Cruz,Closed Won,81267.90
D23921,Harbor Hill Software,Priya Shah,Closed Lost,105853.83
D23922,Copper Bend Construction,Marcus Bell,Closed Lost,229847.06
D23923,Cypress Point Distribution,Lucas Reed,Qualified,91075.31
D23924,Birch Crest Manufacturing,Marcus Bell,Qualified,336715.99
D23925,Willow Grove Packaging,Nora Patel,Proposal,56952.47
D23926,Maple Creek Construction,Elena Cruz,Closed Lost,65200.42
D23927,Birch Lake Software,Maya Chen,Proposal,114560.49
D23928,Orchard Bend Telecom,Marcus Bell,Closed Lost,84615.25
D23929,Sterling Springs Construction,Jordan Ellis,Qualified,58227.77
D23930,Pine Grove Agriculture,Nora Patel,Negotiation,100457.16
D23931,Harbor Park Packaging,Jordan Ellis,Negotiation,92585.51
D23932,Silver Point Distribution,Owen Brooks,New,37932.92
D23933,Mesa Heights Packaging,Owen Brooks,Negotiation,44187.63
D23934,Alder Ridge Logistics,Elena Cruz,Negotiation,80751.84
D23935,Maple Heights Hospitality,Marcus Bell,Qualified,84366.59
D23936,Juniper Grove Energy,Priya Shah,New,231013.39
D23937,Harbor Creek Foods,Lucas Reed,Proposal,17300.06
D23938,Sterling Point Agriculture,Jordan Ellis,Qualified,126315.42
D23939,Juniper Springs Dental,Lucas Reed,Proposal,54512.29
D23940,Birch Grove Telecom,Elena Cruz,Qualified,69731.25
D23941,Willow Bend Logistics,Maya Chen,Proposal,53765.69
D23942,Cedar Creek Medical,Maya Chen,Proposal,131233.41
D23943,Juniper Park Engineering,Nora Patel,Proposal,56309.84
D23944,Alder Valley Logistics,Nora Patel,New,107994.24
D23945,Laurel Grove Logistics,Jordan Ellis,Negotiation,29727.93
D23946,Summit Crest Engineering,Lucas Reed,Closed Won,60445.06
D23947,Pine Ridge Construction,Priya Shah,Qualified,183016.59
D23948,Coral Crest Telecom,Lucas Reed,New,114481.24
D23949,Cypress Creek Energy,Marcus Bell,Proposal,160282.97
D23950,Copper Valley Consulting,Elena Cruz,Qualified,20039.47
D23951,Sierra Heights Foods,Marcus Bell,Negotiation,11739.60
D23952,Laurel Park Hospitality,Marcus Bell,Proposal,128294.50
D23953,Cypress Heights Agriculture,Elena Cruz,Qualified,84021.94
D23954,Harbor Grove Distribution,Jordan Ellis,Qualified,107642.87
D23955,Laurel Bend Construction,Jordan Ellis,New,83330.64
D23956,Aspen Valley Consulting,Priya Shah,Closed Lost,44288.48
D23957,Birch Crest Hospitality,Lucas Reed,Qualified,86726.44
D23958,Pine Lake Manufacturing,Marcus Bell,Proposal,139763.11
D23959,Canyon Heights Telecom,Marcus Bell,Closed Won,110644.26
D23960,Orchard Bend Medical,Lucas Reed,Closed Won,35334.44
D23961,Harbor Heights Packaging,Owen Brooks,Negotiation,76620.21
D23962,Sequoia Grove Software,Marcus Bell,Closed Won,22800.25
D23963,Orchard Heights Medical,Nora Patel,Negotiation,39143.77
D23964,Birch Point Hospitality,Elena Cruz,Qualified,136199.20
D23965,Laurel Bend Energy,Maya Chen,Proposal,216543.58
D23966,Juniper Crest Energy,Maya Chen,Negotiation,86350.29
D23967,Alder Valley Manufacturing,Jordan Ellis,New,206345.82
D23968,Pine Ridge Engineering,Priya Shah,Proposal,51064.70
D23969,Coral Valley Manufacturing,Priya Shah,Closed Won,167751.98
D23970,Coral Springs Energy,Jordan Ellis,Closed Won,89467.22
D23971,Canyon Grove Telecom,Elena Cruz,Proposal,67204.83
D23972,Granite Point Consulting,Priya Shah,Negotiation,47375.28
D23973,Birch Park Foods,Jordan Ellis,Proposal,17402.88
D23974,Alder Hill Retail,Priya Shah,Closed Lost,46761.96
D23975,Copper Grove Construction,Owen Brooks,Proposal,26052.61
D23976,Orchard Bend Energy,Nora Patel,Qualified,247557.15
D23977,Mesa Crest Retail,Maya Chen,Proposal,59769.10
D23978,Alder Heights Consulting,Priya Shah,Qualified,20793.29
D23979,Canyon Lake Foods,Maya Chen,Closed Lost,28018.82
D23980,Pine Point Engineering,Jordan Ellis,New,56285.38
D23981,Aspen Springs Energy,Owen Brooks,Negotiation,182527.41
D23982,Harbor Creek Medical,Owen Brooks,New,160716.86
D23983,Redwood Hill Medical,Elena Cruz,Qualified,47320.83
D23984,Birch Ridge Software,Nora Patel,Closed Won,87153.40
D23985,Sierra Springs Medical,Lucas Reed,Closed Won,101903.15
D23986,Silver Creek Distribution,Owen Brooks,Qualified,156823.96
D23987,Canyon Ridge Hospitality,Marcus Bell,Closed Won,69881.58
D23988,Sierra Lake Telecom,Elena Cruz,Closed Won,146841.80
D23989,Alder Crest Foods,Elena Cruz,Negotiation,44717.33
D23990,Copper Bend Logistics,Lucas Reed,Qualified,26702.67
D23991,Cypress Point Consulting,Jordan Ellis,Closed Won,45859.38
D23992,Prairie Grove Agriculture,Nora Patel,Closed Won,81259.15
D23993,Birch Park Distribution,Nora Patel,Closed Won,65704.60
D23994,Pine Heights Medical,Owen Brooks,Qualified,190910.83
D23995,Silver Hill Foods,Jordan Ellis,Negotiation,31124.31
D23996,Silver Park Logistics,Elena Cruz,New,103601.15
D23997,Silver Creek Agriculture,Nora Patel,Negotiation,112408.46
D23998,Maple Grove Retail,Lucas Reed,Closed Lost,71828.63
D23999,Granite Creek Dental,Elena Cruz,Negotiation,31524.71
D24000,Willow Lake Energy,Marcus Bell,Qualified,267327.49
D24001,Willow Park Packaging,Jordan Ellis,New,83995.38
D24002,Juniper Crest Construction,Jordan Ellis,New,88983.19
D24003,Birch Bend Packaging,Nora Patel,Proposal,38451.53
D24004,Aspen Heights Packaging,Maya Chen,Closed Won,119665.45
D24005,Copper Ridge Manufacturing,Maya Chen,Closed Won,126568.96
D24006,Cypress Crest Hospitality,Elena Cruz,New,117867.24
D24007,Pine Crest Manufacturing,Jordan Ellis,Qualified,30547.61
D24008,Sequoia Point Foods,Elena Cruz,Qualified,70343.01
D24009,Harbor Lake Dental,Lucas Reed,Negotiation,33846.27
D24010,Copper Ridge Foods,Owen Brooks,Closed Won,14152.24
D24011,Orchard Valley Packaging,Marcus Bell,Proposal,20155.17
D24012,Juniper Ridge Retail,Jordan Ellis,Closed Lost,40559.31
D24013,Orchard Springs Packaging,Nora Patel,Proposal,54963.22
D24014,Sierra Creek Dental,Maya Chen,Closed Won,13787.67
D24015,Juniper Heights Retail,Priya Shah,Proposal,27121.97
D24016,Prairie Crest Dental,Marcus Bell,New,45907.14
D24017,Orchard Bend Telecom,Marcus Bell,Closed Won,51017.76
D24018,Pine Grove Medical,Nora Patel,Closed Won,54048.19
D24019,Alder Valley Hospitality,Owen Brooks,Proposal,49009.37
D24020,Laurel Grove Software,Lucas Reed,Negotiation,79820.56
D24021,Summit Park Packaging,Priya Shah,Closed Lost,31643.55
D24022,Cedar Creek Consulting,Owen Brooks,Qualified,49136.64
D24023,Summit Crest Agriculture,Owen Brooks,New,54096.41
D24024,Maple Lake Foods,Owen Brooks,Proposal,34023.74
D24025,Cedar Grove Dental,Priya Shah,Closed Lost,13219.76
D24026,Redwood Point Medical,Marcus Bell,Proposal,93889.96
D24027,Birch Ridge Consulting,Jordan Ellis,New,25222.82
D24028,Pine Creek Logistics,Owen Brooks,Qualified,31749.51
D24029,Juniper Park Engineering,Nora Patel,Negotiation,90426.69
D24030,Canyon Valley Telecom,Nora Patel,New,152165.43
D24031,Canyon Heights Foods,Owen Brooks,Proposal,19422.06
D24032,Granite Grove Construction,Maya Chen,New,50790.30
D24033,Maple Grove Telecom,Lucas Reed,Qualified,50132.81
D24034,Mesa Park Construction,Owen Brooks,Qualified,36468.32
D24035,Coral Heights Packaging,Priya Shah,Closed Won,100535.13
D24036,Alder Ridge Energy,Marcus Bell,New,123423.05
D24037,Cedar Valley Energy,Nora Patel,New,137717.73
D24038,Maple Ridge Logistics,Lucas Reed,Qualified,122961.11
D24039,Canyon Springs Dental,Nora Patel,Negotiation,28845.91
D24040,Sequoia Park Construction,Maya Chen,New,73111.12
D24041,Harbor Point Retail,Jordan Ellis,New,32572.78
D24042,Mesa Creek Manufacturing,Elena Cruz,Closed Lost,143758.66
D24043,Maple Valley Foods,Owen Brooks,Qualified,96528.41
D24044,Laurel Park Manufacturing,Owen Brooks,Closed Lost,122818.51
D24045,Sterling Ridge Engineering,Nora Patel,Qualified,57499.46
D24046,Maple Hill Consulting,Nora Patel,Closed Won,67959.24
D24047,Silver Creek Software,Priya Shah,Negotiation,99602.98
D24048,Birch Creek Packaging,Owen Brooks,New,93887.25
D24049,Pine Lake Consulting,Owen Brooks,Closed Won,26452.07
D24050,Sierra Ridge Consulting,Owen Brooks,Proposal,17879.59
D24051,Canyon Point Dental,Priya Shah,Proposal,76631.48
D24052,Sequoia Crest Hospitality,Priya Shah,Qualified,73930.55
D24053,Cedar Creek Logistics,Priya Shah,Proposal,117382.89
D24054,Silver Bend Packaging,Lucas Reed,Negotiation,53836.65
D24055,Granite Crest Packaging,Maya Chen,Negotiation,68649.61
D24056,Silver Grove Energy,Priya Shah,Qualified,123957.56
D24057,Canyon Crest Energy,Lucas Reed,Closed Won,182385.98
D24058,Juniper Ridge Distribution,Maya Chen,Qualified,35673.80
D24059,Birch Creek Software,Marcus Bell,Proposal,83347.63
D24060,Orchard Point Hospitality,Owen Brooks,New,49538.72
D24061,Orchard Crest Medical,Lucas Reed,Qualified,131822.70
D24062,Maple Hill Dental,Maya Chen,Closed Lost,25254.56
D24063,Pine Heights Hospitality,Priya Shah,Closed Lost,71791.85
D24064,Summit Ridge Energy,Elena Cruz,Proposal,56039.97
D24065,Aspen Hill Retail,Jordan Ellis,Proposal,24939.93
D24066,Cypress Crest Telecom,Lucas Reed,Closed Won,231369.04
D24067,Harbor Crest Dental,Owen Brooks,Proposal,12689.99
D24068,Canyon Lake Energy,Owen Brooks,Qualified,331518.50
D24069,Granite Creek Medical,Lucas Reed,Qualified,128099.54
D24070,Granite Grove Hospitality,Owen Brooks,Closed Won,113627.38
D24071,Sierra Ridge Retail,Priya Shah,New,42454.92
D24072,Pine Springs Logistics,Lucas Reed,Closed Lost,44248.19
D24073,Copper Springs Construction,Priya Shah,Closed Won,97799.14
D24074,Laurel Point Telecom,Maya Chen,Proposal,57202.92
D24075,Coral Creek Consulting,Jordan Ellis,Qualified,38639.96
D24076,Sterling Heights Engineering,Owen Brooks,Negotiation,58492.80
D24077,Silver Ridge Foods,Lucas Reed,Closed Won,28596.36
D24078,Harbor Valley Retail,Elena Cruz,Proposal,64639.75
D24079,Birch Park Telecom,Owen Brooks,Negotiation,73834.26
D24080,Willow Creek Packaging,Marcus Bell,Proposal,43912.49
D24081,Harbor Grove Agriculture,Maya Chen,Qualified,99920.43
D24082,Granite Crest Medical,Priya Shah,Qualified,132967.38
D24083,Pine Lake Dental,Jordan Ellis,New,37768.46
D24084,Granite Lake Consulting,Marcus Bell,Qualified,24104.20
D24085,Coral Valley Telecom,Owen Brooks,Qualified,101038.72
D24086,Birch Lake Distribution,Marcus Bell,Qualified,48345.77
D24087,Sequoia Park Hospitality,Owen Brooks,Closed Won,101811.12
D24088,Granite Heights Energy,Maya Chen,Proposal,72058.63
D24089,Aspen Point Dental,Jordan Ellis,New,21387.18
D24090,Cypress Grove Retail,Marcus Bell,Proposal,52804.18
D24091,Summit Heights Medical,Priya Shah,Closed Won,27326.67
D24092,Mesa Point Dental,Maya Chen,Closed Won,43158.11
D24093,Maple Grove Consulting,Maya Chen,Negotiation,53946.17
D24094,Granite Grove Software,Maya Chen,Qualified,69422.19
D24095,Prairie Springs Manufacturing,Nora Patel,Qualified,53272.98
D24096,Silver Ridge Engineering,Lucas Reed,Proposal,44425.50
D24097,Granite Springs Retail,Jordan Ellis,New,65446.32
D24098,Aspen Point Foods,Elena Cruz,Negotiation,68871.83
D24099,Summit Heights Logistics,Elena Cruz,New,95240.03
D24100,Granite Grove Foods,Maya Chen,Proposal,57121.24
D24101,Alder Ridge Hospitality,Marcus Bell,Closed Won,18381.46
D24102,Coral Grove Logistics,Marcus Bell,Proposal,50689.89
D24103,Copper Point Foods,Nora Patel,Closed Won,69004.39
D24104,Maple Ridge Software,Marcus Bell,Proposal,142091.96
D24105,Mesa Bend Foods,Priya Shah,Closed Won,79909.87
D24106,Cedar Bend Packaging,Marcus Bell,New,46799.86
D24107,Laurel Point Retail,Maya Chen,Proposal,42660.19
D24108,Alder Hill Construction,Elena Cruz,Closed Won,104129.33
D24109,Harbor Grove Energy,Lucas Reed,Closed Won,239535.97
D24110,Alder Crest Consulting,Owen Brooks,Closed Lost,46737.31
D24111,Aspen Lake Manufacturing,Maya Chen,Qualified,188109.67
D24112,Redwood Grove Foods,Priya Shah,Closed Won,33253.70
D24113,Prairie Ridge Foods,Priya Shah,New,62329.88
D24114,Sierra Point Distribution,Maya Chen,Qualified,133930.16
D24115,Silver Bend Retail,Owen Brooks,New,51749.74
D24116,Sterling Lake Manufacturing,Jordan Ellis,New,155575.75
D24117,Sequoia Ridge Distribution,Priya Shah,Proposal,128360.29
D24118,Willow Point Packaging,Marcus Bell,New,99950.44
D24119,Birch Heights Agriculture,Lucas Reed,New,36152.43
D24120,Cypress Creek Medical,Priya Shah,New,161764.65
D24121,Orchard Park Dental,Jordan Ellis,Closed Won,56889.54
D24122,Mesa Park Consulting,Priya Shah,Closed Lost,79699.36
D24123,Orchard Hill Packaging,Jordan Ellis,Qualified,109532.87
D24124,Coral Hill Packaging,Owen Brooks,Closed Won,11092.68
D24125,Orchard Crest Hospitality,Nora Patel,Closed Won,68647.41
D24126,Granite Lake Dental,Owen Brooks,Negotiation,26020.15
D24127,Juniper Heights Retail,Priya Shah,Closed Won,82171.55
D24128,Silver Point Dental,Owen Brooks,New,24468.34
D24129,Silver Lake Engineering,Marcus Bell,Qualified,41922.10
D24130,Sterling Crest Distribution,Jordan Ellis,Qualified,55386.10
D24131,Coral Heights Logistics,Nora Patel,Proposal,89039.89
D24132,Cedar Hill Software,Lucas Reed,Qualified,77851.74
D24133,Sierra Point Logistics,Jordan Ellis,New,154259.82
D24134,Maple Hill Packaging,Marcus Bell,Proposal,23588.19
D24135,Maple Lake Foods,Owen Brooks,New,21806.28
D24136,Cedar Springs Telecom,Nora Patel,Proposal,191974.76
D24137,Aspen Valley Manufacturing,Maya Chen,Proposal,148019.28
D24138,Cedar Point Distribution,Jordan Ellis,Proposal,95703.09
D24139,Sterling Valley Logistics,Nora Patel,Qualified,117337.46
D24140,Maple Ridge Retail,Lucas Reed,Proposal,17775.49
D24141,Willow Creek Foods,Lucas Reed,Closed Won,19241.26
D24142,Redwood Hill Agriculture,Elena Cruz,New,33367.61
D24143,Copper Creek Manufacturing,Owen Brooks,New,93333.97
D24144,Sierra Bend Dental,Owen Brooks,Qualified,23627.93
D24145,Mesa Grove Consulting,Owen Brooks,Proposal,37733.30
D24146,Sequoia Park Retail,Nora Patel,New,36528.35
D24147,Summit Valley Engineering,Owen Brooks,Closed Won,88403.07
D24148,Canyon Crest Packaging,Nora Patel,New,80934.65
D24149,Birch Valley Foods,Maya Chen,Qualified,23347.23
D24150,Silver Lake Agriculture,Jordan Ellis,Proposal,106076.32
D24151,Granite Grove Foods,Maya Chen,Qualified,28078.52
D24152,Maple Crest Medical,Owen Brooks,Negotiation,29072.12
D24153,Harbor Ridge Hospitality,Lucas Reed,Proposal,63292.43
D24154,Sequoia Lake Foods,Owen Brooks,Closed Won,20068.85
D24155,Orchard Grove Logistics,Owen Brooks,Closed Won,71565.28
D24156,Coral Valley Engineering,Jordan Ellis,Closed Lost,36230.42
D24157,Sierra Hill Software,Priya Shah,Qualified,30059.28
D24158,Silver Point Telecom,Maya Chen,Proposal,226109.07
D24159,Coral Ridge Foods,Owen Brooks,Negotiation,68955.81
D24160,Laurel Lake Agriculture,Jordan Ellis,Negotiation,33349.24
D24161,Sterling Springs Engineering,Jordan Ellis,Proposal,112873.43
D24162,Harbor Park Telecom,Marcus Bell,Proposal,122286.47
D24163,Sequoia Ridge Medical,Jordan Ellis,Closed Won,53390.75
D24164,Sequoia Bend Manufacturing,Elena Cruz,Qualified,92916.25
D24165,Granite Grove Manufacturing,Jordan Ellis,Proposal,134463.76
D24166,Laurel Park Consulting,Jordan Ellis,Closed Lost,31867.78
D24167,Maple Park Telecom,Nora Patel,Proposal,71910.81
D24168,Aspen Lake Distribution,Elena Cruz,Closed Lost,105858.04
D24169,Canyon Hill Dental,Jordan Ellis,Negotiation,40307.90
D24170,Juniper Park Energy,Marcus Bell,Proposal,46922.36
D24171,Prairie Grove Consulting,Marcus Bell,Closed Lost,68884.75
D24172,Alder Hill Agriculture,Maya Chen,Negotiation,129386.47
D24173,Sterling Hill Software,Elena Cruz,Negotiation,132126.99
D24174,Coral Bend Energy,Elena Cruz,New,131531.56
D24175,Juniper Lake Retail,Lucas Reed,Qualified,98424.14
D24176,Maple Valley Agriculture,Lucas Reed,New,104333.41
D24177,Prairie Bend Manufacturing,Jordan Ellis,Proposal,220936.74
D24178,Cedar Lake Construction,Owen Brooks,Closed Lost,165820.16
D24179,Coral Grove Energy,Nora Patel,Closed Lost,117898.56
D24180,Willow Point Consulting,Nora Patel,Proposal,63450.39
D24181,Harbor Park Packaging,Jordan Ellis,Closed Won,82773.61
D24182,Maple Valley Construction,Owen Brooks,Proposal,120867.13
D24183,Sequoia Lake Dental,Elena Cruz,Closed Lost,51218.81
D24184,Laurel Creek Dental,Owen Brooks,Qualified,11955.09
D24185,Sequoia Lake Consulting,Priya Shah,Closed Lost,32794.42
D24186,Silver Lake Medical,Jordan Ellis,New,181334.81
D24187,Maple Bend Telecom,Jordan Ellis,Negotiation,186695.17
D24188,Cedar Point Distribution,Jordan Ellis,Qualified,40358.04
D24189,Birch Hill Dental,Jordan Ellis,New,59688.11
D24190,Juniper Valley Distribution,Priya Shah,Closed Lost,75946.66
D24191,Sierra Springs Packaging,Jordan Ellis,Closed Won,78105.12
D24192,Pine Hill Software,Maya Chen,New,61594.19
D24193,Orchard Bend Retail,Marcus Bell,Closed Won,39825.69
D24194,Silver Valley Consulting,Maya Chen,Negotiation,47142.89
D24195,Harbor Heights Construction,Marcus Bell,Closed Lost,66026.05
D24196,Silver Hill Retail,Owen Brooks,Proposal,26061.09
D24197,Maple Lake Retail,Marcus Bell,Closed Won,80196.49
D24198,Sterling Ridge Energy,Marcus Bell,Qualified,148195.73
D24199,Prairie Creek Engineering,Jordan Ellis,Proposal,126138.32
D24200,Harbor Lake Foods,Nora Patel,Negotiation,24090.75
D24201,Sterling Grove Hospitality,Marcus Bell,New,85670.78
D24202,Granite Valley Agriculture,Nora Patel,Negotiation,11303.83
D24203,Cypress Heights Agriculture,Elena Cruz,Closed Lost,32590.46
D24204,Silver Lake Energy,Elena Cruz,Qualified,171778.62
D24205,Alder Ridge Logistics,Elena Cruz,Qualified,90987.26
D24206,Alder Lake Consulting,Lucas Reed,New,43667.51
D24207,Pine Creek Agriculture,Marcus Bell,Qualified,15769.88
D24208,Copper Park Hospitality,Jordan Ellis,Proposal,86612.27
D24209,Aspen Heights Agriculture,Priya Shah,Qualified,28288.45
D24210,Willow Ridge Software,Elena Cruz,Closed Lost,73751.93
D24211,Cedar Bend Dental,Maya Chen,Proposal,19821.93
D24212,Sterling Crest Software,Elena Cruz,Proposal,158346.53
D24213,Prairie Point Telecom,Owen Brooks,Qualified,109116.46
D24214,Sequoia Springs Logistics,Nora Patel,Proposal,68079.85
D24215,Sequoia Springs Distribution,Marcus Bell,Proposal,133032.66
D24216,Sterling Bend Consulting,Owen Brooks,Negotiation,64486.02
D24217,Pine Crest Construction,Maya Chen,Proposal,30224.22
D24218,Coral Bend Software,Marcus Bell,New,93136.57
D24219,Granite Park Foods,Lucas Reed,Closed Won,53219.82
D24220,Cedar Point Retail,Priya Shah,Proposal,39323.59
D24221,Redwood Springs Telecom,Lucas Reed,New,167755.92
D24222,Laurel Heights Telecom,Priya Shah,Closed Won,187036.51
D24223,Copper Ridge Distribution,Elena Cruz,Closed Lost,157477.83
D24224,Willow Bend Consulting,Marcus Bell,Negotiation,20171.53
D24225,Redwood Park Energy,Elena Cruz,Negotiation,155260.04
D24226,Aspen Point Manufacturing,Marcus Bell,Closed Won,266550.35
D24227,Alder Hill Consulting,Owen Brooks,Closed Lost,58862.50
D24228,Orchard Park Logistics,Priya Shah,Proposal,33418.36
D24229,Birch Crest Energy,Lucas Reed,New,192478.66
D24230,Sierra Springs Packaging,Jordan Ellis,Qualified,16525.82
D24231,Maple Valley Engineering,Owen Brooks,Qualified,186919.96
D24232,Canyon Heights Retail,Marcus Bell,Qualified,77779.49
D24233,Redwood Park Software,Marcus Bell,Closed Won,25356.75
D24234,Canyon Heights Engineering,Owen Brooks,Negotiation,30254.38
D24235,Silver Point Manufacturing,Lucas Reed,Closed Won,154348.35
D24236,Willow Lake Construction,Nora Patel,New,234526.66
D24237,Aspen Crest Retail,Jordan Ellis,Proposal,51152.40
D24238,Granite Ridge Hospitality,Owen Brooks,Negotiation,104049.08
D24239,Birch Bend Hospitality,Lucas Reed,Proposal,64546.08
D24240,Silver Creek Telecom,Maya Chen,Negotiation,79018.63
D24241,Redwood Point Construction,Jordan Ellis,New,165775.84
D24242,Mesa Lake Foods,Nora Patel,Negotiation,5088.82
D24243,Birch Grove Hospitality,Marcus Bell,Closed Lost,36807.03
D24244,Willow Park Consulting,Priya Shah,Closed Lost,32299.49
D24245,Pine Park Agriculture,Jordan Ellis,New,62054.00
D24246,Laurel Bend Foods,Jordan Ellis,Qualified,88726.49
D24247,Coral Crest Energy,Elena Cruz,Negotiation,356042.36
D24248,Silver Grove Construction,Lucas Reed,Closed Won,94169.98
D24249,Laurel Park Medical,Priya Shah,Qualified,195693.37
D24250,Redwood Hill Retail,Nora Patel,New,12818.80
D24251,Sierra Ridge Construction,Elena Cruz,Proposal,221793.63
D24252,Alder Lake Consulting,Lucas Reed,Negotiation,38483.61
D24253,Alder Creek Software,Marcus Bell,Closed Lost,105118.97
D24254,Aspen Lake Engineering,Owen Brooks,Proposal,48348.01
D24255,Silver Creek Engineering,Priya Shah,Proposal,154889.58
D24256,Mesa Heights Logistics,Lucas Reed,Negotiation,48019.23
D24257,Sierra Creek Packaging,Marcus Bell,Closed Won,116054.65
D24258,Canyon Point Energy,Elena Cruz,Closed Won,187701.49
D24259,Redwood Ridge Hospitality,Jordan Ellis,Proposal,119159.30
D24260,Summit Hill Foods,Lucas Reed,Closed Won,96875.77
D24261,Copper Creek Medical,Priya Shah,Negotiation,31186.79
D24262,Sterling Grove Distribution,Lucas Reed,Qualified,96052.79
D24263,Granite Grove Software,Maya Chen,New,18979.52
D24264,Maple Springs Engineering,Maya Chen,Qualified,48044.09
D24265,Orchard Crest Hospitality,Nora Patel,Proposal,45712.69
D24266,Birch Valley Packaging,Priya Shah,Closed Won,37394.01
D24267,Maple Ridge Logistics,Lucas Reed,Proposal,66047.09
D24268,Birch Heights Consulting,Priya Shah,Proposal,40276.80
D24269,Summit Point Packaging,Nora Patel,Closed Won,77291.39
D24270,Redwood Grove Manufacturing,Lucas Reed,Qualified,67497.15
D24271,Cedar Creek Consulting,Owen Brooks,Closed Lost,17662.96
D24272,Cedar Crest Packaging,Marcus Bell,Proposal,41679.24
D24273,Cedar Creek Hospitality,Lucas Reed,Closed Won,125291.33
D24274,Cedar Ridge Telecom,Lucas Reed,New,244711.40
D24275,Sequoia Lake Engineering,Owen Brooks,Proposal,83990.65
D24276,Mesa Hill Medical,Nora Patel,Proposal,39570.45
D24277,Juniper Ridge Logistics,Jordan Ellis,Qualified,105338.80
D24278,Pine Creek Software,Jordan Ellis,Negotiation,85539.39
D24279,Redwood Bend Consulting,Lucas Reed,Qualified,33712.50
D24280,Canyon Springs Engineering,Jordan Ellis,Closed Won,42332.61
D24281,Alder Bend Engineering,Elena Cruz,Proposal,127961.94
D24282,Sierra Crest Engineering,Priya Shah,Proposal,155959.96
D24283,Cedar Ridge Engineering,Marcus Bell,Closed Lost,101286.24
D24284,Summit Bend Manufacturing,Elena Cruz,Proposal,144982.60
D24285,Granite Grove Software,Maya Chen,Qualified,137626.84
D24286,Mesa Springs Engineering,Owen Brooks,Closed Won,191274.10
D24287,Mesa Crest Logistics,Maya Chen,Proposal,86897.69
D24288,Laurel Point Software,Priya Shah,New,62210.27
D24289,Cypress Heights Telecom,Nora Patel,Proposal,153633.89
D24290,Pine Valley Manufacturing,Marcus Bell,Negotiation,145326.80
D24291,Mesa Grove Consulting,Owen Brooks,Closed Lost,78272.93
D24292,Coral Creek Telecom,Elena Cruz,Closed Won,205263.25
D24293,Cedar Point Logistics,Priya Shah,Qualified,168146.35
D24294,Granite Grove Construction,Maya Chen,New,72252.93
D24295,Coral Grove Telecom,Marcus Bell,Negotiation,248381.08
D24296,Orchard Grove Telecom,Owen Brooks,Qualified,107794.64
D24297,Willow Lake Dental,Lucas Reed,Closed Won,17377.83
D24298,Granite Point Hospitality,Nora Patel,Proposal,75275.23
D24299,Birch Creek Software,Marcus Bell,Proposal,102422.72
D24300,Redwood Grove Packaging,Elena Cruz,Closed Lost,80710.54
D24301,Summit Heights Energy,Marcus Bell,New,244391.72
D24302,Laurel Valley Manufacturing,Nora Patel,New,129391.82
D24303,Copper Lake Logistics,Owen Brooks,Closed Won,99225.64
D24304,Prairie Bend Consulting,Lucas Reed,New,30204.60
D24305,Pine Valley Distribution,Jordan Ellis,Qualified,120264.74
D24306,Summit Bend Energy,Priya Shah,Negotiation,84869.15
D24307,Canyon Point Logistics,Lucas Reed,Closed Won,99120.11
D24308,Coral Crest Consulting,Maya Chen,Closed Won,37190.20
D24309,Canyon Lake Distribution,Marcus Bell,Closed Lost,34678.56
D24310,Canyon Grove Energy,Marcus Bell,Qualified,127227.91
D24311,Orchard Point Medical,Elena Cruz,Qualified,84979.94
D24312,Orchard Lake Consulting,Nora Patel,Qualified,25567.16
D24313,Redwood Ridge Medical,Nora Patel,Negotiation,35549.77
D24314,Mesa Ridge Distribution,Jordan Ellis,New,24304.74
D24315,Willow Point Packaging,Marcus Bell,Proposal,34786.74
D24316,Alder Park Engineering,Jordan Ellis,Closed Won,64694.72
D24317,Canyon Hill Agriculture,Maya Chen,Closed Won,62692.55
D24318,Juniper Grove Medical,Owen Brooks,Negotiation,151602.10
D24319,Willow Heights Software,Marcus Bell,Qualified,99444.00
D24320,Silver Springs Logistics,Elena Cruz,Closed Won,42424.92
D24321,Cypress Crest Construction,Marcus Bell,Proposal,140436.77
D24322,Alder Crest Distribution,Jordan Ellis,Qualified,82189.40
D24323,Laurel Heights Packaging,Nora Patel,Qualified,114656.59
D24324,Pine Point Logistics,Owen Brooks,Negotiation,106085.69
D24325,Mesa Grove Hospitality,Lucas Reed,New,78794.57
D24326,Cypress Creek Manufacturing,Owen Brooks,Proposal,250904.41
D24327,Mesa Point Agriculture,Owen Brooks,Proposal,69640.11
D24328,Sierra Lake Consulting,Jordan Ellis,New,56257.99
D24329,Birch Springs Manufacturing,Priya Shah,Closed Lost,241365.13
D24330,Mesa Valley Medical,Priya Shah,Proposal,27199.63
D24331,Granite Park Telecom,Jordan Ellis,Proposal,50538.03
D24332,Redwood Ridge Medical,Nora Patel,Proposal,81557.33
D24333,Harbor Point Consulting,Nora Patel,Closed Lost,51996.08
D24334,Willow Springs Software,Owen Brooks,Closed Lost,80644.44
D24335,Harbor Point Software,Lucas Reed,Closed Won,147335.70
D24336,Copper Crest Retail,Lucas Reed,Qualified,45285.24
D24337,Sterling Ridge Packaging,Maya Chen,Closed Lost,34398.50
D24338,Birch Crest Engineering,Elena Cruz,Closed Won,72912.33
D24339,Prairie Bend Distribution,Marcus Bell,Closed Won,112975.49
D24340,Redwood Ridge Telecom,Maya Chen,Proposal,253928.10
D24341,Laurel Crest Packaging,Lucas Reed,Closed Won,94302.94
D24342,Mesa Crest Consulting,Marcus Bell,New,82168.53
D24343,Maple Park Engineering,Maya Chen,Qualified,52186.42
D24344,Mesa Valley Hospitality,Marcus Bell,Closed Won,70583.31
D24345,Harbor Point Medical,Owen Brooks,Closed Won,138234.17
D24346,Cypress Valley Manufacturing,Priya Shah,New,133480.21
D24347,Prairie Point Manufacturing,Priya Shah,Closed Lost,361499.46
D24348,Cypress Ridge Retail,Marcus Bell,New,106759.15
D24349,Cypress Hill Consulting,Maya Chen,New,18901.00
D24350,Prairie Springs Medical,Jordan Ellis,New,113618.02
D24351,Mesa Crest Energy,Jordan Ellis,New,352307.64
D24352,Redwood Ridge Dental,Owen Brooks,New,49374.57
D24353,Willow Park Retail,Marcus Bell,New,16263.21
D24354,Mesa Bend Energy,Jordan Ellis,Closed Lost,84777.84
D24355,Prairie Lake Dental,Jordan Ellis,Qualified,14533.07
D24356,Prairie Hill Foods,Maya Chen,Negotiation,53635.00
D24357,Cedar Springs Retail,Nora Patel,Closed Lost,46162.93
D24358,Sierra Valley Agriculture,Priya Shah,Negotiation,40037.56
D24359,Redwood Grove Construction,Priya Shah,Closed Won,79616.05
D24360,Cedar Crest Software,Lucas Reed,Negotiation,52431.94
D24361,Summit Valley Telecom,Marcus Bell,New,71921.62
D24362,Pine Creek Energy,Maya Chen,Proposal,192392.60
D24363,Granite Valley Dental,Owen Brooks,Closed Won,28013.63
D24364,Summit Crest Medical,Owen Brooks,Negotiation,142290.54
D24365,Aspen Springs Construction,Maya Chen,Qualified,139246.08
D24366,Harbor Crest Construction,Priya Shah,Closed Won,104974.89
D24367,Laurel Springs Telecom,Elena Cruz,Proposal,91017.64
D24368,Sequoia Bend Agriculture,Owen Brooks,Closed Won,61047.19
D24369,Sierra Ridge Logistics,Priya Shah,Proposal,142102.24
D24370,Sierra Valley Agriculture,Priya Shah,Negotiation,68734.53
D24371,Coral Heights Distribution,Marcus Bell,New,30448.72
D24372,Cedar Bend Foods,Lucas Reed,Proposal,39229.81
D24373,Harbor Lake Telecom,Elena Cruz,Proposal,161382.22
D24374,Cypress Valley Engineering,Jordan Ellis,Qualified,191778.91
D24375,Juniper Crest Engineering,Jordan Ellis,New,88315.60
D24376,Alder Grove Hospitality,Marcus Bell,Closed Won,24063.29
D24377,Birch Grove Construction,Nora Patel,Closed Won,98368.69
D24378,Pine Hill Consulting,Lucas Reed,Proposal,7900.88
D24379,Coral Point Manufacturing,Owen Brooks,Proposal,253042.59
D24380,Granite Crest Engineering,Nora Patel,Closed Won,152831.43
D24381,Laurel Heights Energy,Lucas Reed,Proposal,224348.24
D24382,Coral Valley Consulting,Elena Cruz,Closed Lost,23326.18
D24383,Mesa Ridge Medical,Maya Chen,Qualified,157409.28
D24384,Aspen Springs Logistics,Nora Patel,Proposal,175006.84
D24385,Copper Grove Retail,Marcus Bell,Closed Lost,87114.88
D24386,Orchard Heights Distribution,Owen Brooks,Proposal,150011.20
D24387,Pine Springs Hospitality,Elena Cruz,New,56899.97
D24388,Sierra Point Energy,Priya Shah,Closed Won,197380.44
D24389,Summit Ridge Dental,Priya Shah,Proposal,43875.21
D24390,Prairie Valley Retail,Priya Shah,Closed Lost,12548.39
D24391,Pine Crest Hospitality,Owen Brooks,New,66850.42
D24392,Birch Springs Energy,Maya Chen,Closed Won,276303.92
D24393,Harbor Bend Construction,Priya Shah,Qualified,108213.82
D24394,Sterling Hill Construction,Elena Cruz,Proposal,114391.51
D24395,Sequoia Bend Dental,Maya Chen,Proposal,12409.15
D24396,Cypress Hill Telecom,Lucas Reed,Proposal,36557.60
D24397,Cypress Creek Manufacturing,Owen Brooks,Closed Won,67593.48
D24398,Willow Grove Agriculture,Maya Chen,Closed Lost,37935.33
D24399,Birch Hill Agriculture,Maya Chen,Closed Lost,106148.84
D24400,Willow Springs Engineering,Owen Brooks,Negotiation,90644.65
D24401,Maple Ridge Telecom,Lucas Reed,Negotiation,178290.33
D24402,Prairie Springs Consulting,Maya Chen,Closed Lost,47519.25
D24403,Mesa Creek Consulting,Nora Patel,Closed Lost,47569.91
D24404,Harbor Crest Energy,Jordan Ellis,Negotiation,182603.46
D24405,Prairie Valley Energy,Lucas Reed,New,206024.37
D24406,Aspen Ridge Retail,Lucas Reed,New,82669.36
D24407,Alder Crest Agriculture,Maya Chen,New,39295.76
D24408,Maple Crest Energy,Priya Shah,Closed Won,94465.70
D24409,Sequoia Grove Distribution,Priya Shah,New,27386.29
D24410,Orchard Crest Packaging,Jordan Ellis,Proposal,32374.32
D24411,Coral Valley Medical,Marcus Bell,Closed Won,68572.46
D24412,Silver Crest Distribution,Nora Patel,Qualified,34670.97
D24413,Summit Ridge Logistics,Lucas Reed,Qualified,99499.19
D24414,Maple Ridge Agriculture,Jordan Ellis,Proposal,79705.52
D24415,Cypress Hill Hospitality,Elena Cruz,Qualified,17122.30
D24416,Summit Springs Logistics,Nora Patel,Proposal,157381.24
D24417,Silver Bend Distribution,Nora Patel,Closed Won,22932.94
D24418,Cypress Hill Medical,Jordan Ellis,Qualified,75895.41
D24419,Redwood Lake Foods,Elena Cruz,Closed Won,37625.57
D24420,Pine Ridge Agriculture,Nora Patel,New,25503.94
D24421,Granite Bend Logistics,Elena Cruz,Closed Won,85062.96
D24422,Laurel Point Packaging,Elena Cruz,Qualified,57334.98
D24423,Cypress Park Manufacturing,Lucas Reed,Closed Won,88949.85
D24424,Silver Crest Energy,Maya Chen,New,142440.48
D24425,Cypress Springs Manufacturing,Lucas Reed,Qualified,60632.97
D24426,Redwood Creek Engineering,Jordan Ellis,Proposal,85862.83
D24427,Sierra Heights Dental,Priya Shah,Closed Won,13307.22
D24428,Maple Bend Packaging,Marcus Bell,Closed Won,108599.38
D24429,Summit Heights Foods,Nora Patel,Closed Won,80888.88
D24430,Pine Heights Energy,Priya Shah,Qualified,305936.33
D24431,Birch Hill Medical,Maya Chen,Qualified,86847.25
D24432,Aspen Hill Construction,Lucas Reed,Closed Won,87984.60
D24433,Granite Grove Consulting,Lucas Reed,Proposal,43136.98
D24434,Harbor Springs Energy,Nora Patel,Closed Won,307828.65
D24435,Alder Hill Distribution,Jordan Ellis,Closed Lost,171295.49
D24436,Alder Ridge Software,Nora Patel,Qualified,13095.22
D24437,Sierra Crest Consulting,Marcus Bell,Negotiation,39097.34
D24438,Sequoia Heights Consulting,Jordan Ellis,Proposal,25398.23
D24439,Maple Valley Construction,Owen Brooks,Qualified,79732.85
D24440,Aspen Hill Engineering,Lucas Reed,Proposal,19242.41
D24441,Canyon Bend Manufacturing,Marcus Bell,Negotiation,236470.07
D24442,Juniper Point Engineering,Priya Shah,Closed Lost,130546.14
D24443,Granite Heights Manufacturing,Priya Shah,Proposal,140770.67
D24444,Maple Valley Consulting,Priya Shah,Negotiation,17881.03
D24445,Coral Hill Agriculture,Jordan Ellis,Closed Won,16794.53
D24446,Cedar Springs Logistics,Nora Patel,Closed Won,101227.78
D24447,Cypress Bend Medical,Jordan Ellis,New,210823.65
D24448,Mesa Ridge Medical,Maya Chen,Closed Lost,80566.19
D24449,Redwood Bend Construction,Maya Chen,New,141269.16
D24450,Pine Valley Foods,Elena Cruz,Qualified,74874.74
D24451,Willow Creek Software,Lucas Reed,Qualified,43494.74
D24452,Birch Springs Software,Jordan Ellis,Proposal,103009.79
D24453,Birch Grove Retail,Elena Cruz,Closed Won,10370.92
D24454,Harbor Park Engineering,Owen Brooks,Negotiation,88977.21
D24455,Cypress Heights Foods,Maya Chen,Closed Won,36664.20
D24456,Cedar Crest Agriculture,Owen Brooks,New,108579.45
D24457,Juniper Grove Dental,Maya Chen,Negotiation,43591.64
D24458,Laurel Valley Foods,Marcus Bell,Qualified,61902.39
D24459,Orchard Grove Medical,Marcus Bell,Qualified,77427.36
D24460,Silver Creek Software,Priya Shah,Qualified,27870.79
D24461,Juniper Springs Logistics,Elena Cruz,Qualified,39130.18
D24462,Harbor Creek Engineering,Lucas Reed,Closed Lost,68360.94
D24463,Aspen Heights Logistics,Elena Cruz,Closed Won,72703.88
D24464,Canyon Park Engineering,Jordan Ellis,Qualified,54683.99
D24465,Cedar Creek Agriculture,Maya Chen,Closed Won,9458.28
D24466,Cedar Grove Construction,Marcus Bell,Negotiation,123672.85
D24467,Alder Ridge Distribution,Lucas Reed,Closed Won,49890.07
D24468,Laurel Grove Distribution,Maya Chen,Closed Lost,25020.80
D24469,Redwood Grove Foods,Priya Shah,New,109869.90
D24470,Sierra Ridge Dental,Jordan Ellis,New,35040.80
D24471,Harbor Springs Distribution,Elena Cruz,Closed Won,41554.09
D24472,Willow Grove Distribution,Jordan Ellis,Closed Lost,135796.41
D24473,Maple Springs Hospitality,Owen Brooks,Negotiation,56040.65
D24474,Mesa Crest Construction,Priya Shah,Proposal,203801.63
D24475,Copper Lake Construction,Jordan Ellis,Qualified,49564.59
D24476,Orchard Creek Distribution,Marcus Bell,Qualified,80596.81
D24477,Sierra Heights Logistics,Lucas Reed,New,62380.82
D24478,Cypress Bend Dental,Priya Shah,Closed Won,24053.27
D24479,Pine Grove Retail,Maya Chen,Proposal,56848.76
D24480,Redwood Heights Telecom,Jordan Ellis,Closed Won,66150.64
D24481,Alder Crest Retail,Priya Shah,Closed Won,51359.23
D24482,Sierra Springs Agriculture,Lucas Reed,Qualified,18775.14
D24483,Orchard Creek Telecom,Nora Patel,Proposal,133735.11
D24484,Granite Valley Software,Priya Shah,Proposal,34797.86
D24485,Sterling Hill Packaging,Nora Patel,Proposal,109876.62
D24486,Sterling Hill Distribution,Jordan Ellis,New,34472.46
D24487,Alder Hill Distribution,Jordan Ellis,Qualified,45448.37
D24488,Birch Lake Agriculture,Elena Cruz,Negotiation,87841.86
D24489,Canyon Heights Foods,Owen Brooks,Proposal,10027.46
D24490,Juniper Heights Hospitality,Lucas Reed,Closed Won,31613.26
D24491,Orchard Creek Medical,Elena Cruz,New,37522.11
D24492,Laurel Springs Energy,Marcus Bell,Closed Won,113977.63
D24493,Laurel Ridge Software,Lucas Reed,New,44163.87
D24494,Harbor Creek Distribution,Maya Chen,Proposal,116674.99
D24495,Silver Heights Hospitality,Lucas Reed,Proposal,88872.07
D24496,Canyon Hill Energy,Lucas Reed,Proposal,136570.89
D24497,Laurel Point Foods,Priya Shah,Closed Won,20933.15
D24498,Sequoia Crest Telecom,Jordan Ellis,Negotiation,117389.64
D24499,Summit Hill Telecom,Jordan Ellis,Qualified,207566.09
D24500,Prairie Crest Software,Maya Chen,Closed Won,112852.93
D24501,Canyon Grove Engineering,Nora Patel,New,41077.09
D24502,Summit Grove Dental,Priya Shah,Closed Won,8672.43
D24503,Sierra Ridge Manufacturing,Marcus Bell,Proposal,195872.30
D24504,Sierra Valley Energy,Marcus Bell,Closed Won,249463.62
D24505,Juniper Bend Logistics,Owen Brooks,New,120249.25
D24506,Sierra Hill Energy,Jordan Ellis,Proposal,219910.35
D24507,Birch Hill Retail,Priya Shah,New,74120.50
D24508,Pine Crest Logistics,Nora Patel,Proposal,34928.25
D24509,Sterling Point Dental,Priya Shah,Proposal,15677.28
D24510,Copper Grove Retail,Marcus Bell,Negotiation,50310.74
D24511,Sequoia Bend Construction,Lucas Reed,Proposal,207581.55
D24512,Aspen Lake Dental,Elena Cruz,Closed Won,28037.64
D24513,Sequoia Bend Telecom,Jordan Ellis,Qualified,49657.53
D24514,Sierra Crest Logistics,Maya Chen,Closed Lost,41577.34
D24515,Silver Park Engineering,Nora Patel,Proposal,118525.16
D24516,Willow Heights Agriculture,Jordan Ellis,Closed Won,102899.52
D24517,Granite Grove Software,Maya Chen,Negotiation,20928.79
D24518,Orchard Park Agriculture,Maya Chen,Closed Lost,82396.65
D24519,Summit Valley Manufacturing,Maya Chen,Qualified,66066.94
D24520,Maple Creek Distribution,Jordan Ellis,New,87063.25
D24521,Granite Hill Software,Nora Patel,New,33989.07
D24522,Alder Grove Manufacturing,Owen Brooks,Qualified,121578.15
D24523,Sterling Ridge Hospitality,Marcus Bell,Proposal,80107.12
D24524,Cypress Grove Manufacturing,Maya Chen,Qualified,116973.14
D24525,Cedar Valley Logistics,Marcus Bell,Negotiation,105231.22
D24526,Pine Springs Consulting,Maya Chen,Closed Lost,31648.58
D24527,Cypress Heights Foods,Maya Chen,Closed Won,31952.46
D24528,Birch Springs Medical,Marcus Bell,Proposal,159783.19
D24529,Orchard Ridge Manufacturing,Priya Shah,Qualified,80386.03
D24530,Copper Bend Energy,Elena Cruz,Proposal,314904.80
D24531,Maple Bend Medical,Owen Brooks,New,38790.88
D24532,Willow Point Medical,Owen Brooks,Qualified,137811.26
D24533,Mesa Ridge Logistics,Priya Shah,Negotiation,26343.98
D24534,Copper Valley Construction,Jordan Ellis,Negotiation,83666.34
D24535,Copper Springs Foods,Priya Shah,Closed Lost,102906.24
D24536,Cedar Crest Dental,Maya Chen,Negotiation,21123.65
D24537,Juniper Grove Agriculture,Owen Brooks,Negotiation,120428.17
D24538,Birch Creek Medical,Jordan Ellis,Qualified,58777.71
D24539,Pine Grove Packaging,Elena Cruz,Qualified,97217.59
D24540,Orchard Heights Foods,Priya Shah,Closed Lost,55840.07
D24541,Birch Point Energy,Elena Cruz,Qualified,176733.93
D24542,Cypress Crest Packaging,Owen Brooks,Closed Lost,11574.13
D24543,Willow Grove Manufacturing,Marcus Bell,Negotiation,215280.94
D24544,Prairie Springs Construction,Marcus Bell,Negotiation,21801.13
D24545,Cedar Creek Distribution,Jordan Ellis,Closed Lost,47199.62
D24546,Pine Grove Foods,Priya Shah,New,6400.02
D24547,Willow Heights Engineering,Marcus Bell,Proposal,106259.30
D24548,Sterling Valley Construction,Maya Chen,Qualified,118028.37
D24549,Birch Springs Dental,Nora Patel,Negotiation,42679.18
D24550,Silver Bend Manufacturing,Priya Shah,Closed Won,169354.16
D24551,Sierra Creek Retail,Jordan Ellis,Proposal,48921.53
D24552,Sequoia Heights Retail,Elena Cruz,Proposal,74915.10
D24553,Birch Hill Foods,Elena Cruz,Negotiation,11119.14
D24554,Canyon Bend Manufacturing,Marcus Bell,Qualified,123976.12
D24555,Birch Ridge Packaging,Maya Chen,Qualified,33343.51
D24556,Redwood Springs Retail,Lucas Reed,Proposal,9650.38
D24557,Mesa Park Distribution,Elena Cruz,New,71485.17
D24558,Canyon Point Hospitality,Elena Cruz,Qualified,68765.50
D24559,Harbor Ridge Foods,Elena Cruz,Qualified,57689.17
D24560,Coral Bend Manufacturing,Nora Patel,New,158067.72
D24561,Pine Heights Retail,Jordan Ellis,Closed Lost,23824.12
D24562,Prairie Crest Construction,Maya Chen,Proposal,138562.41
D24563,Canyon Crest Medical,Maya Chen,Qualified,129670.40
D24564,Cypress Heights Hospitality,Owen Brooks,Proposal,58752.92
D24565,Summit Springs Engineering,Maya Chen,Proposal,47631.99
D24566,Juniper Point Retail,Maya Chen,Qualified,63029.43
D24567,Mesa Bend Energy,Jordan Ellis,Negotiation,190760.46
D24568,Harbor Bend Logistics,Maya Chen,Closed Won,76714.94
D24569,Cedar Heights Dental,Lucas Reed,Qualified,20929.52
D24570,Canyon Bend Consulting,Owen Brooks,Proposal,18186.56
D24571,Silver Point Engineering,Priya Shah,Qualified,173991.20
D24572,Mesa Hill Construction,Priya Shah,Negotiation,144817.70
D24573,Silver Springs Manufacturing,Owen Brooks,Qualified,133495.26
D24574,Sequoia Valley Engineering,Owen Brooks,Proposal,89067.23
D24575,Cypress Park Software,Priya Shah,Closed Lost,71763.47
D24576,Juniper Bend Construction,Jordan Ellis,Proposal,50368.36
D24577,Maple Hill Logistics,Jordan Ellis,Closed Won,25779.05
D24578,Redwood Bend Hospitality,Owen Brooks,Negotiation,40948.91
D24579,Canyon Bend Manufacturing,Marcus Bell,New,343481.76
D24580,Sequoia Hill Telecom,Jordan Ellis,New,171460.91
D24581,Cedar Valley Consulting,Priya Shah,Negotiation,23726.85
D24582,Summit Park Manufacturing,Jordan Ellis,Closed Won,280940.45
D24583,Sterling Heights Distribution,Elena Cruz,New,73574.41
D24584,Alder Grove Hospitality,Marcus Bell,Negotiation,131176.35
D24585,Mesa Lake Retail,Elena Cruz,Negotiation,72404.08
D24586,Alder Lake Distribution,Marcus Bell,New,57609.24
D24587,Harbor Creek Consulting,Nora Patel,Qualified,14274.71
D24588,Alder Creek Dental,Priya Shah,New,29616.40
D24589,Coral Grove Foods,Owen Brooks,Closed Lost,70031.47
D24590,Redwood Hill Telecom,Nora Patel,Qualified,133580.41
D24591,Pine Park Manufacturing,Nora Patel,Closed Won,236725.18
D24592,Aspen Valley Engineering,Owen Brooks,New,162877.40
D24593,Canyon Ridge Medical,Priya Shah,Closed Won,119822.80
D24594,Redwood Park Engineering,Marcus Bell,New,54526.60
D24595,Summit Point Engineering,Elena Cruz,New,40858.44
D24596,Mesa Hill Logistics,Maya Chen,Qualified,55688.07
D24597,Silver Ridge Dental,Maya Chen,Closed Won,49238.60
D24598,Granite Grove Dental,Marcus Bell,Closed Won,12852.05
D24599,Granite Grove Dental,Marcus Bell,Negotiation,5609.79
D24600,Mesa Heights Construction,Marcus Bell,Closed Lost,90557.56
D24601,Juniper Grove Consulting,Nora Patel,Closed Won,20184.36
D24602,Granite Springs Dental,Maya Chen,Qualified,50340.56
D24603,Granite Bend Telecom,Elena Cruz,Closed Won,61024.05
D24604,Harbor Grove Distribution,Jordan Ellis,Closed Lost,47847.98
D24605,Canyon Ridge Manufacturing,Owen Brooks,Proposal,119780.68
D24606,Pine Grove Foods,Priya Shah,Qualified,76987.58
D24607,Laurel Springs Consulting,Jordan Ellis,Negotiation,12119.18
D24608,Cypress Springs Distribution,Owen Brooks,Qualified,133458.64
D24609,Summit Grove Medical,Jordan Ellis,Proposal,135342.94
D24610,Summit Hill Packaging,Marcus Bell,Negotiation,61575.03
D24611,Cedar Springs Manufacturing,Jordan Ellis,Qualified,31699.27
D24612,Granite Point Engineering,Owen Brooks,Negotiation,82946.27
D24613,Harbor Ridge Manufacturing,Marcus Bell,New,176136.39
D24614,Alder Ridge Foods,Nora Patel,Closed Won,47724.87
D24615,Aspen Bend Software,Lucas Reed,Qualified,130609.15
D24616,Harbor Grove Medical,Maya Chen,Closed Won,24825.28
D24617,Juniper Heights Energy,Lucas Reed,Closed Won,206196.95
D24618,Prairie Valley Engineering,Elena Cruz,Proposal,116635.07
D24619,Summit Point Energy,Lucas Reed,Qualified,105783.17
D24620,Pine Springs Hospitality,Elena Cruz,Closed Won,87262.35
D24621,Cypress Grove Foods,Owen Brooks,New,29592.79
D24622,Coral Valley Foods,Jordan Ellis,Proposal,85998.42
D24623,Coral Bend Energy,Elena Cruz,Proposal,364800.88
D24624,Laurel Ridge Software,Lucas Reed,Closed Won,22121.10
D24625,Alder Bend Energy,Lucas Reed,Closed Won,163967.36
D24626,Sequoia Crest Energy,Priya Shah,Qualified,98654.02
D24627,Mesa Springs Dental,Elena Cruz,Closed Won,41553.16
D24628,Orchard Hill Manufacturing,Maya Chen,Negotiation,218347.60
D24629,Silver Hill Engineering,Jordan Ellis,Closed Lost,105967.69
D24630,Harbor Crest Hospitality,Jordan Ellis,Qualified,114433.94
D24631,Sierra Grove Medical,Maya Chen,Closed Won,127311.32
D24632,Mesa Point Hospitality,Priya Shah,Proposal,73131.58
D24633,Summit Springs Logistics,Nora Patel,Proposal,65598.49
D24634,Sequoia Heights Dental,Lucas Reed,Closed Won,30477.63
D24635,Harbor Hill Telecom,Maya Chen,Closed Lost,199324.68
D24636,Willow Heights Consulting,Maya Chen,Qualified,23857.37
D24637,Summit Valley Consulting,Priya Shah,Qualified,70680.55
D24638,Mesa Hill Distribution,Owen Brooks,Closed Lost,25760.07
D24639,Prairie Creek Engineering,Jordan Ellis,Closed Lost,61016.85
D24640,Juniper Ridge Energy,Priya Shah,Negotiation,281650.43
D24641,Mesa Bend Consulting,Marcus Bell,New,14009.64
D24642,Alder Heights Energy,Nora Patel,Proposal,86114.69
D24643,Willow Hill Consulting,Marcus Bell,Proposal,42881.40
D24644,Alder Park Distribution,Nora Patel,New,77507.14
D24645,Juniper Springs Manufacturing,Owen Brooks,Negotiation,264197.95
D24646,Sequoia Creek Foods,Elena Cruz,New,22339.91
D24647,Granite Point Logistics,Marcus Bell,Negotiation,115725.13
D24648,Sterling Ridge Construction,Nora Patel,Negotiation,179709.66
D24649,Aspen Bend Packaging,Marcus Bell,Closed Lost,88867.64
D24650,Juniper Heights Foods,Elena Cruz,New,13606.35
D24651,Cypress Point Telecom,Elena Cruz,Proposal,189951.69
D24652,Laurel Heights Dental,Jordan Ellis,Negotiation,57660.14
D24653,Copper Bend Retail,Lucas Reed,Proposal,66243.20
D24654,Sierra Bend Energy,Jordan Ellis,Proposal,173226.62
D24655,Willow Valley Distribution,Lucas Reed,Negotiation,20546.53
D24656,Redwood Bend Packaging,Priya Shah,Negotiation,112441.72
D24657,Laurel Crest Hospitality,Maya Chen,Closed Lost,54642.25
D24658,Aspen Valley Distribution,Elena Cruz,Proposal,42652.06
D24659,Cedar Lake Logistics,Marcus Bell,Qualified,92587.94
D24660,Harbor Valley Construction,Nora Patel,Negotiation,39359.94
D24661,Pine Grove Engineering,Priya Shah,New,149163.81
D24662,Canyon Creek Dental,Priya Shah,Negotiation,35888.29
D24663,Granite Lake Construction,Priya Shah,Proposal,174679.86
D24664,Alder Hill Agriculture,Maya Chen,New,72279.30
D24665,Orchard Creek Foods,Maya Chen,Qualified,36402.02
D24666,Birch Creek Telecom,Lucas Reed,Closed Won,91150.70
D24667,Cedar Creek Packaging,Nora Patel,Closed Won,52796.48
D24668,Mesa Point Engineering,Lucas Reed,Proposal,60346.51
D24669,Prairie Springs Retail,Lucas Reed,Closed Won,42962.49
D24670,Mesa Valley Consulting,Jordan Ellis,Proposal,36628.57
D24671,Silver Creek Consulting,Marcus Bell,Proposal,88887.04
D24672,Laurel Valley Dental,Priya Shah,Closed Won,41703.20
D24673,Sterling Grove Hospitality,Marcus Bell,Proposal,15347.72
D24674,Silver Valley Retail,Lucas Reed,Qualified,54609.71
D24675,Juniper Point Telecom,Maya Chen,Closed Lost,108704.12
D24676,Birch Point Dental,Priya Shah,Closed Won,40631.64
D24677,Granite Point Energy,Nora Patel,New,186900.29
D24678,Cedar Lake Logistics,Marcus Bell,Closed Won,56017.99
D24679,Maple Hill Energy,Priya Shah,Closed Lost,203545.10
D24680,Willow Park Telecom,Marcus Bell,Proposal,181591.74
D24681,Redwood Grove Logistics,Maya Chen,New,36425.77
D24682,Redwood Valley Software,Elena Cruz,Proposal,68361.37
D24683,Mesa Creek Consulting,Nora Patel,Qualified,48229.17
D24684,Alder Springs Retail,Owen Brooks,Proposal,40522.01
D24685,Cedar Grove Telecom,Lucas Reed,Closed Won,142368.46
D24686,Redwood Valley Foods,Elena Cruz,New,14556.78
D24687,Cypress Lake Packaging,Lucas Reed,Closed Won,33797.92
D24688,Harbor Lake Foods,Nora Patel,Qualified,35154.34
D24689,Sterling Heights Engineering,Owen Brooks,Closed Won,161142.45
D24690,Aspen Ridge Distribution,Priya Shah,New,66572.57
D24691,Aspen Lake Software,Owen Brooks,Closed Lost,106959.87
D24692,Laurel Crest Manufacturing,Priya Shah,Closed Won,195732.29
D24693,Aspen Valley Hospitality,Nora Patel,Closed Lost,71053.19
D24694,Aspen Springs Manufacturing,Jordan Ellis,Closed Lost,236616.53
D24695,Prairie Park Medical,Jordan Ellis,Closed Won,48988.23
D24696,Willow Ridge Packaging,Nora Patel,New,66337.08
D24697,Silver Point Telecom,Maya Chen,Proposal,191062.85
D24698,Sierra Lake Distribution,Lucas Reed,Proposal,150365.21
D24699,Summit Heights Agriculture,Priya Shah,Proposal,111984.28
D24700,Juniper Bend Agriculture,Marcus Bell,Qualified,125955.25
D24701,Mesa Ridge Agriculture,Maya Chen,Closed Won,32211.28
D24702,Canyon Valley Software,Maya Chen,Proposal,133489.68
D24703,Birch Valley Dental,Marcus Bell,Proposal,13776.56
D24704,Laurel Point Retail,Maya Chen,Closed Lost,46370.69
D24705,Copper Ridge Consulting,Priya Shah,Qualified,24646.57
D24706,Sterling Park Agriculture,Marcus Bell,New,27109.47
D24707,Alder Crest Logistics,Priya Shah,Qualified,65946.20
D24708,Pine Bend Packaging,Priya Shah,New,24834.41
D24709,Redwood Bend Energy,Owen Brooks,New,230470.40
D24710,Mesa Point Consulting,Nora Patel,Closed Lost,45269.98
D24711,Summit Grove Foods,Marcus Bell,Proposal,39886.77
D24712,Willow Ridge Hospitality,Lucas Reed,Closed Won,27035.93
D24713,Silver Point Construction,Priya Shah,Negotiation,221601.60
D24714,Cedar Heights Distribution,Lucas Reed,Closed Won,130967.87
D24715,Pine Point Software,Jordan Ellis,Qualified,41390.32
D24716,Sierra Ridge Retail,Priya Shah,Qualified,70753.46
D24717,Juniper Heights Agriculture,Maya Chen,Qualified,76911.08
D24718,Maple Lake Foods,Owen Brooks,Closed Lost,19751.36
D24719,Cedar Heights Energy,Marcus Bell,Qualified,274519.77
D24720,Aspen Park Construction,Maya Chen,Proposal,59142.51
D24721,Aspen Crest Software,Lucas Reed,Proposal,40143.67
D24722,Pine Heights Logistics,Jordan Ellis,Qualified,33341.82
D24723,Redwood Hill Medical,Elena Cruz,New,89811.70
D24724,Sterling Ridge Distribution,Lucas Reed,Proposal,89044.00
D24725,Juniper Grove Energy,Priya Shah,Closed Lost,62445.71
D24726,Canyon Creek Packaging,Owen Brooks,Proposal,121421.95
D24727,Harbor Ridge Manufacturing,Marcus Bell,Qualified,253120.61
D24728,Juniper Lake Manufacturing,Nora Patel,New,89667.85
D24729,Redwood Bend Packaging,Priya Shah,Proposal,47167.64
D24730,Sequoia Point Distribution,Jordan Ellis,Closed Won,29537.68
D24731,Silver Park Hospitality,Marcus Bell,Closed Won,117033.66
D24732,Sequoia Lake Dental,Elena Cruz,Qualified,27139.76
D24733,Sequoia Park Consulting,Lucas Reed,Proposal,24474.52
D24734,Birch Heights Hospitality,Nora Patel,Proposal,15209.05
D24735,Orchard Lake Foods,Lucas Reed,New,21838.50
D24736,Sierra Ridge Dental,Jordan Ellis,Negotiation,27006.99
D24737,Sequoia Park Hospitality,Owen Brooks,Closed Won,27815.33
D24738,Granite Valley Foods,Priya Shah,Qualified,57356.77
D24739,Willow Lake Distribution,Lucas Reed,New,38470.32
D24740,Pine Springs Consulting,Maya Chen,Negotiation,20821.72
D24741,Coral Grove Packaging,Jordan Ellis,Closed Lost,38253.72
D24742,Harbor Bend Foods,Priya Shah,Qualified,36993.98
D24743,Alder Hill Engineering,Elena Cruz,New,40348.84
D24744,Sequoia Park Dental,Marcus Bell,Proposal,36426.42
D24745,Silver Heights Software,Elena Cruz,Closed Won,35058.74
D24746,Coral Lake Foods,Jordan Ellis,Closed Won,10746.16
D24747,Cypress Heights Consulting,Lucas Reed,New,36308.87
D24748,Sequoia Valley Energy,Nora Patel,New,270519.13
D24749,Juniper Point Energy,Jordan Ellis,Qualified,113969.71
D24750,Birch Heights Foods,Owen Brooks,Closed Won,26823.14
D24751,Maple Heights Retail,Elena Cruz,Closed Won,72694.21
D24752,Mesa Valley Retail,Elena Cruz,Qualified,96424.57
D24753,Alder Springs Software,Jordan Ellis,Negotiation,166183.43
D24754,Summit Crest Software,Lucas Reed,Proposal,44668.64
D24755,Juniper Valley Consulting,Maya Chen,Proposal,24733.17
D24756,Harbor Lake Consulting,Jordan Ellis,Negotiation,39433.20
D24757,Coral Creek Consulting,Jordan Ellis,Negotiation,15896.01
D24758,Sterling Grove Consulting,Jordan Ellis,Closed Won,69595.71
D24759,Cypress Lake Retail,Owen Brooks,New,73393.27
D24760,Alder Lake Construction,Maya Chen,Proposal,68427.05
D24761,Aspen Valley Dental,Elena Cruz,Qualified,11050.37
D24762,Redwood Lake Medical,Maya Chen,Qualified,80875.21
D24763,Sequoia Crest Packaging,Marcus Bell,New,70760.35
D24764,Prairie Valley Construction,Elena Cruz,Proposal,67016.10
D24765,Copper Crest Energy,Elena Cruz,Proposal,259811.14
D24766,Birch Hill Foods,Elena Cruz,Negotiation,22026.32
D24767,Birch Grove Consulting,Jordan Ellis,Closed Lost,66886.10
D24768,Juniper Point Energy,Jordan Ellis,New,52974.50
D24769,Sierra Hill Foods,Priya Shah,Qualified,29798.20
D24770,Alder Bend Retail,Priya Shah,Closed Lost,72678.39
D24771,Harbor Springs Retail,Marcus Bell,Negotiation,55531.78
D24772,Orchard Creek Construction,Maya Chen,Proposal,52699.30
D24773,Cedar Hill Logistics,Jordan Ellis,Qualified,15181.24
D24774,Coral Bend Medical,Jordan Ellis,Proposal,75957.58
D24775,Alder Heights Telecom,Marcus Bell,Qualified,98353.96
D24776,Redwood Hill Foods,Maya Chen,Negotiation,87109.87
D24777,Pine Hill Hospitality,Owen Brooks,Proposal,42033.36
D24778,Orchard Creek Telecom,Nora Patel,Qualified,96387.68
D24779,Cedar Hill Energy,Priya Shah,Closed Won,211692.20
D24780,Cedar Point Construction,Elena Cruz,Qualified,68613.76
D24781,Granite Hill Retail,Elena Cruz,Closed Won,16951.39
D24782,Harbor Creek Software,Lucas Reed,Negotiation,37031.69
D24783,Laurel Bend Software,Jordan Ellis,Closed Won,19080.29
D24784,Aspen Park Retail,Nora Patel,Qualified,31904.80
D24785,Sierra Hill Retail,Maya Chen,Closed Lost,73830.38
D24786,Sequoia Point Agriculture,Maya Chen,Negotiation,121543.26
D24787,Pine Springs Telecom,Lucas Reed,Closed Won,115006.08
D24788,Sterling Hill Packaging,Nora Patel,Negotiation,87830.01
D24789,Summit Valley Energy,Nora Patel,Closed Won,62593.38
D24790,Copper Point Manufacturing,Owen Brooks,Proposal,306251.33
D24791,Sterling Heights Agriculture,Lucas Reed,New,42468.01
D24792,Laurel Springs Energy,Marcus Bell,Proposal,232085.55
D24793,Cedar Lake Construction,Owen Brooks,New,165649.22
D24794,Willow Springs Packaging,Jordan Ellis,Negotiation,72473.19
D24795,Pine Lake Foods,Elena Cruz,Negotiation,27179.60
D24796,Summit Heights Packaging,Maya Chen,New,55776.82
D24797,Granite Hill Construction,Nora Patel,New,50027.42
D24798,Granite Valley Engineering,Priya Shah,Proposal,109033.51
D24799,Mesa Bend Foods,Priya Shah,Closed Won,42426.36
D24800,Summit Park Dental,Marcus Bell,New,51570.84
D24801,Copper Grove Medical,Lucas Reed,Proposal,46085.39
D24802,Willow Heights Telecom,Lucas Reed,Closed Won,104620.29
D24803,Silver Creek Retail,Maya Chen,Qualified,27176.18
D24804,Sterling Hill Energy,Lucas Reed,New,107227.20
D24805,Redwood Ridge Dental,Owen Brooks,Closed Lost,54185.37
D24806,Birch Heights Logistics,Marcus Bell,Closed Won,39639.94
D24807,Granite Park Medical,Owen Brooks,Closed Lost,218766.50
D24808,Cypress Ridge Foods,Owen Brooks,New,99355.48
D24809,Mesa Springs Foods,Owen Brooks,Closed Won,45232.66
D24810,Cedar Lake Hospitality,Nora Patel,Negotiation,35146.47
D24811,Orchard Valley Packaging,Marcus Bell,Closed Lost,19324.24
D24812,Pine Lake Software,Elena Cruz,Qualified,31342.43
D24813,Juniper Ridge Logistics,Jordan Ellis,Negotiation,36431.61
D24814,Coral Crest Packaging,Owen Brooks,New,82827.15
D24815,Prairie Heights Software,Lucas Reed,Proposal,131403.83
D24816,Pine Heights Foods,Lucas Reed,Qualified,64838.22
D24817,Aspen Park Energy,Owen Brooks,New,94340.52
D24818,Alder Grove Telecom,Elena Cruz,Qualified,172941.96
D24819,Prairie Creek Engineering,Jordan Ellis,Qualified,202145.37
D24820,Maple Hill Foods,Lucas Reed,Qualified,20060.21
D24821,Granite Ridge Dental,Marcus Bell,Proposal,19754.61
D24822,Birch Springs Distribution,Nora Patel,Proposal,46325.74
D24823,Willow Hill Distribution,Owen Brooks,Qualified,20311.11
D24824,Birch Point Retail,Lucas Reed,Closed Lost,100173.12
D24825,Canyon Hill Manufacturing,Marcus Bell,Negotiation,82461.87
D24826,Copper Bend Consulting,Maya Chen,Closed Won,24725.05
D24827,Cypress Creek Dental,Lucas Reed,Qualified,7962.42
D24828,Copper Park Software,Priya Shah,Qualified,60539.11
D24829,Mesa Hill Software,Priya Shah,Proposal,70960.55
D24830,Copper Point Distribution,Lucas Reed,Closed Lost,34559.19
D24831,Sterling Crest Foods,Elena Cruz,Closed Won,61155.86
D24832,Cypress Crest Dental,Priya Shah,Closed Won,72599.95
D24833,Willow Lake Medical,Priya Shah,Closed Won,59848.99
D24834,Maple Point Telecom,Priya Shah,Proposal,27718.02
D24835,Aspen Creek Foods,Elena Cruz,Qualified,32429.51
D24836,Pine Crest Distribution,Marcus Bell,Qualified,50265.90
D24837,Granite Park Telecom,Jordan Ellis,Closed Won,36840.64
D24838,Cypress Lake Medical,Marcus Bell,New,87460.85
D24839,Sierra Heights Construction,Marcus Bell,New,51057.09
D24840,Juniper Heights Distribution,Jordan Ellis,New,16702.78
D24841,Copper Ridge Consulting,Priya Shah,Negotiation,24874.74
D24842,Cedar Point Medical,Maya Chen,Closed Lost,54761.77
D24843,Granite Valley Engineering,Priya Shah,Qualified,128523.50
D24844,Pine Heights Construction,Lucas Reed,Negotiation,28413.52
D24845,Maple Heights Dental,Lucas Reed,Qualified,53719.75
D24846,Mesa Crest Hospitality,Jordan Ellis,New,91305.37
D24847,Prairie Heights Energy,Priya Shah,Negotiation,350846.31
D24848,Alder Heights Distribution,Elena Cruz,Qualified,43309.71
D24849,Prairie Lake Agriculture,Maya Chen,New,38117.88
D24850,Alder Creek Retail,Lucas Reed,Proposal,29234.04
D24851,Juniper Point Distribution,Owen Brooks,Closed Won,34884.38
D24852,Sterling Springs Hospitality,Maya Chen,Closed Lost,89285.54
D24853,Laurel Heights Packaging,Nora Patel,Negotiation,60639.22
D24854,Canyon Lake Retail,Nora Patel,Negotiation,24920.77
D24855,Cedar Crest Agriculture,Owen Brooks,Closed Lost,112003.45
D24856,Summit Springs Construction,Maya Chen,New,34707.11
D24857,Cypress Park Software,Priya Shah,Proposal,29566.90
D24858,Cedar Creek Consulting,Owen Brooks,Qualified,22512.94
D24859,Juniper Bend Distribution,Nora Patel,Negotiation,143667.22
D24860,Sterling Crest Software,Elena Cruz,New,30067.00
D24861,Summit Lake Software,Owen Brooks,Negotiation,51275.23
D24862,Willow Park Construction,Owen Brooks,Proposal,164682.00
D24863,Coral Springs Medical,Nora Patel,Negotiation,210303.77
D24864,Cedar Hill Consulting,Nora Patel,Closed Won,15017.30
D24865,Coral Heights Telecom,Nora Patel,Negotiation,108801.37
D24866,Copper Point Construction,Nora Patel,Closed Won,53859.79
D24867,Copper Park Energy,Jordan Ellis,Closed Won,408585.88
D24868,Harbor Grove Telecom,Priya Shah,Closed Won,63990.82
D24869,Summit Lake Packaging,Jordan Ellis,Closed Won,135804.74
D24870,Maple Creek Energy,Lucas Reed,Qualified,299643.78
D24871,Cypress Park Agriculture,Nora Patel,Proposal,48864.23
D24872,Sequoia Heights Retail,Elena Cruz,Proposal,101478.72
D24873,Granite Crest Distribution,Lucas Reed,Negotiation,21857.94
D24874,Maple Ridge Software,Marcus Bell,Negotiation,62543.05
D24875,Sierra Hill Telecom,Maya Chen,Closed Won,228587.41
D24876,Granite Springs Medical,Owen Brooks,Proposal,36652.84
D24877,Aspen Creek Consulting,Owen Brooks,Proposal,43759.03
D24878,Sierra Lake Construction,Nora Patel,Closed Won,191246.94
D24879,Copper Heights Distribution,Marcus Bell,Qualified,91805.97
D24880,Sequoia Bend Engineering,Lucas Reed,New,163949.86
D24881,Orchard Creek Telecom,Nora Patel,Closed Lost,107155.35
D24882,Maple Heights Construction,Nora Patel,New,126194.50
D24883,Alder Valley Telecom,Nora Patel,Proposal,184822.69
D24884,Prairie Grove Packaging,Elena Cruz,Qualified,48859.15
D24885,Sequoia Crest Agriculture,Owen Brooks,Negotiation,69850.08
D24886,Alder Hill Logistics,Priya Shah,Proposal,51992.80
D24887,Canyon Lake Logistics,Nora Patel,Proposal,36279.97
D24888,Mesa Grove Foods,Elena Cruz,Closed Won,84700.78
D24889,Pine Point Engineering,Jordan Ellis,Negotiation,46861.02
D24890,Sequoia Park Construction,Maya Chen,Closed Lost,47472.39
D24891,Birch Valley Consulting,Lucas Reed,Proposal,24507.63
D24892,Maple Crest Construction,Lucas Reed,Proposal,100447.56
D24893,Willow Hill Dental,Owen Brooks,Qualified,39784.99
D24894,Granite Grove Packaging,Priya Shah,Qualified,54422.25
D24895,Coral Point Packaging,Maya Chen,New,20269.50
D24896,Laurel Heights Medical,Maya Chen,Negotiation,178325.84
D24897,Sequoia Hill Agriculture,Owen Brooks,Closed Lost,65754.78
D24898,Willow Creek Software,Lucas Reed,Proposal,58857.98
D24899,Mesa Ridge Consulting,Owen Brooks,New,26993.63
D24900,Mesa Springs Medical,Lucas Reed,New,156507.48
D24901,Cedar Lake Telecom,Marcus Bell,Proposal,159135.39
D24902,Willow Lake Distribution,Lucas Reed,Closed Won,71806.72
D24903,Prairie Valley Hospitality,Lucas Reed,Qualified,24264.96
D24904,Copper Heights Software,Maya Chen,New,29615.19
D24905,Maple Bend Packaging,Marcus Bell,Qualified,109560.04
D24906,Sierra Park Telecom,Marcus Bell,Qualified,93791.44
D24907,Mesa Valley Logistics,Elena Cruz,Proposal,75218.28
D24908,Silver Lake Hospitality,Elena Cruz,New,128789.01
D24909,Maple Point Retail,Priya Shah,Proposal,61194.06
D24910,Redwood Heights Software,Lucas Reed,Closed Won,76095.01
D24911,Juniper Ridge Distribution,Maya Chen,Qualified,54213.24
D24912,Coral Point Hospitality,Marcus Bell,Closed Lost,107165.62
D24913,Orchard Valley Energy,Priya Shah,Qualified,173463.48
D24914,Orchard Ridge Construction,Jordan Ellis,Negotiation,115203.38
D24915,Harbor Point Manufacturing,Elena Cruz,Qualified,323862.68
D24916,Aspen Hill Retail,Jordan Ellis,Closed Won,54049.20
D24917,Aspen Crest Manufacturing,Elena Cruz,Proposal,171290.89
D24918,Laurel Grove Manufacturing,Elena Cruz,Qualified,113007.77
D24919,Orchard Hill Software,Owen Brooks,Closed Lost,79850.17
D24920,Redwood Bend Energy,Owen Brooks,Closed Won,177869.53
D24921,Laurel Point Construction,Priya Shah,New,114285.31
D24922,Maple Hill Construction,Lucas Reed,Proposal,89357.44
D24923,Sequoia Springs Consulting,Lucas Reed,New,41871.14
D24924,Sequoia Creek Manufacturing,Marcus Bell,Closed Won,229866.05
D24925,Laurel Hill Telecom,Owen Brooks,Closed Won,157394.17
D24926,Coral Park Construction,Priya Shah,Closed Won,57651.79
D24927,Prairie Crest Packaging,Priya Shah,Closed Won,85782.47
D24928,Harbor Crest Engineering,Priya Shah,Closed Lost,173323.97
D24929,Cypress Crest Foods,Marcus Bell,Negotiation,33493.88
D24930,Sterling Valley Hospitality,Owen Brooks,Proposal,92108.34
D24931,Sequoia Heights Engineering,Nora Patel,Closed Won,22290.81
D24932,Granite Lake Engineering,Priya Shah,New,138488.04
D24933,Coral Grove Construction,Owen Brooks,Proposal,178176.91
D24934,Laurel Heights Software,Elena Cruz,Negotiation,33104.55
D24935,Aspen Heights Telecom,Elena Cruz,New,140365.68
D24936,Prairie Lake Telecom,Priya Shah,Qualified,63206.36
D24937,Cedar Crest Manufacturing,Elena Cruz,Proposal,200751.50
D24938,Maple Heights Foods,Nora Patel,New,40662.99
D24939,Maple Hill Energy,Priya Shah,New,248690.77
D24940,Cypress Park Construction,Priya Shah,Negotiation,111244.60
D24941,Maple Heights Construction,Nora Patel,Closed Won,48625.03
D24942,Orchard Hill Software,Owen Brooks,Closed Won,46108.53
D24943,Willow Hill Construction,Priya Shah,Qualified,48495.11
D24944,Mesa Creek Dental,Maya Chen,Qualified,52010.06
D24945,Coral Bend Engineering,Marcus Bell,Closed Won,57956.21
D24946,Silver Springs Agriculture,Priya Shah,Negotiation,35684.20
D24947,Granite Lake Agriculture,Nora Patel,New,42721.37
D24948,Canyon Hill Logistics,Priya Shah,Negotiation,102061.62
D24949,Willow Hill Hospitality,Jordan Ellis,Closed Won,59876.12
D24950,Orchard Valley Distribution,Maya Chen,Negotiation,27398.88
D24951,Prairie Springs Energy,Elena Cruz,Proposal,47439.25
D24952,Aspen Heights Agriculture,Priya Shah,Closed Lost,28998.99
D24953,Granite Bend Foods,Nora Patel,Proposal,94687.10
D24954,Sterling Park Engineering,Jordan Ellis,Closed Lost,109686.27
D24955,Pine Hill Packaging,Priya Shah,New,63909.91
D24956,Alder Crest Software,Elena Cruz,Negotiation,130584.23
D24957,Mesa Heights Construction,Marcus Bell,Proposal,95813.66
D24958,Sequoia Grove Software,Marcus Bell,Closed Won,52471.37
D24959,Alder Point Manufacturing,Nora Patel,Proposal,62913.52
D24960,Granite Creek Medical,Lucas Reed,Proposal,74995.21
D24961,Orchard Point Manufacturing,Jordan Ellis,Closed Lost,319333.43
D24962,Cedar Creek Engineering,Elena Cruz,Qualified,132326.39
D24963,Harbor Springs Software,Owen Brooks,New,26410.42
D24964,Silver Bend Hospitality,Maya Chen,Qualified,34666.78
D24965,Cedar Lake Distribution,Elena Cruz,Closed Won,103845.82
D24966,Willow Creek Software,Lucas Reed,New,61243.70
D24967,Harbor Lake Packaging,Maya Chen,Proposal,102408.91
D24968,Prairie Springs Construction,Marcus Bell,Qualified,136348.40
D24969,Willow Crest Logistics,Maya Chen,Closed Won,72779.90
D24970,Juniper Park Consulting,Jordan Ellis,Negotiation,19378.21
D24971,Prairie Bend Engineering,Maya Chen,Closed Won,94876.52
D24972,Orchard Lake Software,Lucas Reed,Proposal,123119.94
D24973,Prairie Lake Retail,Priya Shah,New,37611.21
D24974,Cedar Lake Distribution,Elena Cruz,Closed Won,81846.62
D24975,Sierra Creek Retail,Jordan Ellis,Proposal,21080.90
D24976,Redwood Park Retail,Lucas Reed,Qualified,22721.65
D24977,Aspen Valley Software,Owen Brooks,Proposal,83546.66
D24978,Orchard Lake Foods,Lucas Reed,New,29951.48
D24979,Sequoia Crest Construction,Lucas Reed,Proposal,76307.99
D24980,Sterling Park Agriculture,Marcus Bell,Closed Won,35175.09
D24981,Granite Grove Engineering,Maya Chen,Proposal,188075.73
D24982,Coral Heights Foods,Maya Chen,New,20050.99
D24983,Granite Creek Medical,Lucas Reed,Closed Won,114651.11
D24984,Juniper Point Energy,Jordan Ellis,Proposal,159181.49
D24985,Sequoia Bend Engineering,Lucas Reed,Negotiation,61490.67
D24986,Copper Crest Dental,Priya Shah,Negotiation,32977.98
D24987,Cedar Ridge Dental,Priya Shah,Negotiation,9827.17
D24988,Prairie Valley Packaging,Nora Patel,Negotiation,96467.99
D24989,Sequoia Lake Consulting,Priya Shah,Qualified,54828.49
D24990,Harbor Ridge Packaging,Nora Patel,New,75013.32
D24991,Prairie Ridge Manufacturing,Lucas Reed,Negotiation,167360.43
D24992,Redwood Crest Distribution,Marcus Bell,Negotiation,73654.09
D24993,Sterling Crest Construction,Elena Cruz,Closed Lost,126077.44
D24994,Aspen Crest Packaging,Marcus Bell,Proposal,42015.30
D24995,Sequoia Point Logistics,Priya Shah,Closed Won,31495.41
D24996,Orchard Hill Software,Owen Brooks,New,39130.50
D24997,Cedar Ridge Energy,Elena Cruz,Proposal,281420.96
D24998,Harbor Creek Engineering,Lucas Reed,Qualified,53788.61
D24999,Silver Hill Consulting,Elena Cruz,Closed Lost,17542.04
D25000,Birch Creek Retail,Lucas Reed,Proposal,12191.75
D25001,Sierra Grove Telecom,Priya Shah,Closed Won,46557.13
D25002,Maple Heights Logistics,Elena Cruz,Closed Won,51497.21
D25003,Birch Valley Telecom,Nora Patel,Closed Won,246129.93
D25004,Granite Creek Manufacturing,Maya Chen,Qualified,278133.41
D25005,Harbor Springs Foods,Owen Brooks,New,41373.92
D25006,Willow Park Hospitality,Nora Patel,Closed Won,24197.75
D25007,Harbor Point Hospitality,Priya Shah,Qualified,20353.64
D25008,Sequoia Lake Foods,Owen Brooks,Negotiation,41089.95
D25009,Copper Heights Medical,Elena Cruz,New,45435.87
D25010,Pine Lake Software,Elena Cruz,New,123349.78
D25011,Sterling Creek Engineering,Marcus Bell,Closed Won,67788.89
D25012,Orchard Lake Telecom,Jordan Ellis,Proposal,61416.74
D25013,Cedar Heights Software,Nora Patel,Negotiation,136887.64
D25014,Cypress Lake Manufacturing,Priya Shah,Qualified,67273.16
D25015,Prairie Springs Software,Marcus Bell,Proposal,82570.64
D25016,Copper Valley Hospitality,Maya Chen,Qualified,42258.03
D25017,Redwood Grove Retail,Maya Chen,Proposal,23233.07
D25018,Sierra Point Medical,Owen Brooks,New,28614.33
D25019,Cypress Hill Retail,Lucas Reed,Proposal,41370.53
D25020,Redwood Springs Medical,Jordan Ellis,Closed Won,124343.60
D25021,Sierra Ridge Telecom,Priya Shah,New,122859.10
D25022,Silver Ridge Foods,Lucas Reed,Negotiation,49052.77
D25023,Maple Springs Agriculture,Elena Cruz,Qualified,36740.08
D25024,Coral Park Dental,Owen Brooks,Closed Won,10237.38
D25025,Laurel Lake Distribution,Priya Shah,Proposal,40635.54
D25026,Aspen Grove Medical,Jordan Ellis,Qualified,97372.70
D25027,Silver Heights Packaging,Nora Patel,New,28444.86
D25028,Maple Hill Agriculture,Owen Brooks,New,45543.13
D25029,Mesa Crest Software,Priya Shah,Negotiation,25887.45
D25030,Juniper Ridge Retail,Jordan Ellis,Closed Won,44589.45
D25031,Mesa Park Distribution,Elena Cruz,New,52400.12
D25032,Cypress Park Consulting,Marcus Bell,Qualified,30072.55
D25033,Redwood Park Retail,Lucas Reed,Proposal,48657.21
D25034,Summit Springs Retail,Nora Patel,Proposal,50148.24
D25035,Silver Bend Medical,Marcus Bell,Proposal,128479.48
D25036,Cedar Springs Logistics,Nora Patel,Closed Won,77347.11
D25037,Prairie Crest Medical,Elena Cruz,Closed Lost,30614.30
D25038,Harbor Point Construction,Lucas Reed,Closed Lost,52514.04
D25039,Summit Grove Consulting,Maya Chen,Proposal,23352.06
D25040,Willow Park Foods,Owen Brooks,New,88849.75
D25041,Alder Valley Dental,Marcus Bell,Negotiation,8945.88
D25042,Coral Crest Agriculture,Jordan Ellis,Closed Won,47837.01
D25043,Redwood Lake Distribution,Jordan Ellis,Negotiation,50996.02
D25044,Harbor Lake Manufacturing,Owen Brooks,Negotiation,147510.83
D25045,Cedar Grove Energy,Elena Cruz,Qualified,284571.72
D25046,Aspen Heights Distribution,Lucas Reed,Qualified,102116.43
D25047,Prairie Point Distribution,Nora Patel,Proposal,86696.76
D25048,Juniper Heights Engineering,Elena Cruz,Closed Lost,91571.32
D25049,Sequoia Point Hospitality,Lucas Reed,Closed Won,105296.21
D25050,Laurel Hill Construction,Jordan Ellis,New,119349.67
D25051,Mesa Bend Energy,Jordan Ellis,Negotiation,46233.19
D25052,Harbor Hill Agriculture,Nora Patel,Closed Won,77262.30
D25053,Juniper Park Foods,Nora Patel,Proposal,49641.12
D25054,Copper Ridge Dental,Elena Cruz,Proposal,57838.65
D25055,Orchard Valley Manufacturing,Elena Cruz,Negotiation,251699.51
D25056,Aspen Lake Distribution,Elena Cruz,Qualified,85065.39
D25057,Canyon Lake Logistics,Nora Patel,Closed Lost,87070.02
D25058,Cedar Bend Consulting,Nora Patel,Closed Won,13751.15
D25059,Aspen Ridge Construction,Marcus Bell,Proposal,92743.11
D25060,Granite Point Distribution,Elena Cruz,Proposal,192628.74
D25061,Laurel Heights Foods,Elena Cruz,Closed Won,73268.91
D25062,Alder Valley Medical,Elena Cruz,Closed Won,48885.40
D25063,Juniper Heights Software,Elena Cruz,Qualified,30119.01
D25064,Orchard Lake Consulting,Nora Patel,Qualified,77876.52
D25065,Cypress Park Manufacturing,Lucas Reed,Qualified,66550.57
D25066,Silver Springs Construction,Nora Patel,New,201380.04
D25067,Birch Hill Logistics,Priya Shah,Closed Won,64429.97
D25068,Granite Bend Logistics,Elena Cruz,Qualified,113160.25
D25069,Canyon Springs Distribution,Nora Patel,Proposal,108633.49
D25070,Summit Hill Agriculture,Owen Brooks,Negotiation,10314.18
D25071,Alder Lake Foods,Maya Chen,Qualified,60954.56
D25072,Juniper Creek Telecom,Maya Chen,Proposal,119181.44
D25073,Coral Lake Dental,Nora Patel,New,54994.01
D25074,Cypress Creek Software,Nora Patel,Qualified,86484.74
D25075,Sequoia Heights Software,Nora Patel,Proposal,146694.77
D25076,Cedar Lake Manufacturing,Maya Chen,Proposal,52821.61
D25077,Silver Valley Manufacturing,Nora Patel,Qualified,57174.81
D25078,Alder Ridge Energy,Marcus Bell,Closed Lost,70613.67
D25079,Copper Crest Medical,Jordan Ellis,Closed Won,136893.08
D25080,Granite Ridge Logistics,Nora Patel,Closed Won,34379.94
D25081,Summit Bend Engineering,Lucas Reed,Qualified,129875.27
D25082,Juniper Crest Foods,Jordan Ellis,Closed Won,34932.65
D25083,Harbor Bend Engineering,Priya Shah,Proposal,79269.18
D25084,Sterling Heights Agriculture,Lucas Reed,Proposal,70142.06
D25085,Granite Ridge Packaging,Priya Shah,Qualified,100689.06
D25086,Birch Point Construction,Marcus Bell,Qualified,105185.12
D25087,Cypress Creek Hospitality,Marcus Bell,Proposal,56316.88
D25088,Pine Grove Manufacturing,Lucas Reed,Closed Won,192218.58
D25089,Granite Hill Distribution,Lucas Reed,Proposal,50066.13
D25090,Cedar Hill Distribution,Maya Chen,Qualified,138320.18
D25091,Laurel Creek Logistics,Maya Chen,Closed Won,65417.03
D25092,Summit Hill Hospitality,Priya Shah,Closed Won,23345.73
D25093,Birch Lake Manufacturing,Jordan Ellis,New,215175.73
D25094,Orchard Crest Logistics,Marcus Bell,Qualified,64879.08
D25095,Summit Creek Manufacturing,Marcus Bell,Negotiation,125892.89
D25096,Aspen Creek Consulting,Owen Brooks,Qualified,36604.75
D25097,Canyon Creek Manufacturing,Nora Patel,Closed Lost,145121.31
D25098,Sierra Grove Manufacturing,Marcus Bell,Qualified,102505.32
D25099,Summit Park Distribution,Marcus Bell,Negotiation,36383.18
D25100,Summit Point Distribution,Jordan Ellis,Negotiation,85541.55
D25101,Orchard Valley Distribution,Maya Chen,Negotiation,161988.94
D25102,Copper Ridge Engineering,Owen Brooks,Negotiation,61842.82
D25103,Redwood Park Telecom,Lucas Reed,Qualified,164116.28
D25104,Orchard Point Distribution,Marcus Bell,Qualified,62572.28
D25105,Prairie Lake Energy,Lucas Reed,Proposal,49267.07
D25106,Alder Point Energy,Elena Cruz,Closed Won,152956.33
D25107,Aspen Valley Engineering,Owen Brooks,New,48636.06
D25108,Sequoia Point Agriculture,Maya Chen,Qualified,55933.73
D25109,Canyon Heights Medical,Lucas Reed,Proposal,232981.55
D25110,Maple Park Dental,Marcus Bell,Proposal,8736.19
D25111,Cypress Park Engineering,Priya Shah,Closed Won,174507.90
D25112,Sierra Park Retail,Marcus Bell,New,36170.01
D25113,Cedar Valley Foods,Owen Brooks,Negotiation,26192.91
D25114,Copper Lake Telecom,Owen Brooks,Qualified,169529.14
D25115,Cypress Lake Agriculture,Marcus Bell,Proposal,85867.83
D25116,Harbor Ridge Logistics,Priya Shah,Negotiation,88784.37
D25117,Silver Lake Energy,Elena Cruz,Negotiation,85048.29
D25118,Granite Park Software,Lucas Reed,Proposal,97521.55
D25119,Cypress Creek Consulting,Jordan Ellis,Closed Won,51166.70
D25120,Orchard Hill Software,Owen Brooks,Proposal,151447.58
D25121,Harbor Hill Distribution,Owen Brooks,Proposal,103890.78
D25122,Canyon Hill Energy,Lucas Reed,Proposal,225633.81
D25123,Juniper Bend Agriculture,Marcus Bell,Closed Lost,33909.01
D25124,Laurel Valley Hospitality,Elena Cruz,Closed Won,122144.95
D25125,Orchard Point Packaging,Priya Shah,New,127878.88
D25126,Granite Park Agriculture,Owen Brooks,Qualified,72379.76
D25127,Juniper Park Dental,Lucas Reed,Negotiation,24222.82
D25128,Juniper Point Consulting,Marcus Bell,Closed Won,25858.70
D25129,Coral Hill Hospitality,Elena Cruz,Qualified,76699.74
D25130,Sterling Ridge Engineering,Nora Patel,Proposal,135476.77
D25131,Mesa Valley Dental,Lucas Reed,Closed Lost,43545.46
D25132,Sequoia Creek Logistics,Priya Shah,New,23569.47
D25133,Prairie Crest Hospitality,Owen Brooks,Proposal,69319.44
D25134,Copper Crest Logistics,Lucas Reed,Negotiation,130250.79
D25135,Silver Park Consulting,Jordan Ellis,Negotiation,6997.13
D25136,Sterling Bend Software,Elena Cruz,Negotiation,32816.69
D25137,Redwood Heights Software,Lucas Reed,Proposal,34410.06
D25138,Sierra Hill Construction,Priya Shah,Negotiation,91514.89
D25139,Prairie Springs Retail,Lucas Reed,Proposal,47914.28
D25140,Laurel Point Dental,Owen Brooks,Qualified,28956.13
D25141,Copper Point Hospitality,Marcus Bell,New,65615.58
D25142,Prairie Creek Foods,Jordan Ellis,New,28979.79
D25143,Laurel Ridge Hospitality,Priya Shah,New,20839.69
D25144,Juniper Crest Software,Jordan Ellis,Proposal,156175.46
D25145,Redwood Point Engineering,Jordan Ellis,Proposal,160423.09
D25146,Granite Park Foods,Lucas Reed,Proposal,65635.00
D25147,Mesa Bend Distribution,Owen Brooks,Closed Lost,119184.29
D25148,Harbor Creek Software,Lucas Reed,Negotiation,88446.48
D25149,Sterling Heights Logistics,Marcus Bell,Qualified,27987.87
D25150,Harbor Lake Distribution,Lucas Reed,Proposal,50542.99
D25151,Cedar Heights Foods,Nora Patel,Qualified,9713.04
D25152,Copper Grove Agriculture,Lucas Reed,Qualified,133744.61
D25153,Willow Bend Packaging,Elena Cruz,Negotiation,139090.43
D25154,Laurel Bend Consulting,Elena Cruz,Qualified,71040.92
D25155,Aspen Ridge Telecom,Lucas Reed,Closed Won,77045.09
D25156,Copper Hill Energy,Elena Cruz,New,161570.33
D25157,Juniper Grove Software,Lucas Reed,Closed Won,114599.56
D25158,Birch Valley Distribution,Marcus Bell,Proposal,97400.83
D25159,Sterling Crest Telecom,Priya Shah,Negotiation,117887.93
D25160,Granite Lake Hospitality,Jordan Ellis,Negotiation,83494.88
D25161,Coral Crest Software,Marcus Bell,Proposal,40354.09
D25162,Orchard Crest Logistics,Marcus Bell,Proposal,59625.28
D25163,Laurel Point Software,Priya Shah,Qualified,83098.29
D25164,Willow Point Agriculture,Owen Brooks,Closed Lost,22929.58
D25165,Redwood Ridge Foods,Priya Shah,Proposal,35783.98
D25166,Silver Hill Hospitality,Maya Chen,Qualified,57304.61
D25167,Copper Bend Hospitality,Elena Cruz,Qualified,35828.67
D25168,Harbor Heights Engineering,Marcus Bell,New,194796.37
D25169,Juniper Creek Packaging,Elena Cruz,Proposal,68609.54
D25170,Redwood Lake Dental,Jordan Ellis,Closed Won,16224.02
D25171,Maple Springs Distribution,Marcus Bell,Closed Lost,167878.15
D25172,Mesa Heights Telecom,Lucas Reed,Negotiation,46338.30
D25173,Orchard Crest Energy,Nora Patel,Proposal,216550.73
D25174,Sequoia Hill Manufacturing,Elena Cruz,Qualified,82363.01
D25175,Orchard Hill Dental,Elena Cruz,New,21973.19
D25176,Sierra Hill Software,Priya Shah,Proposal,42655.19
D25177,Prairie Grove Medical,Nora Patel,Closed Won,148740.97
D25178,Summit Bend Retail,Jordan Ellis,Closed Won,50248.74
D25179,Sierra Park Retail,Marcus Bell,Closed Won,33187.53
D25180,Willow Point Energy,Priya Shah,Proposal,90683.63
D25181,Prairie Springs Telecom,Lucas Reed,Closed Won,79059.34
D25182,Canyon Ridge Telecom,Elena Cruz,Qualified,227278.91
D25183,Sequoia Ridge Consulting,Maya Chen,Proposal,25915.93
D25184,Pine Grove Distribution,Owen Brooks,Closed Won,48170.49
D25185,Granite Ridge Distribution,Marcus Bell,Proposal,119845.36
D25186,Juniper Creek Energy,Jordan Ellis,Closed Lost,91749.92
D25187,Sterling Point Engineering,Marcus Bell,Closed Lost,122727.06
D25188,Granite Grove Foods,Maya Chen,Proposal,72577.67
D25189,Copper Ridge Distribution,Elena Cruz,Negotiation,151636.77
D25190,Harbor Springs Energy,Nora Patel,Qualified,374671.93
D25191,Cedar Park Distribution,Marcus Bell,Qualified,150214.50
D25192,Redwood Crest Consulting,Lucas Reed,Qualified,82649.63
D25193,Harbor Heights Construction,Marcus Bell,Negotiation,101537.61
D25194,Juniper Bend Software,Jordan Ellis,Proposal,52157.32
D25195,Birch Heights Manufacturing,Maya Chen,New,243580.62
D25196,Laurel Park Packaging,Maya Chen,Negotiation,72881.20
D25197,Copper Crest Distribution,Priya Shah,Negotiation,36647.55
D25198,Sequoia Creek Consulting,Owen Brooks,Closed Won,23292.62
D25199,Sterling Creek Logistics,Lucas Reed,New,151702.23
D25200,Redwood Park Foods,Marcus Bell,Qualified,57158.42
D25201,Summit Ridge Construction,Marcus Bell,Closed Lost,82147.54
D25202,Redwood Crest Software,Maya Chen,Qualified,44128.79
D25203,Harbor Valley Engineering,Nora Patel,Closed Lost,44036.69
D25204,Laurel Lake Manufacturing,Nora Patel,Qualified,120898.82
D25205,Prairie Point Hospitality,Maya Chen,New,62503.24
D25206,Prairie Hill Agriculture,Elena Cruz,Closed Won,88107.35
D25207,Sterling Park Medical,Marcus Bell,New,70926.06
D25208,Pine Grove Software,Priya Shah,Qualified,63219.26
D25209,Silver Heights Retail,Priya Shah,Closed Won,23841.52
D25210,Alder Park Retail,Owen Brooks,New,18169.85
D25211,Birch Creek Distribution,Priya Shah,Qualified,71566.49
D25212,Willow Point Telecom,Jordan Ellis,New,54704.26
D25213,Cypress Park Energy,Jordan Ellis,Qualified,190422.28
D25214,Summit Valley Medical,Lucas Reed,Proposal,65035.12
D25215,Birch Grove Distribution,Lucas Reed,Qualified,107464.70
D25216,Maple Bend Consulting,Nora Patel,Qualified,10664.51
D25217,Harbor Lake Foods,Nora Patel,Qualified,24831.99
D25218,Harbor Heights Packaging,Owen Brooks,Proposal,31729.03
D25219,Copper Valley Software,Jordan Ellis,New,32788.14
D25220,Canyon Point Energy,Elena Cruz,Proposal,231837.63
D25221,Birch Ridge Packaging,Maya Chen,New,111943.55
D25222,Orchard Grove Consulting,Elena Cruz,Negotiation,11227.55
D25223,Aspen Valley Medical,Lucas Reed,New,211251.49
D25224,Coral Ridge Construction,Owen Brooks,Negotiation,165802.47
D25225,Prairie Grove Manufacturing,Lucas Reed,Proposal,96943.60
D25226,Coral Grove Agriculture,Lucas Reed,Qualified,16405.00
D25227,Mesa Ridge Distribution,Jordan Ellis,Qualified,55914.37
D25228,Coral Bend Packaging,Owen Brooks,Qualified,60582.53
D25229,Coral Creek Logistics,Elena Cruz,Closed Won,86603.02
D25230,Redwood Heights Telecom,Jordan Ellis,Qualified,125146.56
D25231,Sequoia Hill Distribution,Maya Chen,New,94756.84
D25232,Canyon Park Energy,Maya Chen,Proposal,80230.59
D25233,Orchard Grove Dental,Nora Patel,Closed Lost,20787.83
D25234,Summit Creek Logistics,Priya Shah,Negotiation,79798.62
D25235,Summit Hill Consulting,Nora Patel,Proposal,56505.23
D25236,Birch Point Packaging,Owen Brooks,Qualified,151587.05
D25237,Redwood Point Hospitality,Maya Chen,Qualified,36371.93
D25238,Canyon Bend Agriculture,Maya Chen,Proposal,49560.33
D25239,Copper Ridge Manufacturing,Maya Chen,Closed Lost,109370.32
D25240,Juniper Lake Telecom,Lucas Reed,Qualified,81663.79
D25241,Canyon Hill Construction,Elena Cruz,New,122754.41
D25242,Aspen Valley Telecom,Marcus Bell,New,81284.79
D25243,Cypress Ridge Manufacturing,Maya Chen,New,295026.65
D25244,Redwood Lake Foods,Elena Cruz,Proposal,41755.80
D25245,Granite Grove Construction,Maya Chen,Closed Lost,85565.90
D25246,Coral Bend Dental,Priya Shah,Closed Lost,17773.37
D25247,Granite Hill Agriculture,Priya Shah,Qualified,62131.12
D25248,Sterling Park Engineering,Jordan Ellis,Negotiation,113354.04
D25249,Cedar Hill Manufacturing,Elena Cruz,Closed Lost,232086.65
D25250,Sierra Park Dental,Elena Cruz,Proposal,40045.84
D25251,Alder Valley Manufacturing,Jordan Ellis,Proposal,66035.57
D25252,Alder Springs Medical,Marcus Bell,Proposal,96199.11
D25253,Coral Park Logistics,Maya Chen,Negotiation,164500.20
D25254,Copper Park Software,Priya Shah,New,121425.61
D25255,Mesa Heights Agriculture,Jordan Ellis,Closed Lost,37231.69
D25256,Redwood Park Engineering,Marcus Bell,Proposal,139533.56
D25257,Aspen Springs Manufacturing,Jordan Ellis,Qualified,236075.67
D25258,Cypress Hill Retail,Lucas Reed,New,40691.02
D25259,Cedar Point Telecom,Priya Shah,Qualified,62859.54
D25260,Laurel Heights Hospitality,Lucas Reed,Closed Lost,61104.27
D25261,Redwood Ridge Packaging,Elena Cruz,Proposal,128771.23
D25262,Laurel Hill Engineering,Jordan Ellis,Negotiation,50515.62
D25263,Birch Springs Manufacturing,Priya Shah,New,259542.74
D25264,Prairie Creek Manufacturing,Priya Shah,Closed Lost,139044.23
D25265,Summit Hill Engineering,Lucas Reed,New,102796.35
D25266,Maple Crest Telecom,Jordan Ellis,Qualified,25765.92
D25267,Cypress Point Retail,Elena Cruz,Negotiation,57493.39
D25268,Sierra Crest Packaging,Elena Cruz,New,27817.19
D25269,Cypress Creek Distribution,Lucas Reed,New,48215.13
D25270,Pine Hill Medical,Elena Cruz,Proposal,142728.65
D25271,Birch Valley Medical,Elena Cruz,Closed Won,151249.29
D25272,Aspen Crest Packaging,Marcus Bell,Proposal,25346.24
D25273,Redwood Valley Hospitality,Lucas Reed,Proposal,80589.47
D25274,Birch Point Software,Marcus Bell,New,51393.92
D25275,Aspen Ridge Agriculture,Jordan Ellis,New,72293.33
D25276,Sierra Heights Packaging,Owen Brooks,Negotiation,84339.77
D25277,Summit Park Consulting,Lucas Reed,Qualified,16263.27
D25278,Mesa Point Software,Lucas Reed,Proposal,149718.59
D25279,Sterling Lake Hospitality,Owen Brooks,New,124866.23
D25280,Redwood Ridge Consulting,Marcus Bell,Qualified,24872.52
D25281,Juniper Park Software,Nora Patel,Closed Won,60669.34
D25282,Redwood Ridge Distribution,Owen Brooks,Proposal,94530.76
D25283,Cypress Crest Energy,Elena Cruz,Closed Lost,113062.79
D25284,Sierra Creek Hospitality,Priya Shah,Proposal,55156.82
D25285,Sierra Park Hospitality,Nora Patel,Negotiation,27391.97
D25286,Prairie Valley Consulting,Owen Brooks,Proposal,42461.71
D25287,Birch Point Energy,Elena Cruz,Closed Won,41249.38
D25288,Pine Hill Distribution,Marcus Bell,Negotiation,35180.89
D25289,Mesa Bend Logistics,Maya Chen,Proposal,53872.13
D25290,Aspen Creek Hospitality,Lucas Reed,Closed Lost,30367.35
D25291,Copper Point Retail,Elena Cruz,Proposal,21212.89
D25292,Birch Creek Software,Marcus Bell,Qualified,83120.81
D25293,Prairie Bend Engineering,Maya Chen,Negotiation,39777.75
D25294,Sierra Crest Construction,Priya Shah,Closed Lost,74989.65
D25295,Cedar Creek Foods,Elena Cruz,New,58970.30
D25296,Harbor Grove Engineering,Elena Cruz,Closed Won,68410.43
D25297,Sterling Hill Manufacturing,Marcus Bell,Proposal,194228.36
D25298,Willow Bend Medical,Nora Patel,Qualified,52747.94
D25299,Canyon Point Manufacturing,Nora Patel,Proposal,195288.96
D25300,Silver Point Medical,Nora Patel,Proposal,187383.58
D25301,Cedar Springs Foods,Maya Chen,Qualified,96838.92
D25302,Willow Grove Software,Elena Cruz,Negotiation,9926.27
D25303,Redwood Point Logistics,Owen Brooks,Negotiation,108123.64
D25304,Silver Park Manufacturing,Owen Brooks,Proposal,134642.41
D25305,Sierra Point Hospitality,Priya Shah,Closed Won,85170.74
D25306,Prairie Ridge Engineering,Priya Shah,Closed Won,219946.02
D25307,Mesa Point Packaging,Marcus Bell,Proposal,50693.96
D25308,Alder Crest Telecom,Priya Shah,Negotiation,34086.75
D25309,Pine Springs Software,Marcus Bell,Negotiation,64916.77
D25310,Sterling Grove Manufacturing,Owen Brooks,Closed Won,100206.59
D25311,Birch Lake Telecom,Nora Patel,Closed Lost,187479.11
D25312,Sterling Valley Energy,Owen Brooks,Closed Won,83612.88
D25313,Alder Ridge Dental,Lucas Reed,Proposal,51409.10
D25314,Copper Hill Dental,Priya Shah,New,20704.09
D25315,Prairie Ridge Packaging,Elena Cruz,New,78316.70
D25316,Cypress Bend Telecom,Lucas Reed,Closed Won,37871.20
D25317,Laurel Point Engineering,Priya Shah,Closed Won,61463.55
D25318,Sterling Lake Dental,Marcus Bell,Qualified,16786.66
D25319,Cedar Grove Engineering,Marcus Bell,Closed Won,207903.02
D25320,Alder Bend Medical,Maya Chen,New,79440.29
D25321,Birch Heights Foods,Owen Brooks,Closed Lost,66357.59
D25322,Orchard Springs Packaging,Nora Patel,Closed Won,32682.47
D25323,Maple Hill Telecom,Jordan Ellis,Closed Won,139450.89
D25324,Juniper Springs Construction,Nora Patel,Negotiation,82161.05
D25325,Harbor Grove Software,Elena Cruz,Negotiation,44664.18
D25326,Silver Creek Agriculture,Nora Patel,Closed Won,38325.56
D25327,Summit Park Telecom,Nora Patel,Negotiation,162540.08
D25328,Summit Crest Software,Lucas Reed,Closed Lost,101442.35
D25329,Birch Valley Dental,Marcus Bell,Negotiation,42397.10
D25330,Cedar Ridge Hospitality,Elena Cruz,Qualified,26651.94
D25331,Orchard Ridge Retail,Owen Brooks,Qualified,51328.81
D25332,Silver Hill Packaging,Lucas Reed,Closed Lost,21356.98
D25333,Pine Lake Packaging,Nora Patel,Proposal,40745.09
D25334,Cedar Point Foods,Elena Cruz,Proposal,35984.50
D25335,Mesa Ridge Distribution,Jordan Ellis,Proposal,38139.76
D25336,Redwood Springs Construction,Marcus Bell,Proposal,68660.72
D25337,Willow Lake Consulting,Jordan Ellis,Closed Won,66211.20
D25338,Coral Valley Dental,Nora Patel,Qualified,24925.02
D25339,Sequoia Lake Foods,Owen Brooks,Closed Won,39707.65
D25340,Aspen Crest Foods,Lucas Reed,Closed Won,18664.92
D25341,Coral Crest Logistics,Lucas Reed,Closed Won,20829.47
D25342,Canyon Ridge Manufacturing,Owen Brooks,Proposal,183827.25
D25343,Copper Hill Hospitality,Elena Cruz,Negotiation,47402.37
D25344,Birch Hill Engineering,Elena Cruz,Proposal,32884.29
D25345,Maple Ridge Medical,Jordan Ellis,Proposal,106125.63
D25346,Mesa Park Medical,Lucas Reed,New,27313.11
D25347,Pine Ridge Packaging,Elena Cruz,New,50322.94
D25348,Aspen Bend Medical,Owen Brooks,Closed Won,119045.50
D25349,Redwood Springs Dental,Priya Shah,Qualified,6367.88
D25350,Prairie Grove Logistics,Maya Chen,Closed Lost,59277.95
D25351,Copper Springs Logistics,Maya Chen,Qualified,22985.83
D25352,Pine Hill Dental,Marcus Bell,Closed Won,16188.38
D25353,Juniper Valley Medical,Jordan Ellis,Negotiation,112074.22
D25354,Granite Point Distribution,Elena Cruz,Qualified,63449.65
D25355,Mesa Bend Agriculture,Nora Patel,Qualified,147245.03
D25356,Cypress Ridge Software,Owen Brooks,New,73190.59
D25357,Cedar Bend Logistics,Jordan Ellis,Closed Won,42208.82
D25358,Canyon Valley Distribution,Marcus Bell,Closed Won,27293.52
D25359,Laurel Bend Retail,Owen Brooks,Proposal,20518.13
D25360,Willow Springs Dental,Elena Cruz,Proposal,33495.26
D25361,Redwood Bend Software,Maya Chen,Closed Lost,46714.31
D25362,Juniper Park Software,Nora Patel,Qualified,71717.59
D25363,Silver Bend Packaging,Lucas Reed,Proposal,69858.95
D25364,Coral Point Foods,Nora Patel,Proposal,31003.56
D25365,Orchard Crest Software,Owen Brooks,Negotiation,47572.83
D25366,Maple Heights Software,Nora Patel,Proposal,99883.81
D25367,Orchard Point Energy,Owen Brooks,Proposal,134713.87
D25368,Prairie Bend Energy,Owen Brooks,New,254723.03
D25369,Juniper Point Packaging,Elena Cruz,Proposal,77980.52
D25370,Silver Point Consulting,Marcus Bell,Closed Won,31717.60
D25371,Mesa Hill Logistics,Maya Chen,Closed Won,38622.46
D25372,Cedar Point Logistics,Priya Shah,Qualified,47186.67
D25373,Cedar Bend Engineering,Lucas Reed,Negotiation,214836.97
D25374,Mesa Ridge Medical,Maya Chen,Negotiation,133304.93
D25375,Mesa Heights Logistics,Lucas Reed,Closed Won,52198.04
D25376,Aspen Point Engineering,Elena Cruz,Qualified,99499.03
D25377,Granite Lake Distribution,Owen Brooks,Qualified,104441.66
D25378,Sterling Grove Retail,Elena Cruz,Negotiation,60643.20
D25379,Harbor Hill Packaging,Elena Cruz,Negotiation,100732.42
D25380,Cypress Valley Medical,Marcus Bell,Negotiation,58261.60
D25381,Sequoia Park Distribution,Marcus Bell,Negotiation,85646.16
D25382,Laurel Springs Manufacturing,Owen Brooks,Closed Lost,134670.93
D25383,Canyon Crest Engineering,Elena Cruz,New,49408.82
D25384,Prairie Crest Consulting,Lucas Reed,Closed Won,16738.37
D25385,Canyon Lake Engineering,Maya Chen,Negotiation,105239.61
D25386,Sterling Creek Foods,Marcus Bell,Qualified,77247.92
D25387,Coral Creek Packaging,Maya Chen,Proposal,43507.18
D25388,Birch Grove Dental,Lucas Reed,Proposal,24930.34
D25389,Harbor Point Software,Lucas Reed,Qualified,161526.60
D25390,Sterling Valley Engineering,Maya Chen,Closed Won,42695.10
D25391,Granite Bend Agriculture,Priya Shah,Proposal,36206.29
D25392,Orchard Ridge Engineering,Jordan Ellis,Qualified,79181.12
D25393,Summit Park Dental,Marcus Bell,Negotiation,12152.96
D25394,Sierra Grove Dental,Jordan Ellis,Closed Won,36691.85
D25395,Cedar Point Hospitality,Lucas Reed,New,90655.53
D25396,Alder Crest Retail,Priya Shah,Negotiation,12535.24
D25397,Aspen Bend Consulting,Nora Patel,Proposal,33773.45
D25398,Copper Point Agriculture,Priya Shah,Negotiation,44299.76
D25399,Coral Grove Manufacturing,Maya Chen,Closed Lost,141450.14
D25400,Juniper Point Logistics,Maya Chen,Proposal,32111.75
D25401,Cypress Hill Manufacturing,Nora Patel,Qualified,84002.44
D25402,Prairie Heights Telecom,Jordan Ellis,New,186767.45
D25403,Juniper Lake Engineering,Marcus Bell,Negotiation,150638.59
D25404,Canyon Park Engineering,Jordan Ellis,Closed Won,40623.13
D25405,Cypress Valley Foods,Jordan Ellis,Qualified,20256.71
D25406,Silver Springs Telecom,Elena Cruz,Closed Lost,33027.95
D25407,Prairie Bend Energy,Owen Brooks,Negotiation,152134.09
D25408,Cypress Point Agriculture,Priya Shah,Proposal,62958.49
D25409,Copper Hill Telecom,Lucas Reed,Closed Won,224237.42
D25410,Sterling Valley Dental,Marcus Bell,Negotiation,29571.27
D25411,Prairie Point Manufacturing,Priya Shah,Proposal,163788.23
D25412,Canyon Lake Packaging,Priya Shah,Qualified,63716.51
D25413,Coral Hill Consulting,Maya Chen,New,44418.13
D25414,Copper Creek Foods,Nora Patel,Qualified,102538.21
D25415,Aspen Crest Engineering,Lucas Reed,Qualified,161032.77
D25416,Aspen Creek Consulting,Owen Brooks,Qualified,72344.69
D25417,Sterling Bend Consulting,Owen Brooks,Proposal,36568.23
D25418,Harbor Bend Distribution,Owen Brooks,Qualified,36227.91
D25419,Orchard Creek Energy,Owen Brooks,Closed Won,116352.78
D25420,Granite Grove Telecom,Nora Patel,Qualified,97105.14
D25421,Harbor Valley Medical,Priya Shah,Closed Won,34407.39
D25422,Sequoia Hill Distribution,Maya Chen,New,133738.60
D25423,Orchard Valley Foods,Lucas Reed,Qualified,52257.07
D25424,Laurel Grove Logistics,Jordan Ellis,Proposal,107891.61
D25425,Juniper Ridge Packaging,Marcus Bell,Qualified,22604.11
D25426,Cypress Crest Hospitality,Elena Cruz,Negotiation,60514.54
D25427,Birch Crest Hospitality,Lucas Reed,Negotiation,28979.50
D25428,Redwood Park Engineering,Marcus Bell,Negotiation,143653.07
D25429,Granite Point Packaging,Jordan Ellis,Proposal,41852.08
D25430,Cedar Springs Dental,Marcus Bell,Negotiation,16551.39
D25431,Canyon Lake Telecom,Nora Patel,Closed Won,102180.02
D25432,Harbor Heights Engineering,Marcus Bell,Qualified,194979.34
D25433,Silver Lake Engineering,Marcus Bell,Proposal,37275.20
D25434,Sierra Valley Distribution,Lucas Reed,Closed Won,26727.62
D25435,Coral Grove Consulting,Priya Shah,Qualified,35311.85
D25436,Summit Point Telecom,Priya Shah,Proposal,135725.97
D25437,Sierra Point Manufacturing,Elena Cruz,Proposal,187796.21
D25438,Aspen Crest Consulting,Nora Patel,Proposal,26533.27
D25439,Redwood Point Telecom,Owen Brooks,New,107966.48
D25440,Juniper Lake Agriculture,Jordan Ellis,Closed Won,125047.38
D25441,Sterling Bend Logistics,Priya Shah,Closed Lost,52839.07
D25442,Laurel Bend Hospitality,Maya Chen,Proposal,24126.96
D25443,Granite Springs Hospitality,Priya Shah,Qualified,34368.79
D25444,Birch Crest Construction,Elena Cruz,New,67478.60
D25445,Laurel Springs Engineering,Nora Patel,Qualified,189650.97
D25446,Maple Bend Energy,Priya Shah,Negotiation,144011.76
D25447,Willow Valley Packaging,Maya Chen,Qualified,116493.02
D25448,Cedar Grove Software,Marcus Bell,Closed Won,96432.75
D25449,Sterling Grove Packaging,Maya Chen,Closed Won,28387.57
D25450,Silver Valley Dental,Priya Shah,Closed Won,13375.91
D25451,Alder Springs Medical,Marcus Bell,Proposal,113155.42
D25452,Sierra Park Manufacturing,Maya Chen,Qualified,258626.04
D25453,Maple Bend Telecom,Jordan Ellis,Negotiation,119642.09
D25454,Coral Bend Dental,Priya Shah,Proposal,48747.11
D25455,Silver Park Manufacturing,Owen Brooks,Closed Won,45921.31
D25456,Pine Crest Manufacturing,Jordan Ellis,New,294996.52
D25457,Coral Creek Consulting,Jordan Ellis,Closed Lost,70447.75
D25458,Summit Bend Retail,Jordan Ellis,New,38740.32
D25459,Maple Crest Logistics,Jordan Ellis,Closed Lost,65788.28
D25460,Birch Point Manufacturing,Nora Patel,Qualified,114160.96
D25461,Alder Creek Energy,Elena Cruz,New,273531.99
D25462,Laurel Park Packaging,Maya Chen,Negotiation,64693.20
D25463,Sequoia Lake Hospitality,Nora Patel,Proposal,34074.48
D25464,Silver Crest Construction,Jordan Ellis,Proposal,47458.56
D25465,Willow Heights Energy,Elena Cruz,Proposal,179131.23
D25466,Alder Bend Packaging,Nora Patel,New,13614.44
D25467,Pine Hill Distribution,Marcus Bell,Negotiation,93401.32
D25468,Maple Grove Foods,Marcus Bell,Closed Won,61939.87
D25469,Alder Valley Medical,Elena Cruz,New,157783.73
D25470,Coral Lake Retail,Owen Brooks,Negotiation,23014.56
D25471,Sequoia Creek Distribution,Jordan Ellis,New,49849.01
D25472,Juniper Ridge Foods,Lucas Reed,Proposal,49803.43
D25473,Harbor Creek Engineering,Lucas Reed,Proposal,196243.66
D25474,Copper Point Engineering,Nora Patel,Closed Won,103906.03
D25475,Cedar Grove Foods,Marcus Bell,Qualified,50046.39
D25476,Prairie Ridge Engineering,Priya Shah,New,99977.87
D25477,Cedar Hill Construction,Lucas Reed,Qualified,41995.27
D25478,Cypress Heights Logistics,Nora Patel,Closed Won,37893.47
D25479,Cedar Park Logistics,Nora Patel,Proposal,91114.23
D25480,Pine Ridge Agriculture,Nora Patel,Qualified,85371.70
D25481,Sterling Crest Energy,Lucas Reed,Proposal,121052.36
D25482,Redwood Heights Foods,Lucas Reed,Closed Lost,33863.07
D25483,Prairie Park Construction,Marcus Bell,Closed Won,232010.08
D25484,Alder Springs Engineering,Jordan Ellis,New,74487.55
D25485,Sequoia Lake Distribution,Elena Cruz,Closed Lost,115646.84
D25486,Laurel Springs Foods,Nora Patel,Qualified,28383.43
D25487,Coral Point Telecom,Elena Cruz,Proposal,61006.48
D25488,Alder Point Consulting,Maya Chen,New,68286.85
D25489,Granite Crest Manufacturing,Owen Brooks,Qualified,112243.62
D25490,Willow Crest Software,Priya Shah,Proposal,54226.98
D25491,Juniper Bend Foods,Jordan Ellis,Closed Lost,56406.48
D25492,Maple Point Telecom,Priya Shah,Closed Won,134540.31
D25493,Sequoia Heights Retail,Elena Cruz,Negotiation,50453.95
D25494,Willow Lake Foods,Nora Patel,Negotiation,30159.82
D25495,Copper Crest Construction,Marcus Bell,Qualified,52941.95
D25496,Redwood Crest Logistics,Nora Patel,New,82747.39
D25497,Juniper Valley Engineering,Marcus Bell,Closed Lost,82973.22
D25498,Orchard Grove Consulting,Elena Cruz,Proposal,8254.48
D25499,Prairie Creek Telecom,Owen Brooks,Negotiation,76427.18
D25500,Granite Springs Hospitality,Priya Shah,Qualified,45481.88
D25501,Willow Grove Energy,Lucas Reed,Proposal,226122.51
D25502,Laurel Point Telecom,Maya Chen,Proposal,218319.42
D25503,Prairie Lake Construction,Elena Cruz,Closed Lost,163680.68
D25504,Sterling Grove Construction,Nora Patel,Closed Won,162231.99
D25505,Aspen Park Foods,Maya Chen,Proposal,10185.97
D25506,Orchard Ridge Dental,Nora Patel,Qualified,12355.46
D25507,Juniper Crest Packaging,Lucas Reed,Negotiation,75565.58
D25508,Juniper Lake Hospitality,Elena Cruz,Qualified,52580.66
D25509,Mesa Heights Medical,Jordan Ellis,Negotiation,144656.59
D25510,Sequoia Lake Logistics,Marcus Bell,Negotiation,86950.58
D25511,Canyon Lake Medical,Elena Cruz,Negotiation,151597.43
D25512,Silver Ridge Packaging,Marcus Bell,Negotiation,94754.91
D25513,Cedar Crest Energy,Priya Shah,Proposal,120014.00
D25514,Juniper Crest Medical,Marcus Bell,Proposal,91675.72
D25515,Cedar Heights Logistics,Elena Cruz,Closed Won,42012.93
D25516,Harbor Creek Software,Lucas Reed,Closed Won,97144.87
D25517,Prairie Park Distribution,Priya Shah,New,115583.77
D25518,Coral Point Logistics,Elena Cruz,Qualified,59341.91
D25519,Copper Hill Distribution,Priya Shah,Negotiation,157914.98
D25520,Summit Ridge Software,Marcus Bell,Closed Lost,28010.79
D25521,Sequoia Hill Hospitality,Priya Shah,Negotiation,74647.52
D25522,Pine Creek Hospitality,Maya Chen,Qualified,87166.84
D25523,Summit Bend Construction,Lucas Reed,New,224405.72
D25524,Summit Valley Energy,Nora Patel,Proposal,120471.40
D25525,Birch Crest Construction,Elena Cruz,Negotiation,130721.01
D25526,Canyon Park Construction,Jordan Ellis,Negotiation,166929.08
D25527,Mesa Point Software,Lucas Reed,Closed Won,95136.78
D25528,Coral Creek Software,Nora Patel,Negotiation,60531.75
D25529,Birch Springs Retail,Owen Brooks,Proposal,21534.70
D25530,Willow Creek Packaging,Marcus Bell,Negotiation,32454.77
D25531,Sterling Point Engineering,Marcus Bell,Proposal,204308.02
D25532,Willow Ridge Medical,Maya Chen,Closed Won,85727.92
D25533,Cypress Bend Foods,Marcus Bell,Qualified,26917.40
D25534,Maple Ridge Manufacturing,Nora Patel,Closed Won,130452.38
D25535,Laurel Hill Distribution,Nora Patel,New,46340.90
D25536,Mesa Hill Hospitality,Jordan Ellis,Closed Lost,102491.90
D25537,Willow Lake Construction,Nora Patel,Proposal,109745.03
D25538,Copper Creek Manufacturing,Owen Brooks,Qualified,314944.31
D25539,Birch Crest Agriculture,Maya Chen,Negotiation,54450.91
D25540,Silver Hill Agriculture,Marcus Bell,Qualified,53235.04
D25541,Aspen Hill Retail,Jordan Ellis,Closed Won,83005.55
D25542,Alder Grove Medical,Priya Shah,New,188129.22
D25543,Canyon Crest Energy,Lucas Reed,Negotiation,143315.18
D25544,Sierra Bend Engineering,Priya Shah,New,90518.89
D25545,Alder Crest Logistics,Priya Shah,Qualified,47447.78
D25546,Birch Bend Engineering,Elena Cruz,Qualified,109125.87
D25547,Harbor Springs Packaging,Jordan Ellis,Closed Lost,100778.63
D25548,Copper Lake Retail,Owen Brooks,New,43828.14
D25549,Coral Grove Dental,Elena Cruz,Closed Won,27842.52
D25550,Summit Valley Engineering,Owen Brooks,Qualified,73476.93
D25551,Cypress Creek Dental,Lucas Reed,New,52217.32
D25552,Copper Springs Logistics,Maya Chen,Negotiation,89892.00
D25553,Aspen Grove Construction,Marcus Bell,Qualified,83770.45
D25554,Aspen Heights Manufacturing,Owen Brooks,Proposal,261841.13
D25555,Pine Creek Hospitality,Maya Chen,Negotiation,44789.39
D25556,Canyon Ridge Consulting,Jordan Ellis,Proposal,17904.84
D25557,Laurel Bend Dental,Nora Patel,Closed Won,32051.82
D25558,Prairie Point Distribution,Nora Patel,Closed Won,130353.06
D25559,Mesa Ridge Hospitality,Lucas Reed,Negotiation,137759.58
D25560,Laurel Ridge Foods,Lucas Reed,Qualified,69337.43
D25561,Mesa Lake Dental,Lucas Reed,Proposal,22387.54
D25562,Orchard Bend Engineering,Owen Brooks,Proposal,27815.03
D25563,Pine Bend Software,Maya Chen,Qualified,105926.61
D25564,Silver Park Agriculture,Priya Shah,Closed Lost,10686.21
D25565,Juniper Bend Dental,Nora Patel,New,48483.58
D25566,Cedar Springs Construction,Maya Chen,Qualified,30382.28
D25567,Orchard Bend Foods,Owen Brooks,Qualified,108059.96
D25568,Cypress Point Retail,Elena Cruz,Qualified,46196.68
D25569,Orchard Bend Construction,Owen Brooks,Closed Lost,14631.10
D25570,Granite Lake Agriculture,Nora Patel,Closed Lost,68644.03
D25571,Sterling Ridge Construction,Nora Patel,Negotiation,20061.73
D25572,Granite Valley Retail,Maya Chen,Closed Lost,42965.49
D25573,Harbor Bend Logistics,Maya Chen,New,16417.16
D25574,Summit Bend Consulting,Nora Patel,Proposal,35343.31
D25575,Pine Hill Hospitality,Owen Brooks,Proposal,131753.06
D25576,Redwood Bend Engineering,Maya Chen,Closed Lost,93687.62
D25577,Juniper Springs Hospitality,Marcus Bell,Proposal,53244.54
D25578,Sierra Springs Construction,Owen Brooks,Negotiation,52904.85
D25579,Copper Park Retail,Maya Chen,New,47101.73
D25580,Juniper Crest Retail,Owen Brooks,Qualified,16075.98
D25581,Summit Lake Agriculture,Lucas Reed,Closed Won,72269.39
D25582,Birch Point Energy,Elena Cruz,New,172082.53
D25583,Alder Heights Packaging,Jordan Ellis,Proposal,94404.64
D25584,Copper Bend Hospitality,Elena Cruz,Proposal,17742.37
D25585,Sterling Lake Hospitality,Owen Brooks,Closed Lost,31167.93
D25586,Birch Crest Agriculture,Maya Chen,Negotiation,85576.65
D25587,Aspen Point Retail,Priya Shah,Closed Won,68554.86
D25588,Orchard Lake Retail,Jordan Ellis,Closed Won,47407.98
D25589,Willow Heights Engineering,Marcus Bell,Closed Won,93674.11
D25590,Prairie Lake Telecom,Priya Shah,Proposal,172656.95
D25591,Mesa Heights Agriculture,Jordan Ellis,Closed Won,93667.13
D25592,Sterling Bend Packaging,Nora Patel,New,20432.83
D25593,Willow Hill Software,Priya Shah,New,163661.28
D25594,Canyon Hill Distribution,Jordan Ellis,Qualified,17917.56
D25595,Canyon Hill Logistics,Priya Shah,Negotiation,43325.06
D25596,Willow Bend Engineering,Priya Shah,Proposal,109605.67
D25597,Sterling Crest Packaging,Nora Patel,Proposal,68935.62
D25598,Harbor Ridge Foods,Elena Cruz,Proposal,65492.32
D25599,Juniper Ridge Medical,Owen Brooks,Proposal,98685.22
D25600,Pine Hill Construction,Maya Chen,Closed Lost,92553.39
D25601,Prairie Bend Manufacturing,Jordan Ellis,New,165956.74
D25602,Maple Crest Dental,Maya Chen,Closed Won,31703.55
D25603,Laurel Springs Hospitality,Marcus Bell,Proposal,67066.72
D25604,Silver Creek Software,Priya Shah,Negotiation,153221.43
D25605,Birch Crest Logistics,Priya Shah,Negotiation,43957.75
D25606,Copper Crest Consulting,Maya Chen,New,27862.98
D25607,Summit Grove Software,Marcus Bell,Qualified,74990.55
D25608,Copper Bend Software,Marcus Bell,Qualified,91620.45
D25609,Cedar Valley Distribution,Elena Cruz,Closed Lost,60952.65
D25610,Sierra Grove Consulting,Owen Brooks,Negotiation,49834.71
D25611,Summit Hill Manufacturing,Elena Cruz,Closed Won,57419.74
D25612,Prairie Creek Retail,Owen Brooks,Proposal,41926.28
D25613,Sequoia Crest Software,Lucas Reed,Closed Won,50494.04
D25614,Copper Lake Dental,Nora Patel,Negotiation,61639.48
D25615,Birch Valley Software,Maya Chen,New,14383.27
D25616,Cedar Springs Foods,Maya Chen,New,20532.02
D25617,Summit Springs Energy,Owen Brooks,Proposal,36101.83
D25618,Sequoia Grove Dental,Priya Shah,Closed Won,27235.78
D25619,Orchard Valley Manufacturing,Elena Cruz,Negotiation,55551.48
D25620,Orchard Point Dental,Marcus Bell,Negotiation,18364.95
D25621,Maple Hill Software,Lucas Reed,Qualified,24700.73
D25622,Willow Hill Engineering,Priya Shah,Proposal,89802.40
D25623,Canyon Ridge Hospitality,Marcus Bell,Proposal,131221.65
D25624,Canyon Lake Software,Maya Chen,Closed Won,76291.03
D25625,Sierra Heights Packaging,Owen Brooks,Qualified,59943.72
D25626,Granite Lake Distribution,Owen Brooks,Closed Lost,108697.92
D25627,Alder Bend Agriculture,Maya Chen,Qualified,100329.99
D25628,Redwood Bend Energy,Owen Brooks,Closed Lost,183828.07
D25629,Silver Bend Manufacturing,Priya Shah,Proposal,135534.11
D25630,Juniper Creek Packaging,Elena Cruz,Closed Lost,112252.38
D25631,Prairie Grove Agriculture,Nora Patel,New,122750.60
D25632,Copper Valley Telecom,Owen Brooks,Qualified,111728.55
D25633,Sterling Hill Agriculture,Maya Chen,Closed Won,41349.36
D25634,Granite Valley Packaging,Elena Cruz,Proposal,112616.97
D25635,Juniper Heights Manufacturing,Marcus Bell,Closed Won,257622.56
D25636,Sterling Lake Hospitality,Owen Brooks,Qualified,33991.53
D25637,Coral Grove Software,Owen Brooks,Proposal,20700.88
D25638,Summit Grove Agriculture,Jordan Ellis,New,68622.75
D25639,Birch Ridge Telecom,Elena Cruz,New,36910.24
D25640,Granite Point Energy,Nora Patel,New,250660.15
D25641,Cedar Grove Distribution,Priya Shah,Qualified,190855.68
D25642,Summit Lake Medical,Lucas Reed,Closed Lost,45031.41
D25643,Canyon Heights Hospitality,Nora Patel,Closed Won,52556.05
D25644,Aspen Valley Consulting,Priya Shah,New,49246.79
D25645,Redwood Springs Energy,Elena Cruz,New,76171.56
D25646,Cedar Bend Consulting,Nora Patel,New,13519.09
D25647,Sierra Point Manufacturing,Elena Cruz,Closed Lost,102126.21
D25648,Summit Creek Medical,Maya Chen,Proposal,84403.28
D25649,Orchard Bend Dental,Elena Cruz,Proposal,46290.70
D25650,Orchard Lake Agriculture,Owen Brooks,Proposal,18467.37
D25651,Pine Creek Energy,Maya Chen,Qualified,230537.33
D25652,Birch Grove Medical,Priya Shah,Closed Lost,76228.81
D25653,Granite Creek Telecom,Marcus Bell,Closed Won,113014.04
D25654,Maple Grove Construction,Marcus Bell,Closed Won,43865.80
D25655,Redwood Grove Engineering,Priya Shah,Qualified,120559.08
D25656,Sterling Crest Hospitality,Lucas Reed,New,37153.16
D25657,Cedar Grove Logistics,Lucas Reed,Closed Lost,99227.25
D25658,Laurel Creek Engineering,Priya Shah,Proposal,168496.35
D25659,Summit Bend Packaging,Marcus Bell,Proposal,112109.39
D25660,Aspen Bend Hospitality,Priya Shah,Proposal,17654.34
D25661,Silver Point Foods,Priya Shah,Proposal,91655.22
D25662,Willow Park Consulting,Priya Shah,Negotiation,21626.24
D25663,Canyon Bend Foods,Elena Cruz,Closed Lost,57999.27
D25664,Aspen Valley Telecom,Marcus Bell,Qualified,135135.74
D25665,Aspen Park Dental,Marcus Bell,Negotiation,29586.25
D25666,Maple Bend Medical,Owen Brooks,New,185992.53
D25667,Orchard Heights Distribution,Owen Brooks,Negotiation,20534.63
D25668,Cedar Crest Foods,Lucas Reed,Qualified,21479.84
D25669,Aspen Valley Construction,Owen Brooks,Qualified,73912.76
D25670,Coral Crest Medical,Jordan Ellis,Proposal,58261.43
D25671,Copper Lake Dental,Nora Patel,Closed Lost,17968.94
D25672,Sterling Lake Packaging,Priya Shah,Qualified,55832.31
D25673,Alder Park Medical,Marcus Bell,Closed Won,144277.29
D25674,Sequoia Lake Consulting,Priya Shah,Qualified,21009.35
D25675,Aspen Bend Retail,Jordan Ellis,Negotiation,39669.34
D25676,Prairie Springs Dental,Priya Shah,Negotiation,46122.71
D25677,Orchard Crest Hospitality,Nora Patel,Qualified,24874.90
D25678,Laurel Hill Retail,Owen Brooks,Closed Won,36098.62
D25679,Birch Lake Telecom,Nora Patel,Proposal,147003.37
D25680,Cypress Grove Software,Owen Brooks,Closed Lost,14574.89
D25681,Cypress Bend Construction,Marcus Bell,Qualified,36046.56
D25682,Cypress Creek Energy,Marcus Bell,Closed Lost,80761.64
D25683,Sierra Springs Construction,Owen Brooks,Qualified,84766.44
D25684,Coral Hill Medical,Jordan Ellis,Proposal,72828.54
D25685,Maple Point Packaging,Nora Patel,Qualified,42289.49
D25686,Aspen Lake Consulting,Priya Shah,Closed Won,16582.85
D25687,Orchard Springs Hospitality,Lucas Reed,Qualified,47441.68
D25688,Cedar Bend Hospitality,Priya Shah,Closed Lost,58750.99
D25689,Aspen Hill Engineering,Lucas Reed,Proposal,72982.98
D25690,Pine Point Engineering,Jordan Ellis,Proposal,159901.21
D25691,Coral Springs Software,Priya Shah,Negotiation,74492.13
D25692,Coral Grove Consulting,Priya Shah,Negotiation,34877.68
D25693,Cedar Lake Agriculture,Lucas Reed,Proposal,59188.23
D25694,Summit Valley Medical,Lucas Reed,New,193508.46
D25695,Sierra Point Medical,Owen Brooks,Closed Won,141398.73
D25696,Sierra Lake Hospitality,Marcus Bell,Closed Lost,31692.80
D25697,Silver Lake Dental,Priya Shah,New,27314.05
D25698,Copper Hill Manufacturing,Nora Patel,Qualified,235465.18
D25699,Pine Valley Hospitality,Lucas Reed,Proposal,39413.69
D25700,Willow Bend Packaging,Elena Cruz,Closed Lost,34996.93
D25701,Juniper Valley Hospitality,Elena Cruz,Negotiation,120493.96
D25702,Granite Bend Medical,Priya Shah,Closed Won,77144.41
D25703,Cedar Valley Medical,Lucas Reed,Proposal,82351.56
D25704,Redwood Hill Agriculture,Elena Cruz,Negotiation,125812.23
D25705,Sequoia Hill Dental,Maya Chen,Proposal,17141.92
D25706,Aspen Heights Distribution,Lucas Reed,Proposal,94392.94
D25707,Summit Hill Telecom,Jordan Ellis,Closed Won,156127.96
D25708,Pine Springs Distribution,Priya Shah,Closed Won,48301.90
D25709,Maple Park Construction,Maya Chen,Negotiation,31230.02
D25710,Coral Heights Manufacturing,Jordan Ellis,New,104041.43
D25711,Prairie Springs Distribution,Priya Shah,Negotiation,28604.90
D25712,Maple Lake Retail,Marcus Bell,Closed Won,80671.55
D25713,Alder Point Agriculture,Jordan Ellis,Negotiation,35092.31
D25714,Orchard Heights Agriculture,Nora Patel,Qualified,34522.46
D25715,Mesa Lake Telecom,Elena Cruz,New,160846.13
D25716,Canyon Valley Agriculture,Elena Cruz,New,129842.38
D25717,Canyon Valley Agriculture,Elena Cruz,Qualified,45941.85
D25718,Coral Lake Engineering,Jordan Ellis,Negotiation,159160.04
D25719,Copper Hill Energy,Elena Cruz,Closed Lost,373260.33
D25720,Copper Springs Engineering,Priya Shah,New,168586.60
D25721,Aspen Ridge Manufacturing,Nora Patel,New,122998.12
D25722,Birch Bend Medical,Maya Chen,Negotiation,117805.81
D25723,Harbor Point Consulting,Nora Patel,Negotiation,54891.07
D25724,Laurel Lake Logistics,Lucas Reed,Closed Lost,71209.37
D25725,Granite Point Telecom,Marcus Bell,Proposal,31189.29
D25726,Canyon Park Logistics,Owen Brooks,Proposal,31717.12
D25727,Silver Lake Hospitality,Elena Cruz,Negotiation,74360.72
D25728,Willow Hill Retail,Maya Chen,Qualified,38654.40
D25729,Cypress Crest Energy,Elena Cruz,New,126258.74
D25730,Prairie Ridge Engineering,Priya Shah,Qualified,168787.26
D25731,Pine Bend Hospitality,Owen Brooks,Negotiation,126618.77
D25732,Sequoia Valley Distribution,Elena Cruz,Closed Won,65200.81
D25733,Sequoia Hill Foods,Lucas Reed,Closed Lost,70103.19
D25734,Maple Hill Foods,Lucas Reed,New,20132.66
D25735,Mesa Grove Energy,Lucas Reed,Qualified,159046.66
D25736,Sterling Point Manufacturing,Nora Patel,Negotiation,134952.07
D25737,Cedar Valley Construction,Owen Brooks,Proposal,113102.73
D25738,Juniper Point Consulting,Marcus Bell,New,31755.26
D25739,Sterling Springs Retail,Owen Brooks,Closed Lost,29096.29
D25740,Sierra Park Agriculture,Lucas Reed,Qualified,55651.45
D25741,Copper Bend Foods,Marcus Bell,Proposal,22661.29
D25742,Aspen Springs Hospitality,Owen Brooks,Proposal,90752.23
D25743,Willow Ridge Energy,Lucas Reed,Closed Won,66687.36
D25744,Mesa Grove Agriculture,Maya Chen,Qualified,9484.18
D25745,Juniper Lake Logistics,Lucas Reed,Qualified,77746.13
D25746,Silver Bend Retail,Owen Brooks,Qualified,47126.46
D25747,Aspen Hill Logistics,Jordan Ellis,New,155751.25
D25748,Laurel Lake Hospitality,Elena Cruz,Negotiation,17109.53
D25749,Redwood Lake Energy,Lucas Reed,Negotiation,43498.15
D25750,Laurel Grove Foods,Lucas Reed,Proposal,40533.02
D25751,Silver Crest Dental,Nora Patel,Proposal,36914.70
D25752,Alder Bend Dental,Jordan Ellis,Proposal,4020.73
D25753,Summit Valley Dental,Elena Cruz,Negotiation,34321.26
D25754,Summit Creek Logistics,Priya Shah,Qualified,103850.88
D25755,Prairie Valley Consulting,Owen Brooks,Negotiation,31658.94
D25756,Willow Springs Medical,Lucas Reed,Negotiation,112573.67
D25757,Coral Park Telecom,Maya Chen,Qualified,106213.78
D25758,Sequoia Bend Energy,Priya Shah,Qualified,95662.04
D25759,Summit Crest Hospitality,Priya Shah,Closed Lost,30389.28
D25760,Canyon Springs Telecom,Owen Brooks,Qualified,69865.96
D25761,Sequoia Springs Foods,Maya Chen,Proposal,84078.96
D25762,Silver Bend Retail,Owen Brooks,Qualified,54140.53
D25763,Harbor Bend Retail,Maya Chen,Closed Won,57811.43
D25764,Copper Lake Hospitality,Maya Chen,Negotiation,93248.77
D25765,Pine Point Packaging,Lucas Reed,Closed Lost,51794.05
D25766,Pine Heights Hospitality,Priya Shah,Qualified,29579.04
D25767,Maple Creek Manufacturing,Marcus Bell,Qualified,56728.09
D25768,Birch Crest Engineering,Elena Cruz,Closed Won,187427.74
D25769,Willow Springs Retail,Marcus Bell,Proposal,21660.01
D25770,Pine Heights Engineering,Lucas Reed,New,109126.99
D25771,Silver Grove Engineering,Lucas Reed,Closed Won,157008.48
D25772,Birch Springs Energy,Maya Chen,Qualified,139821.76
D25773,Aspen Park Packaging,Priya Shah,Proposal,50245.27
D25774,Prairie Grove Manufacturing,Lucas Reed,Closed Lost,127631.71
D25775,Coral Ridge Construction,Owen Brooks,New,24540.80
D25776,Harbor Springs Foods,Owen Brooks,Proposal,37532.89
D25777,Redwood Heights Retail,Jordan Ellis,Qualified,20731.43
D25778,Orchard Crest Software,Owen Brooks,Proposal,73915.24
D25779,Sequoia Crest Foods,Lucas Reed,New,45468.52
D25780,Sequoia Crest Software,Lucas Reed,Closed Won,37822.04
D25781,Coral Ridge Distribution,Elena Cruz,Negotiation,73444.86
D25782,Alder Springs Telecom,Owen Brooks,Qualified,66604.25
D25783,Sequoia Creek Packaging,Nora Patel,Negotiation,28396.04
D25784,Sequoia Heights Dental,Lucas Reed,Negotiation,14289.15
D25785,Juniper Springs Software,Nora Patel,Qualified,135939.81
D25786,Sierra Ridge Engineering,Elena Cruz,New,138821.66
D25787,Granite Heights Medical,Marcus Bell,Proposal,49900.46
D25788,Willow Springs Packaging,Jordan Ellis,Proposal,34816.23
D25789,Orchard Heights Foods,Priya Shah,Closed Won,52972.21
D25790,Maple Valley Hospitality,Nora Patel,Negotiation,24742.09
D25791,Pine Springs Construction,Marcus Bell,Closed Won,42175.06
D25792,Cedar Grove Hospitality,Elena Cruz,Proposal,20374.91
D25793,Coral Heights Retail,Nora Patel,Closed Won,79524.37
D25794,Pine Hill Engineering,Maya Chen,New,81573.84
D25795,Willow Hill Consulting,Marcus Bell,Proposal,10800.90
D25796,Orchard Park Medical,Maya Chen,Proposal,143936.87
D25797,Alder Lake Agriculture,Elena Cruz,Qualified,52057.02
D25798,Sequoia Valley Construction,Owen Brooks,Qualified,123678.91
D25799,Redwood Heights Packaging,Marcus Bell,Qualified,32484.10
D25800,Sequoia Point Logistics,Priya Shah,Proposal,126830.78
D25801,Mesa Lake Consulting,Jordan Ellis,Negotiation,18806.43
D25802,Sierra Valley Energy,Marcus Bell,Closed Won,232356.69
D25803,Laurel Grove Packaging,Marcus Bell,Proposal,71377.28
D25804,Canyon Park Hospitality,Maya Chen,Negotiation,89271.41
D25805,Orchard Park Consulting,Owen Brooks,Negotiation,49558.72
D25806,Alder Ridge Telecom,Elena Cruz,Closed Won,148973.42
D25807,Summit Hill Consulting,Nora Patel,Qualified,31985.28
D25808,Pine Grove Packaging,Elena Cruz,Negotiation,67128.73
D25809,Sterling Park Manufacturing,Priya Shah,Closed Won,110110.40
D25810,Cypress Springs Distribution,Owen Brooks,Proposal,120980.82
D25811,Willow Grove Hospitality,Lucas Reed,New,115255.48
D25812,Silver Valley Consulting,Maya Chen,Proposal,46280.02
D25813,Juniper Springs Manufacturing,Owen Brooks,Qualified,136085.62
D25814,Silver Creek Dental,Owen Brooks,Negotiation,20568.07
D25815,Prairie Valley Engineering,Elena Cruz,Closed Won,130396.23
D25816,Granite Point Medical,Lucas Reed,Proposal,100373.59
D25817,Granite Springs Retail,Jordan Ellis,Closed Won,13606.68
D25818,Coral Crest Logistics,Lucas Reed,Negotiation,67379.52
D25819,Alder Lake Dental,Marcus Bell,New,53751.39
D25820,Harbor Bend Engineering,Priya Shah,New,34550.57
D25821,Prairie Creek Engineering,Jordan Ellis,Qualified,51109.60
D25822,Prairie Creek Consulting,Elena Cruz,New,22800.63
D25823,Sterling Hill Logistics,Priya Shah,Closed Won,84912.52
D25824,Silver Bend Software,Jordan Ellis,Proposal,88609.12
D25825,Pine Grove Software,Priya Shah,Negotiation,53173.29
D25826,Silver Valley Dental,Priya Shah,Closed Lost,16580.46
D25827,Harbor Ridge Medical,Maya Chen,Closed Lost,72525.93
D25828,Orchard Point Engineering,Maya Chen,Closed Lost,98908.24
D25829,Birch Heights Telecom,Marcus Bell,Closed Won,149645.78
D25830,Cypress Point Packaging,Maya Chen,Closed Won,59115.96
D25831,Sierra Heights Medical,Jordan Ellis,New,40762.79
D25832,Prairie Heights Construction,Lucas Reed,Qualified,200035.68
D25833,Aspen Springs Manufacturing,Jordan Ellis,Closed Won,183062.39
D25834,Mesa Heights Medical,Jordan Ellis,Negotiation,155513.03
D25835,Aspen Springs Dental,Marcus Bell,Closed Won,14604.42
D25836,Harbor Heights Energy,Elena Cruz,New,96439.13
D25837,Cypress Hill Construction,Marcus Bell,Closed Won,49151.65
D25838,Orchard Point Engineering,Maya Chen,New,235116.97
D25839,Cedar Creek Consulting,Owen Brooks,Proposal,76833.71
D25840,Cypress Valley Medical,Marcus Bell,New,179930.94
D25841,Laurel Bend Hospitality,Maya Chen,New,72604.90
D25842,Coral Hill Retail,Lucas Reed,Closed Lost,37194.14
D25843,Cedar Lake Dental,Elena Cruz,Closed Won,8001.25
D25844,Cypress Heights Engineering,Maya Chen,New,49641.52
D25845,Sierra Heights Energy,Elena Cruz,Negotiation,77245.00
D25846,Sequoia Ridge Telecom,Lucas Reed,Negotiation,51020.56
D25847,Summit Point Packaging,Nora Patel,Proposal,57587.01
D25848,Cedar Creek Hospitality,Lucas Reed,Proposal,26728.77
D25849,Maple Hill Agriculture,Owen Brooks,Qualified,136975.00
D25850,Prairie Valley Packaging,Nora Patel,New,35115.63
D25851,Juniper Lake Retail,Lucas Reed,Qualified,10086.89
D25852,Willow Hill Agriculture,Nora Patel,Qualified,143191.90
D25853,Orchard Valley Engineering,Lucas Reed,Negotiation,142773.79
D25854,Laurel Springs Logistics,Elena Cruz,Closed Won,94037.33
D25855,Sierra Springs Construction,Owen Brooks,Negotiation,118945.36
D25856,Cypress Ridge Packaging,Jordan Ellis,Closed Won,35829.70
D25857,Coral Heights Engineering,Maya Chen,New,71297.56
D25858,Sterling Springs Agriculture,Marcus Bell,Closed Won,55943.41
D25859,Sequoia Lake Retail,Marcus Bell,Closed Won,48488.15
D25860,Granite Springs Medical,Owen Brooks,Proposal,191706.79
D25861,Birch Ridge Energy,Marcus Bell,Qualified,376261.08
D25862,Redwood Grove Dental,Owen Brooks,Proposal,56610.88
D25863,Laurel Hill Engineering,Jordan Ellis,Proposal,138540.29
D25864,Copper Park Hospitality,Jordan Ellis,Qualified,73933.11
D25865,Alder Grove Logistics,Elena Cruz,New,73623.62
D25866,Laurel Heights Consulting,Owen Brooks,New,28265.35
D25867,Alder Point Retail,Lucas Reed,Proposal,44048.27
D25868,Aspen Creek Dental,Jordan Ellis,New,15686.94
D25869,Alder Point Logistics,Lucas Reed,Qualified,39714.31
D25870,Birch Hill Agriculture,Maya Chen,Closed Won,82133.55
D25871,Cedar Ridge Consulting,Maya Chen,Qualified,25236.56
D25872,Redwood Hill Medical,Elena Cruz,Qualified,220982.43
D25873,Birch Lake Hospitality,Owen Brooks,Qualified,101719.55
D25874,Sterling Heights Foods,Owen Brooks,Proposal,69849.87
D25875,Orchard Park Medical,Maya Chen,Proposal,79446.21
D25876,Sterling Grove Foods,Nora Patel,Qualified,47185.40
D25877,Harbor Valley Distribution,Lucas Reed,Closed Lost,102642.99
D25878,Sierra Lake Medical,Priya Shah,New,83561.21
D25879,Silver Lake Agriculture,Jordan Ellis,New,81663.50
D25880,Sierra Valley Construction,Nora Patel,Proposal,62057.34
D25881,Laurel Springs Foods,Nora Patel,New,48687.23
D25882,Pine Valley Distribution,Jordan Ellis,Closed Won,83883.03
D25883,Willow Creek Manufacturing,Elena Cruz,New,140203.04
D25884,Silver Lake Hospitality,Elena Cruz,New,31543.92
D25885,Sierra Hill Consulting,Marcus Bell,Closed Won,18187.73
D25886,Harbor Hill Retail,Maya Chen,Negotiation,92965.47
D25887,Copper Springs Dental,Owen Brooks,Closed Won,59614.54
D25888,Redwood Ridge Engineering,Priya Shah,Negotiation,35156.98
D25889,Canyon Point Packaging,Owen Brooks,Closed Lost,70270.41
D25890,Laurel Lake Foods,Marcus Bell,Proposal,32582.23
D25891,Mesa Bend Foods,Priya Shah,Proposal,45984.39
D25892,Sterling Bend Hospitality,Lucas Reed,Closed Won,96156.69
D25893,Sierra Hill Packaging,Elena Cruz,Qualified,42682.66
D25894,Sequoia Crest Engineering,Lucas Reed,Proposal,51713.39
D25895,Sierra Hill Software,Priya Shah,Qualified,63367.66
D25896,Laurel Crest Construction,Jordan Ellis,Closed Won,57894.38
D25897,Sterling Park Construction,Jordan Ellis,Closed Won,82550.29
D25898,Aspen Ridge Agriculture,Jordan Ellis,Negotiation,56657.10
D25899,Silver Grove Hospitality,Priya Shah,New,70808.31
D25900,Pine Grove Retail,Maya Chen,Closed Won,18097.14
D25901,Granite Point Telecom,Marcus Bell,Proposal,145328.71
D25902,Sterling Park Dental,Nora Patel,New,28027.51
D25903,Sequoia Creek Software,Elena Cruz,Proposal,62975.27
D25904,Summit Springs Dental,Marcus Bell,Qualified,52521.70
D25905,Alder Bend Consulting,Owen Brooks,Closed Won,46793.88
D25906,Harbor Lake Distribution,Lucas Reed,Closed Lost,37244.60
D25907,Silver Grove Dental,Maya Chen,Closed Won,34467.77
D25908,Willow Hill Agriculture,Nora Patel,Closed Lost,118843.78
D25909,Willow Heights Telecom,Lucas Reed,Proposal,194816.43
D25910,Summit Heights Hospitality,Marcus Bell,Qualified,46863.15
D25911,Sterling Park Packaging,Lucas Reed,Negotiation,87838.53
D25912,Sterling Crest Telecom,Priya Shah,Closed Won,67801.24
D25913,Juniper Point Packaging,Elena Cruz,Proposal,70215.14
D25914,Laurel Lake Agriculture,Jordan Ellis,New,60635.77
D25915,Sterling Point Retail,Lucas Reed,Qualified,24792.11
D25916,Juniper Lake Foods,Marcus Bell,Closed Won,95327.22
D25917,Cypress Grove Telecom,Marcus Bell,Closed Won,173816.74
D25918,Granite Park Packaging,Marcus Bell,Proposal,86477.45
D25919,Coral Grove Logistics,Marcus Bell,Proposal,88111.83
D25920,Coral Park Engineering,Priya Shah,Closed Won,167658.31
D25921,Birch Point Packaging,Owen Brooks,New,59298.23
D25922,Laurel Valley Software,Marcus Bell,New,83623.98
D25923,Sequoia Point Logistics,Priya Shah,Negotiation,105670.93
D25924,Prairie Hill Distribution,Marcus Bell,Qualified,55191.04
D25925,Harbor Valley Manufacturing,Owen Brooks,Proposal,326323.44
D25926,Orchard Bend Dental,Elena Cruz,New,3740.51
